epoch,fitness
0,1159.0023985161768
1,585.6788257965264
2,581.1601436118401
3,571.2166320163041
4,547.2500860360531
5,538.493851896102
6,518.162291531632
7,518.117041787837
8,518.117041787837
9,517.8999901706807
10,517.8999901706807
11,517.8999901706807
12,517.8999901706807
13,508.4868266232281
14,508.4868266232281
15,508.4868266232281
16,508.4868266232281
17,508.4868266232281
18,508.4868266232281
19,508.4868266232281
20,508.4868266232281
21,508.4868266232281
22,508.4868266232281
23,508.4868266232281
24,508.4868266232281
25,508.4868266232281
26,508.4868266232281
27,508.4868266232281
28,508.4868266232281
29,508.4868266232281
30,508.4868266232281
31,508.4868266232281
32,508.4868266232281
33,508.4868266232281
34,508.4868266232281
35,508.4868266232281
36,508.4868266232281
37,508.4868266232281
38,508.4868266232281
39,508.4868266232281
40,508.4868266232281
41,508.4868266232281
42,508.4868266232281
43,508.4868266232281
44,508.4868266232281
45,508.4868266232281
46,508.4868266232281
47,508.4868266232281
48,508.4868266232281
49,508.4868266232281
50,508.4868266232281
51,508.4868266232281
52,508.4868266232281
53,508.4868266232281
54,508.4868266232281
55,508.4868266232281
56,508.4868266232281
57,508.4868266232281
58,508.4868266232281
59,508.4868266232281
60,508.4868266232281
61,508.4868266232281
62,508.4868266232281
63,508.4868266232281
64,508.4868266232281
65,508.4868266232281
66,508.4868266232281
67,508.4868266232281
68,508.4868266232281
69,508.4868266232281
70,508.4868266232281
71,508.4868266232281
72,508.4868266232281
73,508.4868266232281
74,508.4868266232281
75,508.4868266232281
76,508.4868266232281
77,508.4868266232281
78,508.4868266232281
79,508.4868266232281
80,508.4868266232281
81,508.4868266232281
82,508.4868266232281
83,508.4868266232281
84,508.4868266232281
85,508.4868266232281
86,508.4868266232281
87,508.4868266232281
88,508.4868266232281
89,508.4868266232281
90,508.4868266232281
91,508.4868266232281
92,508.4868266232281
