epoch,fitness
0,275.46041776421833
1,184.43343585100075
2,149.01692420242384
3,149.01692420242384
4,147.50991465185012
5,146.02832466211262
6,145.50375420210173
7,144.57544855499435
8,143.3799446122605
9,142.13029673812878
10,141.48875688301428
11,139.84215761436792
12,139.24285377718235
13,138.33188897218523
14,138.33188897218523
15,138.33188897218523
16,138.26003230828908
17,137.42726357531885
18,137.31642906563968
19,137.06886625165913
20,136.507027885905
21,136.507027885905
22,135.65720044065446
23,135.41785306693913
24,135.41193158730485
25,135.05948065534014
26,135.05948065534014
27,134.91302388511477
28,134.53082201644273
29,134.3526956204601
30,134.3526956204601
31,134.3526956204601
32,134.32748465970081
33,134.03199238250053
34,134.03199238250053
35,133.71862656510362
36,133.5893970033623
37,133.5893970033623
38,133.5893970033623
39,132.58541107271148
40,132.58541107271148
41,132.4561815285512
42,132.16312212167202
43,131.95229426386595
44,131.4080303606205
45,130.9680645208253
46,130.64602397227546
47,130.5214988771173
48,130.5214988771173
49,130.5214988771173
50,130.5214988771173
51,130.45120913395868
52,130.45120913395868
53,130.45120913395868
54,130.45120913395868
55,129.79796365309
56,129.79796365309
57,129.79796365309
58,129.79796365309
59,129.79796365309
60,129.79737179943706
61,129.79737179943706
62,129.79737179943706
63,129.79737179943706
64,129.75722796677573
