epoch,fitness
0,1579.4410514347908
1,1102.2469598301693
2,749.7766214927007
3,744.9189595633555
4,734.7938084794824
5,734.7938084794824
6,734.7938084794824
7,729.6612999294626
8,729.6612999294626
9,728.3992698263644
10,727.0697381899038
11,727.0697381899038
12,726.8663141587714
13,723.3141403414021
14,723.3141403414021
15,723.3141403414021
16,723.3141403414021
17,723.2984283470203
18,723.0779105789945
19,722.4140261501141
20,722.4140261501141
21,722.4140261501141
22,721.6779333721225
23,721.6779333721225
24,718.6752502356567
25,718.6752502356567
26,718.6752502356567
27,718.6752502356567
28,718.6752502356567
29,718.6752502356567
30,718.3571107272654
31,717.5038709819214
32,717.4796025540511
33,717.4796025540511
34,717.2512473670479
35,717.2512473670479
36,716.0940053701989
37,716.0378606922661
38,716.0378606922661
39,716.0378606922661
40,716.0378606922661
41,715.3622257733228
42,715.3622257733228
43,715.3622257733228
44,715.1679680288852
45,714.4739528299497
46,714.4739528299497
47,714.3403938456406
48,714.1624736214743
49,713.4682070699002
50,710.9015579663447
