epoch,fitness
0,128.17581572053695
1,104.50941347056515
2,104.50941347056515
3,104.50941347056515
4,104.50941347056515
5,104.50941347056515
6,94.9241877386643
7,92.8457027991209
8,91.35970746951455
9,91.35970746951455
10,91.35970746951455
11,91.35970746951455
12,89.75947148788784
13,89.75947148788784
14,89.75947148788784
15,89.75947148788784
16,89.75947148788784
17,89.75947148788784
18,89.75947148788784
19,89.75947148788784
20,89.6106578509181
21,89.6106578509181
22,89.6106578509181
23,89.6106578509181
24,89.6106578509181
25,89.6106578509181
26,89.6106578509181
27,89.6106578509181
28,89.22226879398796
29,89.22226879398796
30,89.22226879398796
31,89.22226879398796
32,89.22226879398796
33,89.22226879398796
34,89.22226879398796
35,89.22226879398796
36,89.22226879398796
37,89.22226879398796
38,89.22226879398796
39,89.22226879398796
40,89.22226879398796
41,89.22226879398796
42,89.22226879398796
43,89.22226879398796
44,89.22226879398796
45,89.19936596537318
46,89.19936596537318
47,89.18461150500232
48,88.19484396427269
49,88.19484396427269
50,88.19484396427269
51,88.19484396427269
52,88.19484396427269
53,88.19484396427269
54,88.19484396427269
55,88.13347464837054
56,88.13347464837054
57,88.13347464837054
58,88.13347464837054
59,87.97803579453245
60,87.97803579453245
61,87.97803579453245
62,87.97803579453245
63,87.97803579453245
64,87.97803579453245
65,87.97803579453245
66,87.97803579453245
67,87.97803579453245
68,87.97803579453245
69,87.97803579453245
