epoch,fitness
0,109.34244735430285
1,109.34244735430285
2,108.88228616170252
3,108.88228616170252
4,108.52868622382437
5,107.8593737710256
6,107.8593737710256
7,106.0647210629832
8,106.0647210629832
9,106.0647210629832
10,106.0647210629832
11,106.0647210629832
12,98.52865471727345
13,95.32320495506922
14,95.32320495506922
15,91.0528992780338
16,91.0528992780338
17,91.0528992780338
18,91.0528992780338
19,91.0528992780338
20,91.0528992780338
21,91.0528992780338
22,91.0528992780338
23,91.0528992780338
24,91.0528992780338
25,90.90104207845773
26,90.90104207845773
27,90.90104207845773
28,90.80659406976736
29,90.80659406976736
30,90.80659406976736
31,90.80659406976736
32,90.80659406976736
33,90.80659406976736
34,90.80659406976736
35,90.80659406976736
36,90.80659406976736
37,90.80659406976736
38,90.80659406976736
39,90.63590184060006
40,90.55731141970416
41,90.55731141970416
42,90.55731141970416
43,90.55731141970416
44,90.55731141970416
45,90.55731141970416
46,90.55731141970416
47,89.67694379853411
48,89.66668305466176
49,89.66668305466176
50,89.66668305466176
51,89.66668305466176
52,89.66668305466176
53,89.66668305466176
54,89.66668305466176
55,89.66668305466176
56,89.66668305466176
57,89.66668305466176
58,89.66668305466176
59,89.66668305466176
60,89.66668305466176
61,89.66668305466176
62,89.66668305466176
63,89.66668305466176
64,89.6622533177663
65,89.62922395085158
66,89.62922395085158
67,89.62922395085158
68,89.62922395085158
69,89.62922395085158
70,89.62922395085158
71,89.62922395085158
72,89.62922395085158
73,89.62922395085158
74,89.62922395085158
75,89.62922395085158
76,89.62922395085158
77,89.62922395085158
78,89.62922395085158
79,89.62922395085158
80,89.62922395085158
81,89.62922395085158
82,89.62922395085158
83,89.62922395085158
84,89.62922395085158
85,89.62922395085158
86,89.62922395085158
87,89.62922395085158
88,89.62922395085158
89,89.62922395085158
90,89.62922395085158
