epoch,fitness
0,412.75580971586135
1,340.8031298604164
2,220.86919892424473
3,215.9798428392035
4,215.15040172311362
5,210.12954288910356
6,210.12954288910356
7,210.03339346475173
8,209.76724478134543
9,209.76724478134543
10,209.49731831662277
11,209.2643510252789
12,209.2643510252789
13,209.2643510252789
14,209.2643510252789
15,209.2643510252789
16,209.2643510252789
17,208.13016629832097
18,208.13016629832097
19,206.27248681901142
20,204.66128864383674
21,204.09256937313273
22,202.85832165319633
23,202.85832165319633
24,202.0378142053243
25,200.0754514300006
26,197.77312411875124
27,194.26530196692693
28,194.26530196692693
29,194.19817498981573
30,194.17296609776716
31,193.33250524067216
32,192.9000884912769
33,192.9000884912769
34,192.72039025887977
35,192.72039025887977
36,192.2593213105706
37,192.2593213105706
38,191.17885092411487
39,191.07501265685622
40,191.07501265685622
41,190.1907216815325
42,190.1907216815325
43,190.1907216815325
44,190.1907216815325
45,188.64306023532046
46,188.64306023532046
47,188.5503256308642
48,188.5503256308642
49,187.40212411811123
50,187.40212411811123
51,186.0674919435516
52,185.82503812169142
53,185.82503812169142
54,184.91350637584986
55,184.91350637584986
56,184.8453610625747
57,184.76076803229867
58,184.76076803229867
59,184.2411817106623
60,184.2411817106623
61,184.10887603444027
62,184.04813779152425
63,183.68076698500172
64,183.28459583574568
