epoch,fitness
0,496.91430979583214
1,441.281605910486
2,441.281605910486
3,441.281605910486
4,426.6033787668535
5,271.23688395724065
6,252.24452881897838
7,250.13534673024273
8,249.38910884410032
9,245.128578765846
10,243.64503795718963
11,243.64503795718963
12,243.64503795718963
13,243.64503795718963
14,241.29076222873655
15,241.29076222873655
16,235.9729386478486
17,235.96288235427707
18,235.96288235427707
19,235.96288235427707
20,235.96288235427707
21,235.65382838571446
22,235.65382838571446
23,235.65382838571446
24,234.39072028862827
25,234.39072028862827
26,234.39072028862827
27,234.39072028862827
28,234.39072028862827
29,234.39072028862827
30,234.39072028862827
31,234.39072028862827
32,234.39072028862827
33,234.39072028862827
34,234.39072028862827
35,234.39072028862827
36,234.39072028862827
37,234.39072028862827
38,234.39072028862827
39,234.39072028862827
40,234.17397363547016
41,234.17397363547016
42,234.17397363547016
43,234.17397363547016
44,234.17397363547016
45,234.17397363547016
46,234.17397363547016
47,233.97413543036848
48,233.97413543036848
49,233.71980073395508
50,233.71980073395508
51,233.71980073395508
52,233.71980073395508
53,233.71980073395508
54,233.71980073395508
55,233.71980073395508
56,231.6850241473996
57,231.6850241473996
58,231.6850241473996
59,231.6850241473996
60,231.6850241473996
