epoch,fitness
0,515.938291769793
1,485.13957154591077
2,466.43612887488393
3,466.43612887488393
4,464.7376055012896
5,402.8046891432203
6,334.4657819246236
7,306.5207836583827
8,292.558619590955
9,288.29732364994214
10,258.86525070668364
11,252.5403184630651
12,252.5403184630651
13,252.5403184630651
14,252.5403184630651
15,250.46428991010202
16,248.6865310343894
17,248.5802712034791
18,248.5802712034791
19,248.5802712034791
20,247.38225078835546
21,247.38225078835546
22,229.28950434274157
23,229.28950434274157
24,229.28950434274157
25,229.1913380524698
26,229.1913380524698
27,229.1913380524698
28,229.1913380524698
29,229.1913380524698
30,229.1913380524698
31,229.1913380524698
32,229.1913380524698
33,229.1913380524698
34,229.1913380524698
35,229.1913380524698
36,229.1913380524698
37,229.13476819081086
38,229.13476819081086
39,229.13476819081086
40,229.13476819081086
41,227.76933007200492
42,227.76933007200492
43,227.76933007200492
44,226.61444312310877
45,226.61444312310877
46,226.61444312310877
47,226.61444312310877
48,226.61444312310877
49,226.61444312310877
50,226.02245451918412
51,226.02245451918412
52,226.02245451918412
53,226.02245451918412
54,226.02245451918412
55,224.3802153527373
56,224.3802153527373
57,224.24815794257216
58,223.95793451490036
59,223.95793451490036
60,223.95793451490036
61,223.95793451490036
62,223.50286390395095
63,223.50286390395095
64,223.50286390395095
65,223.50286390395095
66,223.50286390395095
67,223.50286390395095
68,223.50286390395095
69,223.50286390395095
70,223.50286390395095
71,223.50286390395095
72,223.50286390395095
73,223.50286390395095
74,223.50286390395095
75,223.5022194319958
76,223.5022194319958
77,223.5022194319958
