epoch,fitness
0,468.43230426325573
1,468.43230426325573
2,468.43230426325573
3,468.43230426325573
4,468.43230426325573
5,404.2763966355125
6,231.15531034450797
7,228.64098250146031
8,228.25691533995004
9,226.47360163590713
10,226.47360163590713
11,226.47360163590713
12,225.8272924230515
13,225.8272924230515
14,225.8272924230515
15,225.8272924230515
16,223.66879879659732
17,223.66879879659732
18,223.66879879659732
19,223.66879879659732
20,223.66879879659732
21,223.66879879659732
22,223.66879879659732
23,223.66879879659732
24,223.66879879659732
25,223.66879879659732
26,223.66879879659732
27,223.66879879659732
28,222.89361654778102
29,222.89361654778102
30,222.89361654778102
31,222.89361654778102
32,222.89361654778102
33,222.89361654778102
34,222.89361654778102
35,222.89361654778102
36,222.77704466803957
37,222.77704466803957
38,222.77704466803957
39,222.77704466803957
40,222.77704466803957
41,222.77704466803957
42,222.77704466803957
43,222.77704466803957
44,222.77704466803957
45,222.77704466803957
46,222.77704466803957
47,222.77704466803957
48,222.77704466803957
49,222.77704466803957
50,222.77704466803957
51,222.77704466803957
52,222.77704466803957
53,222.77704466803957
54,222.77704466803957
55,222.77704466803957
56,222.77704466803957
57,222.77704466803957
58,222.49912766029095
59,222.49912766029095
60,222.49912766029095
61,222.49912766029095
62,222.49912766029095
