epoch,fitness
0,754.7044757169903
1,693.5674950602499
2,399.0102598646096
3,376.7856313202505
4,369.0362945555314
5,364.064326497858
6,363.96575493758576
7,355.306184496051
8,354.74343911570725
9,354.3100418908371
10,351.65930827610396
11,351.221500753372
12,350.6837058575018
13,350.46224295478845
14,349.22907323900785
15,347.8877986566291
16,347.662360018264
17,347.662360018264
18,347.662360018264
19,347.662360018264
20,347.3034414336036
21,347.3034414336036
22,346.96158863563556
23,346.13181368733353
24,344.2286533053562
25,342.63170186903216
26,342.338955822344
27,342.338955822344
28,342.338955822344
29,340.65234837421264
30,340.5772091776541
31,340.5772091776541
32,339.5119528364541
33,339.5119528364541
34,338.8584477462589
35,338.8273432843561
36,337.9800399463987
37,337.9800399463987
38,337.9800399463987
39,337.9800399463987
40,337.9051050959782
41,337.4850869353269
42,337.4850869353269
43,337.4850869353269
44,337.425115617045
45,337.425115617045
46,337.4241513735296
47,337.4241513735296
48,337.24171867687505
49,337.03953416789494
50,335.8745964726302
51,335.8745964726302
52,335.190103820044
53,335.190103820044
54,333.9866297595411
55,333.9866297595411
56,328.1606981092294
57,327.53007366305167
58,323.2188086529373
59,323.2188086529373
60,322.67671954553816
61,321.1328338362518
62,318.641055039512
63,318.641055039512
64,318.641055039512
65,318.641055039512
66,318.641055039512
67,318.641055039512
68,318.641055039512
