epoch,fitness
0,731.7666663898216
1,436.6309128886884
2,359.5621820829143
3,355.4365467535536
4,354.96604857219194
5,351.6831145610055
6,351.6831145610055
7,351.6831145610055
8,351.6831145610055
9,350.5771226954204
10,347.20412521545
11,347.1448530039188
12,347.1448530039188
13,347.1448530039188
14,346.052739537991
15,346.052739537991
16,346.052739537991
17,346.052739537991
18,346.052739537991
19,344.6708648434194
20,343.76816005879755
21,343.76816005879755
22,343.76816005879755
23,343.54592634763713
24,343.11923914659087
25,342.53431489229683
26,341.98667172818506
27,341.8196981827728
28,341.1209328382423
29,340.9216440100443
30,338.97500944481584
31,338.97500944481584
32,338.97500944481584
33,338.97500944481584
34,338.97500944481584
35,338.20704553200943
36,338.20704553200943
37,338.02904923997465
38,338.02904923997465
39,337.89142770207746
40,337.89142770207746
41,337.80437970403085
42,337.80437970403085
43,337.11639563467713
44,337.11639563467713
45,337.11639563467713
46,337.11639563467713
47,336.8787652429377
48,336.30025495491697
49,335.04763973696186
50,335.04763973696186
51,335.04763973696186
52,334.1695155632284
53,333.6327443261694
54,333.6327443261694
55,333.6327443261694
56,333.6327443261694
57,333.6327443261694
