epoch,fitness
0,1556.1036293807108
1,1030.2892397876265
2,881.5692428150865
3,819.2292781049301
4,723.8314884311072
5,676.5089763755501
6,676.5089763755501
7,655.4659715226271
8,641.1797003126206
9,640.9482216140239
10,640.0684920577532
11,639.5480453040095
12,639.5480453040095
13,639.5480453040095
14,639.5480453040095
15,639.5480453040095
16,639.5480453040095
17,639.5480453040095
18,639.5480453040095
19,639.5480453040095
20,639.5480453040095
21,639.5480453040095
22,639.5480453040095
23,639.5480453040095
24,639.5480453040095
25,639.5480453040095
26,639.5480453040095
27,639.5480453040095
28,639.5480453040095
29,639.5480453040095
30,639.5480453040095
31,639.5480453040095
32,639.5480453040095
33,639.5480453040095
34,639.5480453040095
35,639.5480453040095
36,639.5480453040095
37,639.5480453040095
38,639.5480453040095
39,639.5480453040095
40,639.5480453040095
41,639.5480453040095
42,639.5480453040095
43,639.5480453040095
44,639.5480453040095
45,639.5480453040095
46,639.5480453040095
47,639.5480453040095
48,639.5480453040095
49,639.5480453040095
50,639.5480453040095
51,639.5480453040095
52,639.5480453040095
53,639.5480453040095
54,639.5480453040095
55,639.5480453040095
56,639.5480453040095
57,639.5480453040095
58,639.5480453040095
59,639.5480453040095
60,639.5480453040095
61,639.5480453040095
62,639.5480453040095
63,639.5480453040095
64,639.4770570131545
65,639.4770570131545
66,639.4770570131545
67,639.4770570131545
68,639.4770570131545
69,639.4770570131545
70,639.4770570131545
71,639.4770570131545
72,639.4770570131545
73,639.4770570131545
74,639.4770570131545
75,639.4770570131545
76,639.4770570131545
77,639.4770570131545
78,639.4770570131545
79,639.4770570131545
80,639.4770570131545
