epoch,fitness
0,128.3181706487142
1,102.90818514047601
2,85.13616677313837
3,72.82188486996567
4,71.81024486087831
5,71.01628879395587
6,70.3069770592017
7,68.35827012321847
8,67.72740209931561
9,67.45335624204482
10,65.12770642350542
11,65.12770642350542
12,65.12770642350542
13,64.78595866014669
14,64.78595866014669
15,63.84616725249894
16,63.343281475047775
17,62.88922758050328
18,61.89694093810686
19,61.4675121418262
20,61.29722227705372
21,60.40757731168714
22,60.22724864682509
23,60.1101073471733
24,60.1101073471733
25,60.1101073471733
26,60.1101073471733
27,60.1101073471733
28,60.1101073471733
29,59.71688004775718
30,59.269384265055876
31,59.269384265055876
32,58.965576529726704
33,58.965576529726704
34,58.965576529726704
35,58.965576529726704
36,58.965576529726704
37,58.965576529726704
38,58.96387968736297
39,58.87980214193238
40,58.87980214193238
41,58.87980214193238
42,58.87980214193238
43,58.87980214193238
44,58.87980214193238
45,58.71202650469411
46,57.09957773619324
47,57.09957773619324
48,57.09957773619324
49,57.09957773619324
50,57.09957773619324
51,57.09957773619324
52,57.09957773619324
53,57.09957773619324
54,57.01380334839891
55,56.66161305326554
56,56.66161305326554
57,56.66161305326554
58,56.66161305326554
59,56.66161305326554
60,56.66161305326554
61,56.66161305326554
62,56.66161305326554
63,56.66161305326554
64,56.31696072059761
65,56.31696072059761
66,56.31696072059761
67,56.31696072059761
68,56.31696072059761
69,56.265445608932986
70,56.265445608932986
71,56.265445608932986
72,56.265445608932986
73,56.237693886254284
74,56.237693886254284
75,56.237693886254284
76,56.237693886254284
77,56.237693886254284
