epoch,fitness
0,756.6875565774116
1,705.9288769861062
2,705.9288769861062
3,681.1003408471158
4,323.51213623810577
5,323.51213623810577
6,313.9628291085184
7,312.963266221979
8,308.30667987739963
9,305.9755957836572
10,305.9755957836572
11,305.9755957836572
12,301.68220757739533
13,301.68220757739533
14,301.68220757739533
15,301.68220757739533
16,301.68220757739533
17,301.68220757739533
18,301.6155217812762
19,299.61788188132533
20,299.61788188132533
21,299.61788188132533
22,299.61788188132533
23,297.90365101279866
24,296.2228563614285
25,296.2228563614285
26,292.97483473634077
27,292.97483473634077
28,292.97483473634077
29,292.97483473634077
30,292.97483473634077
31,292.97483473634077
32,289.82664662147675
33,289.61190752758847
34,289.61190752758847
35,289.61190752758847
36,289.61190752758847
37,289.4451000962754
38,287.58162868380515
39,287.58162868380515
40,287.58162868380515
41,286.360616804514
42,285.6112753164223
43,284.2378636995513
44,284.23255229495845
45,284.23255229495845
46,284.23255229495845
47,284.23255229495845
48,284.17242802649713
49,284.17242802649713
50,284.17242802649713
51,282.22642534558025
52,282.22642534558025
53,282.1953160654219
54,282.1953160654219
55,282.1953160654219
56,282.1953160654219
57,280.4233600558323
