epoch,fitness
0,737.4856257298832
1,737.4856257298832
2,401.9351677982214
3,369.9284219579409
4,349.2017630004763
5,349.2017630004763
6,349.2017630004763
7,349.2017630004763
8,348.4228576559647
9,342.0072886921087
10,342.0072886921087
11,339.9258184069857
12,339.9258184069857
13,339.9258184069857
14,339.9258184069857
15,339.9258184069857
16,339.9258184069857
17,339.9258184069857
18,339.6947721078725
19,339.6947721078725
20,339.6947721078725
21,339.67908012734273
22,339.67908012734273
23,338.71985303860157
24,336.8228895526266
25,336.8228895526266
26,336.8228895526266
27,335.6367334915399
28,335.62509933082
29,335.62509933082
30,332.28675864369274
31,332.28675864369274
32,332.28675864369274
33,332.1425794758055
34,332.1425794758055
35,330.2316217557134
36,330.2316217557134
37,328.7828390737692
38,328.7828390737692
39,328.7828390737692
40,328.7828390737692
41,328.7828390737692
42,328.7828390737692
43,328.7828390737692
44,327.73542487009735
45,325.3344495805637
46,325.3344495805637
47,323.3932360051638
48,323.3932360051638
49,323.3932360051638
50,323.3470217993673
51,323.3470217993673
52,323.3470217993673
53,323.3468972184443
54,323.3468972184443
55,323.3468972184443
56,323.3468972184443
57,323.3468972184443
58,323.3468972184443
59,323.3468972184443
60,323.3468972184443
61,323.3468972184443
62,323.3468972184443
63,323.3468972184443
64,323.3468972184443
65,323.3468972184443
66,323.3468972184443
67,323.3468972184443
68,323.3468972184443
69,323.33305512414944
70,323.33305512414944
71,321.64801588557503
72,321.64801588557503
73,321.64801588557503
74,321.64801588557503
