epoch,fitness
0,787.157799123092
1,355.2578230377675
2,335.74067156101796
3,335.63486535448305
4,325.783246982862
5,323.93560913516615
6,323.93560913516615
7,323.93560913516615
8,323.93560913516615
9,323.93560913516615
10,323.93560913516615
11,318.5620364714569
12,316.80630299380334
13,311.4381526630599
14,311.21363883973675
15,309.2821123365
16,309.2821123365
17,309.2821123365
18,309.2821123365
19,309.2821123365
20,307.4201294656094
21,307.4201294656094
22,307.4201294656094
23,307.4201294656094
24,307.4201294656094
25,307.4201294656094
26,307.4201294656094
27,307.4201294656094
28,307.4201294656094
29,307.4201294656094
30,307.4201294656094
31,307.4201294656094
32,307.4201294656094
33,307.4201294656094
34,307.4201294656094
35,306.7261079476072
36,306.7261079476072
37,305.72738253799565
38,305.72738253799565
39,305.72738253799565
40,304.94219317029416
41,304.48318843105574
42,304.14918139161216
43,303.5476124297129
44,303.44494249946075
45,301.3607991058207
46,301.3159255542458
47,299.1211914048857
48,299.1211914048857
49,299.1211914048857
50,299.1211914048857
51,298.9601318699172
52,298.9601318699172
53,298.9601318699172
54,298.9601318699172
55,298.9601318699172
