epoch,fitness
0,1536513.9852092485
1,361.47903742051176
2,361.47903742051176
3,361.47903742051176
4,358.7990713130576
5,358.7990713130576
6,358.7990713130576
7,356.9396175581217
8,356.107140207718
9,356.05873559173386
10,356.05873559173386
11,356.05873559173386
12,356.05873559173386
13,356.05873559173386
14,356.0325009690698
15,356.0325009690698
16,356.0325009690698
17,355.6338099070041
18,355.57607609725534
19,355.57607609725534
20,355.57607609725534
21,355.57607609725534
22,355.5717733863724
23,355.5717733863724
24,355.54848142321464
25,355.54848142321464
26,355.54848142321464
27,355.4425886804697
28,355.4425886804697
29,355.4425886804697
30,355.4425886804697
31,355.32612362554045
32,355.32612362554045
33,355.32612362554045
34,355.32612362554045
35,355.32612362554045
36,355.32612362554045
37,355.32612362554045
38,355.32612362554045
39,355.32612362554045
40,355.32612362554045
41,355.32612362554045
42,355.32612362554045
43,355.32612362554045
44,355.32612362554045
45,355.32612362554045
46,355.32612362554045
47,355.32612362554045
48,355.0464261476099
49,355.0464261476099
50,355.0464261476099
51,355.0464261476099
52,355.0464261476099
53,355.0464261476099
54,355.0464261476099
55,355.0464261476099
56,355.0464261476099
57,355.0464261476099
58,355.0464261476099
59,355.0464261476099
60,355.0464261476099
61,355.0464261476099
62,355.0464261476099
63,355.0464261476099
64,355.0464261476099
65,355.0464261476099
66,355.0464261476099
67,354.6244691733361
68,354.6244691733361
69,354.6244691733361
70,354.6244691733361
71,354.6244691733361
72,354.6244691733361
73,354.6244691733361
74,354.6244691733361
75,354.47182292514367
76,354.47182292514367
77,354.47182292514367
78,354.47182292514367
79,354.47182292514367
80,354.47182292514367
81,354.47182292514367
82,354.47182292514367
83,354.47182292514367
84,354.47182292514367
85,354.47182292514367
86,354.47182292514367
87,354.47182292514367
88,354.47182292514367
89,354.47182292514367
90,354.47182292514367
91,354.47182292514367
92,354.47182292514367
93,354.47182292514367
94,354.47182292514367
95,354.47182292514367
96,354.47182292514367
97,354.47182292514367
98,354.47182292514367
99,354.47182292514367
100,354.47182292514367
101,354.47182292514367
102,354.47182292514367
103,354.47182292514367
104,354.47182292514367
105,354.47182292514367
106,354.47182292514367
