epoch,fitness
0,497.54623512406425
1,492.7746322601556
2,492.629432511305
3,485.32393077183195
4,463.11686343214654
5,460.4365297073516
6,413.5651795794712
7,322.8341831565857
8,304.72503953705404
9,298.8552266686053
10,295.2014646794743
11,286.17806591145575
12,286.17806591145575
13,283.9086030934558
14,283.9086030934558
15,282.16169829997324
16,282.16169829997324
17,282.16169829997324
18,281.96163888847684
19,280.5344955223645
20,279.45879352906985
21,277.700806468954
22,277.700806468954
23,277.700806468954
24,277.700806468954
25,277.48163711010756
26,275.49059064256943
27,275.49059064256943
28,273.67765937546125
29,273.3129324511995
30,273.3129324511995
31,273.3129324511995
32,271.1294698272971
33,271.0390104887205
34,268.8945542010778
35,268.8945542010778
36,268.1896074064411
37,266.79264802817306
38,266.2072370231559
39,266.2072370231559
40,266.2072370231559
41,266.2072370231559
42,266.2072370231559
43,265.5087726534518
44,265.5087726534518
45,265.09177805712744
46,265.09177805712744
47,265.09177805712744
48,265.09177805712744
49,265.09177805712744
50,265.09177805712744
51,265.09177805712744
52,265.09177805712744
53,265.09177805712744
54,265.09177805712744
55,265.09177805712744
56,265.03708052772373
57,265.03708052772373
58,265.03708052772373
59,265.03708052772373
60,263.21515147248806
61,263.21515147248806
62,263.21515147248806
63,263.21515147248806
64,263.21515147248806
65,263.21515147248806
66,263.21515147248806
67,263.21515147248806
68,263.21515147248806
69,263.21515147248806
70,263.21515147248806
71,263.21515147248806
72,263.21515147248806
73,263.21515147248806
74,263.21515147248806
