epoch,fitness
0,1543.5019294056183
1,1543.5019294056183
2,902.937227515822
3,707.9138413914352
4,652.0983173588327
5,652.0983173588327
6,652.0983173588327
7,652.0983173588327
8,652.0032798499541
9,648.2238638756727
10,648.2238638756727
11,648.2238638756727
12,646.786252914343
13,637.3975401632705
14,636.3580504093051
15,631.9762265918308
16,629.4819504148319
17,629.4819504148319
18,611.9902789369179
19,611.2776405779337
20,611.2776405779337
21,611.2776405779337
22,611.2776405779337
23,611.2776405779337
24,611.2776405779337
25,611.2776405779337
26,611.2776405779337
27,611.2776405779337
28,611.2776405779337
29,611.2776405779337
30,611.2776405779337
31,611.2776405779337
32,611.2776405779337
33,611.2776405779337
34,611.2776405779337
35,611.0931834805922
36,607.1210278065628
37,604.1019194881579
38,604.1019194881579
39,604.1019194881579
40,604.1019194881579
41,604.1019194881579
42,599.2849203846606
43,599.2849203846606
44,599.2849203846606
45,599.1755671154771
46,599.1755671154771
47,599.1755671154771
48,599.1755671154771
49,597.1471223441623
50,597.1471223441623
51,597.1471223441623
52,597.1471223441623
