epoch,fitness
0,1625.4374495209051
1,1166.7296769039506
2,1095.3632185429922
3,701.2647668089056
4,580.3691616675964
5,575.9343467093131
6,558.6354715215409
7,556.856264193756
8,556.8132137696144
9,553.7622704766991
10,553.7622704766991
11,553.6379996329846
12,553.4311398819576
13,553.0461472047621
14,553.0461472047621
15,549.156750022899
16,549.156750022899
17,549.156750022899
18,549.156750022899
19,548.881446001677
20,548.881446001677
21,548.881446001677
22,546.0299046591779
23,546.0299046591779
24,546.0299046591779
25,546.0299046591779
26,545.3354453085693
27,543.5070999974228
28,543.5070999974228
29,543.5070999974228
30,537.60203348774
31,537.60203348774
32,537.60203348774
33,537.60203348774
34,537.5135993806721
35,537.5135993806721
36,537.5135993806721
37,537.5135993806721
38,535.877672458111
39,534.4803668404807
40,534.0920934184966
41,533.7713891843599
42,533.7713891843599
43,531.1544835419253
44,531.1544835419253
45,528.1376108182354
46,528.1376108182354
47,525.8906596909023
48,525.7056833441584
49,525.7056833441584
50,525.7056833441584
51,525.7056833441584
52,521.3984158073679
53,519.2684128436961
54,519.2684128436961
55,519.2684128436961
56,519.2684128436961
57,519.2684128436961
58,519.2684128436961
