epoch,fitness
0,761.6810513846749
1,735.0461668359923
2,583.9621944460772
3,328.12506634062
4,319.16419781344223
5,317.5721717727993
6,315.7013481849674
7,313.67444905584625
8,313.0251144734039
9,311.78424160250887
10,311.78424160250887
11,308.7391536009359
12,308.3640552038018
13,295.75194609978837
14,293.09614627304495
15,293.09614627304495
16,293.09614627304495
17,291.0193313786998
18,291.0193313786998
19,291.0193313786998
20,291.0193313786998
21,291.0193313786998
22,291.0193313786998
23,291.0193313786998
24,289.59666601273767
25,287.78553537965314
26,287.78553537965314
27,287.78553537965314
28,287.7038229781352
29,287.7038229781352
30,287.7038229781352
31,287.7038229781352
32,287.7038229781352
33,287.7038229781352
34,287.7038229781352
35,287.7038229781352
36,287.7038229781352
37,287.7038229781352
38,287.7038229781352
39,287.7038229781352
40,287.7038229781352
41,287.7038229781352
42,287.7038229781352
43,287.7038229781352
44,287.7038229781352
45,287.7038229781352
46,287.7038229781352
47,287.7038229781352
48,287.7038229781352
49,287.7038229781352
50,285.988976776236
51,285.988976776236
52,285.988976776236
53,285.988976776236
54,285.988976776236
55,285.988976776236
56,285.988976776236
57,285.988976776236
58,285.6909014289408
59,285.6909014289408
60,285.56707314450034
61,285.56707314450034
62,285.23276983909733
63,285.23276983909733
64,285.23276983909733
65,284.77227547107026
66,283.110023790762
67,283.110023790762
68,282.50608945802907
69,282.50608945802907
70,282.47474597521415
