epoch,fitness
0,533.1728351648835
1,516.7894074651941
2,516.7894074651941
3,485.46001290316434
4,484.16321676332404
5,473.76168685444475
6,460.8540566221182
7,460.8540566221182
8,460.8540566221182
9,460.8540566221182
10,377.20422548798354
11,286.53561542717836
12,273.11886675473886
13,265.10891762258444
14,265.10891762258444
15,265.10891762258444
16,260.98513269218466
17,260.98513269218466
18,260.98513269218466
19,260.98513269218466
20,260.98513269218466
21,260.98513269218466
22,260.98513269218466
23,259.5024623656478
24,256.14285294156304
25,255.54848181839847
26,255.54848181839847
27,255.54848181839847
28,254.22972137916437
29,254.22972137916437
30,254.22972137916437
31,254.1706751381871
32,254.1706751381871
33,254.1706751381871
34,254.1706751381871
35,254.1706751381871
36,254.1706751381871
37,254.1706751381871
38,254.1706751381871
39,254.1706751381871
40,254.1706751381871
41,253.5626934269695
42,253.5626934269695
43,253.5626934269695
44,253.5626934269695
45,253.5626934269695
46,251.7853012298468
47,251.45834260582922
48,251.45834260582922
49,251.45834260582922
50,251.45834260582922
51,251.45834260582922
52,250.3501983319479
53,250.3501983319479
54,250.3501983319479
55,250.3501983319479
56,250.3501983319479
57,248.89213018879104
58,246.48168824238624
59,246.48168824238624
60,246.41963878224442
61,246.41963878224442
62,243.56825437097027
63,243.34766759296
64,243.34766759296
