epoch,fitness
0,530.6166209891926
1,441.90653907393033
2,315.5004587631044
3,262.3468249948967
4,251.56346570861234
5,250.1094918305065
6,249.4674667859347
7,247.81229920418775
8,246.43783101610248
9,246.43783101610248
10,246.43783101610248
11,245.07100259827692
12,244.63825077203904
13,241.50231977678666
14,241.50231977678666
15,241.50231977678666
16,241.50231977678666
17,241.50231977678666
18,241.50231977678666
19,241.50231977678666
20,241.37377274600018
21,241.37377274600018
22,241.37377274600018
23,239.01433956122557
24,238.43371242474544
25,238.43371242474544
26,238.43371242474544
27,235.0847763826321
28,234.93786425660025
29,234.93786425660025
30,233.4213566509927
31,233.4213566509927
32,233.4213566509927
33,233.4213566509927
34,233.4213566509927
35,233.4213566509927
36,233.4213566509927
37,233.4213566509927
38,233.4213566509927
39,233.4213566509927
40,233.19625182773055
41,233.19625182773055
42,232.9692939299463
43,232.9692939299463
44,232.9692939299463
45,232.9692939299463
46,232.9692939299463
47,232.93605979119602
48,232.93605979119602
49,232.93605979119602
50,232.93605979119602
51,232.93605979119602
52,232.93605979119602
53,232.93605979119602
54,232.93605979119602
55,232.93605979119602
56,232.93605979119602
57,232.93605979119602
58,232.93605979119602
59,232.93605979119602
60,232.93605979119602
61,232.93605979119602
62,231.228510122771
63,231.228510122771
64,231.0682991093882
65,231.0682991093882
66,231.0682991093882
67,231.0682991093882
68,231.0682991093882
69,231.0682991093882
70,231.0682991093882
71,231.0682991093882
72,231.0682991093882
73,231.0682991093882
74,231.0682991093882
75,231.0682991093882
