epoch,fitness
0,1079.3644908160318
1,829.701829866719
2,514.1395473200511
3,514.1395473200511
4,510.7167515987514
5,510.7167515987514
6,510.37347120703754
7,507.731642827188
8,507.731642827188
9,507.731642827188
10,507.4772142764011
11,507.4772142764011
12,506.87928976990827
13,506.1306249969415
14,505.47663600034144
15,503.39423290527776
16,503.39423290527776
17,502.7477243780958
18,501.55863088495903
19,501.169671252881
20,501.169671252881
21,501.169671252881
22,501.169671252881
23,501.169671252881
24,499.4265984943391
25,497.87486605760137
26,495.6021787178258
27,495.6021787178258
28,495.6021787178258
29,495.6021787178258
30,495.6021787178258
31,495.13895595667594
32,493.6649694011229
33,492.4172602635203
34,492.4172602635203
35,492.4172602635203
36,492.4172602635203
37,492.4172602635203
38,492.4172602635203
39,492.4172602635203
40,492.4172602635203
41,492.4172602635203
42,492.4172602635203
43,492.4172602635203
44,492.4172602635203
45,492.4172602635203
46,492.4172602635203
47,492.4172602635203
48,492.4172602635203
49,492.4172602635203
50,492.4172602635203
51,492.0359035761237
52,492.0359035761237
