epoch,fitness
0,1067.7963027677515
1,1046.2788149766845
2,923.4971393023291
3,536.9509192894254
4,515.8998735809828
5,512.2430698212003
6,510.2806644782885
7,510.09362792366176
8,509.5837322637352
9,509.00264785970404
10,506.82519746846503
11,506.82519746846503
12,506.82519746846503
13,506.4671449010931
14,506.4671449010931
15,506.0856792966949
16,503.997623217933
17,503.997623217933
18,502.953751840227
19,502.1287337361611
20,502.1287337361611
21,501.7866793123076
22,501.6125720820713
23,501.3009868473168
24,501.3009868473168
25,500.5878533896872
26,499.58203439300473
27,497.95807471706854
28,497.3531324950189
29,496.3679077014295
30,495.8945129357748
31,493.93768183322544
32,493.93768183322544
33,493.93768183322544
34,493.93768183322544
35,493.93768183322544
36,493.93768183322544
37,493.40042517603536
38,492.2881597096609
39,492.2881597096609
40,492.2881597096609
41,490.1894794547892
42,490.1894794547892
43,490.1894794547892
44,489.68143387869634
45,489.2800014174846
46,488.71843552898815
47,488.71843552898815
48,488.4481476098506
49,488.4481476098506
50,488.4481476098506
51,487.8620666261565
52,487.8620666261565
53,487.8620666261565
54,487.8620666261565
