epoch,fitness
0,1375.7714612009265
1,1153.7929885477658
2,650.6654482276432
3,648.2941017990895
4,603.5646163979396
5,603.5646163979396
6,603.5646163979396
7,591.5517997535553
8,591.5517997535553
9,591.5517997535553
10,591.5517997535553
11,591.5517997535553
12,589.7052337556188
13,589.7052337556188
14,589.7052337556188
15,589.7052337556188
16,589.7052337556188
17,589.7052337556188
18,580.763308417105
19,562.1801758912795
20,562.1801758912795
21,562.1801758912795
22,562.1801758912795
23,562.1801758912795
24,562.1801758912795
25,562.1801758912795
26,562.1801758912795
27,562.1801758912795
28,562.1801758912795
29,562.1801758912795
30,562.1801758912795
31,562.1801758912795
32,562.1801758912795
33,562.1801758912795
34,562.1801758912795
35,562.1801758912795
36,562.1801758912795
37,562.1801758912795
38,562.1801758912795
39,562.1801758912795
40,562.1801758912795
41,562.1801758912795
42,562.1801758912795
43,562.1801758912795
44,562.1801758912795
45,562.1801758912795
46,562.1801758912795
47,562.1801758912795
48,562.1801758912795
49,562.1801758912795
50,562.1801758912795
51,562.1801758912795
52,562.1801758912795
53,562.1801758912795
54,562.1801758912795
55,562.1801758912795
56,562.1801758912795
57,562.1801758912795
58,562.1801758912795
59,562.1801758912795
60,562.1801758912795
61,562.1801758912795
62,562.1801758912795
63,562.1801758912795
64,562.1801758912795
65,562.0949962243353
66,562.0949962243353
67,562.0949962243353
68,562.0949962243353
69,562.0949962243353
70,562.0949962243353
71,562.0949962243353
72,562.0949962243353
73,562.0949962243353
74,562.0949962243353
75,562.0949962243353
76,562.0949962243353
77,562.0949962243353
78,562.0949962243353
79,562.0949962243353
80,562.0949962243353
81,562.0949962243353
82,562.0949962243353
83,562.0949962243353
84,562.0949962243353
85,562.0949962243353
86,562.0949962243353
87,562.0949962243353
88,562.0949962243353
89,562.0949962243353
90,562.0949962243353
91,562.0949962243353
92,562.0949962243353
93,562.0949962243353
94,562.0949962243353
95,562.0949962243353
96,562.0949962243353
97,562.0949962243353
98,562.0949962243353
99,562.0949962243353
100,562.0949962243353
101,562.0949962243353
102,562.0949962243353
103,562.0949962243353
104,562.0949962243353
105,562.0949962243353
106,562.0949962243353
107,562.0949962243353
108,562.0949962243353
109,562.0949962243353
110,562.0949962243353
111,562.0949962243353
112,562.0949962243353
113,562.0949962243353
114,562.0949962243353
115,562.0949962243353
