epoch,fitness
0,1385.660058683691
1,709.4161879626454
2,709.4161879626454
3,644.6287159985382
4,644.4342418771909
5,612.3954772015617
6,611.4796932842992
7,611.4796932842992
8,562.1801758912795
9,562.1801758912795
10,562.1801758912795
11,562.1801758912795
12,562.1801758912795
13,562.1801758912795
14,562.1801758912795
15,562.1801758912795
16,562.1801758912795
17,562.1801758912795
18,562.1801758912795
19,562.1801758912795
20,562.1627246090522
21,562.1627246090522
22,562.1627246090522
23,562.1627246090522
24,562.1627246090522
25,562.1627246090522
26,562.1627246090522
27,562.1627246090522
28,562.1627246090522
29,562.1627246090522
30,562.1627246090522
31,562.1627246090522
32,562.1627246090522
33,562.1627246090522
34,562.1627246090522
35,562.1627246090522
36,562.1627246090522
37,562.1627246090522
38,562.1627246090522
39,562.1627246090522
40,562.1627246090522
41,562.1627246090522
42,562.1627246090522
43,562.1627246090522
44,562.1627246090522
45,562.1627246090522
46,562.1627246090522
47,562.1627246090522
48,562.1627246090522
49,562.1627246090522
50,562.1627246090522
51,562.1627246090522
52,562.1627246090522
53,562.1627246090522
54,562.1627246090522
55,562.1627246090522
56,562.1627246090522
57,562.1627246090522
58,562.1627246090522
59,562.1627246090522
60,562.1627246090522
61,562.1627246090522
62,562.1627246090522
63,562.1627246090522
64,562.1627246090522
65,562.1627246090522
66,562.1627246090522
67,562.1627246090522
68,562.1627246090522
69,562.1627246090522
70,562.1627246090522
71,562.1627246090522
72,562.1627246090522
73,562.1627246090522
74,562.1627246090522
75,562.1627246090522
76,562.1627246090522
77,562.1627246090522
78,562.1627246090522
79,562.1627246090522
80,562.1627246090522
81,562.1627246090522
82,562.1627246090522
83,562.1627246090522
84,562.1627246090522
85,562.1627246090522
86,562.1627246090522
87,562.1627246090522
