epoch,fitness
0,1358.8799887335383
1,1079.5599831858726
2,647.9257430535689
3,644.038239274233
4,644.038239274233
5,643.2023307735456
6,641.3510295488668
7,637.6684767154085
8,637.6684767154085
9,635.0014368177449
10,635.0014368177449
11,634.4990014898837
12,634.4990014898837
13,633.0522171770966
14,633.0522171770966
15,633.0522171770966
16,632.4377045730123
17,631.9577021429021
18,631.0243542577097
19,630.6482576337512
20,630.3688866395323
21,629.9109053721306
22,628.8737620178168
23,626.989192306285
24,624.9065196200121
25,624.7144895830716
26,624.7144895830716
27,624.4802526090526
28,624.2613923579646
29,622.3782854741976
30,621.1057364137872
31,620.004747088418
32,619.669589305604
33,619.5880470694308
34,617.8284667349193
35,617.8284667349193
36,616.8104657445492
37,616.8104657445492
38,616.6673928862309
39,616.4059923182612
40,615.5598183810545
41,615.5598183810545
42,614.726204987469
43,614.3985641711308
44,614.1159393037896
45,614.076137616662
46,613.288682303902
47,612.4810529502503
48,611.4053805368098
49,611.4053805368098
50,609.482854657925
