epoch,fitness
0,578.865809537482
1,468.0487216992404
2,331.9811192462808
3,284.0617400921311
4,280.3011411510896
5,280.3011411510896
6,279.366292333607
7,279.3404377319487
8,279.1017748801601
9,278.4268015128596
10,275.89868359297805
11,274.6478751005026
12,273.93179173674287
13,273.93179173674287
14,273.86519559543314
15,273.6069551005549
16,273.1238062468746
17,273.1238062468746
18,272.4004315589955
19,272.14580923167244
20,271.4645160691715
21,270.37886510305265
22,270.37886510305265
23,269.65935640553965
24,269.2521471704203
25,268.2860553958142
26,268.2860553958142
27,268.2860553958142
28,268.2860553958142
29,267.6453651625006
30,267.4484261427895
31,265.28226228358216
32,265.28226228358216
33,265.28226228358216
34,265.28226228358216
35,265.07385126159863
36,264.550513253594
37,264.4291308810098
38,262.3155429666247
39,262.3155429666247
40,260.9464025664603
41,260.8256817634658
42,260.8256817634658
43,260.68968043689534
44,260.68968043689534
45,259.7191366342451
46,259.7191366342451
47,259.7191366342451
48,259.7191366342451
49,259.65472263304997
50,259.41890614740475
51,259.41890614740475
52,259.2889935273637
53,257.8669717952344
54,257.8417286681434
55,257.30925504366803
56,257.30925504366803
57,257.30925504366803
58,257.30925504366803
59,257.214342288172
60,257.214342288172
61,257.214342288172
62,257.214342288172
