epoch,fitness
0,754.7294335950343
1,731.0022886371884
2,357.52119207344106
3,312.86752889185885
4,306.21425155846595
5,304.19093792343585
6,300.920549542908
7,300.920549542908
8,300.920549542908
9,298.5437377981275
10,298.52380045757207
11,298.52380045757207
12,298.52380045757207
13,296.9982891032843
14,296.0296109073063
15,296.0296109073063
16,296.0296109073063
17,296.0296109073063
18,296.0296109073063
19,296.0296109073063
20,296.0178037993498
21,296.0178037993498
22,296.0178037993498
23,296.0178037993498
24,296.0178037993498
25,296.0178037993498
26,296.0178037993498
27,296.0178037993498
28,296.0178037993498
29,296.0178037993498
30,296.0178037993498
31,289.74585139324734
32,288.6386905526181
33,288.6386905526181
34,288.6386905526181
35,288.1070706585668
36,288.1070706585668
37,288.1070706585668
38,288.1070706585668
39,288.1070706585668
40,288.1070706585668
41,288.1070706585668
42,288.1070706585668
43,288.1070706585668
44,288.1070706585668
45,288.1070706585668
46,288.1070706585668
47,288.1070706585668
48,288.1070706585668
49,288.1070706585668
50,288.1070706585668
51,288.1070706585668
52,288.1070706585668
53,288.1070706585668
54,288.1070706585668
55,288.1070706585668
56,287.8634199801463
57,287.8634199801463
58,287.8634199801463
59,287.8634199801463
60,287.8634199801463
61,287.8634199801463
62,287.8634199801463
63,287.8634199801463
64,287.8634199801463
65,287.8634199801463
66,287.8634199801463
67,287.8634199801463
68,287.8044548554555
