epoch,fitness
0,1223.4572273568067
1,617.5203243534535
2,590.3781952573837
3,574.2330082237246
4,574.2330082237246
5,574.2330082237246
6,530.2871271649774
7,530.2871271649774
8,530.2871271649774
9,508.4868266232281
10,508.4868266232281
11,508.4868266232281
12,508.4868266232281
13,508.4868266232281
14,508.41718889997765
15,508.41718889997765
16,508.41718889997765
17,508.41718889997765
18,508.41718889997765
19,508.41718889997765
20,508.41718889997765
21,508.41718889997765
22,508.41718889997765
23,508.41718889997765
24,508.41718889997765
25,508.41718889997765
26,508.41718889997765
27,508.41718889997765
28,508.41718889997765
29,508.41718889997765
30,508.41718889997765
31,508.41718889997765
32,508.41718889997765
33,508.41718889997765
34,508.41718889997765
35,508.41718889997765
36,508.41718889997765
37,508.41718889997765
38,508.41718889997765
39,508.41718889997765
40,508.41718889997765
41,508.41718889997765
42,508.41718889997765
43,508.41718889997765
44,508.41718889997765
45,508.41718889997765
46,508.41718889997765
47,508.41718889997765
48,508.41718889997765
49,508.41718889997765
50,508.41718889997765
51,508.41718889997765
52,508.41718889997765
53,508.41718889997765
54,508.41718889997765
55,508.41718889997765
56,508.41718889997765
57,508.41718889997765
58,508.41718889997765
59,508.41718889997765
60,508.41718889997765
61,508.41718889997765
62,508.41718889997765
63,508.41718889997765
64,508.41718889997765
65,508.41718889997765
66,508.41718889997765
67,508.41718889997765
68,508.41718889997765
69,508.41718889997765
70,508.41718889997765
71,508.41718889997765
72,508.41718889997765
73,508.41718889997765
74,508.41718889997765
75,508.41718889997765
76,508.41718889997765
77,508.41718889997765
78,508.41718889997765
79,508.41718889997765
80,508.41718889997765
81,508.41718889997765
82,508.41718889997765
83,508.41718889997765
84,508.41718889997765
85,508.41718889997765
86,508.41718889997765
87,508.41718889997765
88,508.41718889997765
89,508.41718889997765
90,508.41718889997765
