epoch,fitness
0,121.65863186742611
1,121.65863186742611
2,121.65863186742611
3,110.12379340638455
4,108.55437457232956
5,108.03620880172794
6,108.03620880172794
7,91.41639299637832
8,91.28986294467151
9,91.21253026076555
10,91.21253026076555
11,91.21253026076555
12,91.15785223690447
13,89.75303747844633
14,89.6404991293576
15,89.6404991293576
16,89.6404991293576
17,89.6404991293576
18,89.54787073718397
19,89.54787073718397
20,89.54787073718397
21,89.5128727834951
22,89.5128727834951
23,89.5128727834951
24,89.5128727834951
25,89.5128727834951
26,89.5128727834951
27,89.5128727834951
28,89.23375779814369
29,89.12528189896247
30,88.63349175059044
31,88.63349175059044
32,88.5170111659965
33,88.5170111659965
34,88.5170111659965
35,88.5170111659965
36,88.5170111659965
37,88.5170111659965
38,88.32889478844629
39,88.32889478844629
40,88.32889478844629
41,88.32889478844629
42,87.51054226192109
43,87.49157194316085
44,87.49157194316085
45,87.43255473156731
46,87.43255473156731
47,87.43255473156731
48,87.43255473156731
49,87.43255473156731
50,87.43255473156731
51,87.43255473156731
52,87.43255473156731
53,87.43255473156731
54,87.43255473156731
55,87.43255473156731
56,87.43255473156731
57,87.43255473156731
58,87.43255473156731
59,87.43255473156731
60,87.43255473156731
61,87.39129304765146
62,87.39129304765146
63,87.39129304765146
64,87.35019209907229
65,87.35019209907229
66,87.35019209907229
67,87.35019209907229
68,87.35019209907229
69,87.35019209907229
70,87.35019209907229
71,87.35019209907229
72,87.35019209907229
73,87.35019209907229
74,87.31220665995986
75,87.31220665995986
76,87.31220665995986
77,87.31220665995986
78,87.31220665995986
79,87.31220665995986
80,87.31220665995986
81,87.31220665995986
82,87.31220665995986
83,87.2214801729118
84,87.2214801729118
85,87.2214801729118
86,87.2214801729118
87,87.2214801729118
