epoch,fitness
0,1237.767583709198
1,1237.767583709198
2,988.2468134944282
3,734.203687501119
4,605.9434502565811
5,548.9214887811313
6,533.821806466659
7,533.821806466659
8,533.821806466659
9,523.8413915308762
10,523.8413915308762
11,519.6325803333132
12,519.6325803333132
13,519.6325803333132
14,519.0361988575531
15,519.0361988575531
16,519.0361988575531
17,507.21854674909866
18,505.11237753386513
19,499.72185896375254
20,499.72185896375254
21,497.90672142077455
22,497.90672142077455
23,497.90672142077455
24,497.90672142077455
25,491.1623124933808
26,489.1411646971813
27,489.1411646971813
28,484.7900112861772
29,484.7900112861772
30,484.7900112861772
31,484.7900112861772
32,484.4763739719927
33,482.69339822947694
34,482.69339822947694
35,482.34814540455176
36,482.34814540455176
37,482.34814540455176
38,482.34814540455176
39,480.9535949550803
40,480.9535949550803
41,480.8826141331319
42,480.8826141331319
43,480.8826141331319
44,480.79136497151705
45,480.79136497151705
46,480.6197933593836
47,480.6197933593836
48,480.6197933593836
49,480.457134978123
50,480.457134978123
51,480.457134978123
52,480.4540584128915
