epoch,fitness
0,1283.5010193769424
1,1246.797633188333
2,661.0768157703906
3,484.86510099090617
4,457.1804538297703
5,454.63218646754
6,454.63218646754
7,453.4472914546388
8,453.4472914546388
9,447.27346890690416
10,447.27346890690416
11,447.27346890690416
12,447.27346890690416
13,446.32741715162507
14,445.4778862644813
15,441.28491660629777
16,441.28491660629777
17,441.28491660629777
18,441.28491660629777
19,441.28491660629777
20,440.56432034690283
