epoch,fitness
0,734.6303372624333
1,589.4093578853373
2,465.68093173976615
3,423.0122978655492
4,385.0488222586682
5,373.3481584839539
6,371.24131165342146
7,370.96519429403526
8,323.2171058380309
9,323.2171058380309
10,320.94158915634705
11,320.7451959689131
12,320.7451959689131
13,320.7451959689131
14,320.2810642570452
15,320.2810642570452
16,320.0314077633516
17,320.0314077633516
18,320.0314077633516
19,320.0314077633516
20,319.73161891330886
21,319.31420207968455
22,319.31420207968455
23,319.31420207968455
24,318.66460796962673
25,318.2398864169228
26,318.2398864169228
27,318.2398864169228
28,318.2398864169228
29,318.2398864169228
30,318.2398864169228
31,318.2398864169228
32,318.2398864169228
33,318.2398864169228
34,318.2398864169228
35,318.2398864169228
36,318.1675498295134
37,318.1675498295134
38,318.1675498295134
39,317.5751923830563
40,317.5751923830563
41,317.5751923830563
42,317.2615900060177
43,317.2615900060177
44,317.2615900060177
45,317.2615900060177
46,317.2615900060177
47,317.2615900060177
48,315.9606074977932
49,315.9606074977932
50,315.9606074977932
51,315.9606074977932
52,315.05707389428204
53,315.05707389428204
54,315.05707389428204
55,315.05707389428204
