epoch,fitness
0,777.1935412608004
1,767.1087451663484
2,358.3987446048573
3,339.11784118684864
4,323.80254358660767
5,318.4118914181432
6,317.2724477530256
7,317.2724477530256
8,317.2724477530256
9,317.2724477530256
10,316.4611526506679
11,314.6918397062904
12,314.6918397062904
13,312.5864116873496
14,312.5864116873496
15,312.5864116873496
16,312.5864116873496
17,312.5864116873496
18,312.5864116873496
19,312.5864116873496
20,312.5864116873496
21,312.5864116873496
22,312.5864116873496
23,312.5864116873496
24,312.5864116873496
25,312.5864116873496
26,309.9459361619502
27,305.1102033422457
28,305.1102033422457
29,304.84646162227324
30,303.348587264221
31,303.348587264221
32,302.97253712748204
33,302.97253712748204
34,302.97253712748204
35,302.97253712748204
36,302.9156512777372
37,302.9156512777372
38,302.9156512777372
39,302.9156512777372
40,302.9156512777372
41,301.5392437041141
42,301.5392437041141
43,301.5392437041141
44,300.3770910499528
45,300.0838834043601
46,300.01870366751257
47,298.6375235150642
48,298.6375235150642
49,298.6375235150642
50,298.6375235150642
51,298.6375235150642
52,297.67910924524193
53,297.67910924524193
