epoch,fitness
0,746.8313164254793
1,350.35187859067423
2,344.87413908105543
3,342.54527630813794
4,339.6496020848064
5,329.80982127176185
6,328.3988810114374
7,328.3988810114374
8,324.81060843526495
9,323.8247639150786
10,323.8035426055423
11,323.8035426055423
12,323.8035426055423
13,319.57019525428063
14,319.57019525428063
15,319.57019525428063
16,319.57019525428063
17,319.57019525428063
18,319.57019525428063
19,319.57019525428063
20,319.57019525428063
