epoch,fitness
0,1260.02941895108
1,975.2126058178644
2,556.5244908624793
3,532.9813518034415
4,529.2944977443744
5,513.8627851999719
6,510.662063840043
7,510.662063840043
8,505.99847168734414
9,503.53508955105343
10,503.53508955105343
11,499.96641497580333
12,499.96641497580333
13,499.96641497580333
14,499.96641497580333
15,490.6734695675498
16,490.6734695675498
17,487.10147395988747
18,486.9886190601371
