epoch,fitness
0,1284.7689258110456
1,1009.0487928135648
2,583.5078321049125
3,503.9323242376663
4,503.9323242376663
5,503.9323242376663
6,503.22219085036534
7,500.9469881968683
8,497.30618767583974
9,496.3903758928872
10,496.3903758928872
11,496.3903758928872
12,494.07899870394203
13,494.07899870394203
14,494.07899870394203
15,494.07899870394203
16,494.07899870394203
17,494.07899870394203
18,492.87091870894307
19,492.87091870894307
20,490.9870523885709
21,487.98332867231545
22,487.98332867231545
23,487.98332867231545
24,485.6807944775159
25,485.6807944775159
26,485.6807944775159
27,485.6807944775159
28,485.6807944775159
29,484.781376029436
30,484.7038524850098
31,484.7038524850098
32,482.6776738283371
33,474.36135356862934
34,471.73744000005763
35,471.73744000005763
36,471.73744000005763
37,471.73744000005763
38,471.73744000005763
39,471.73744000005763
40,468.56220698622457
41,468.0861979226082
42,468.0861979226082
43,468.0861979226082
44,464.4897767412744
45,464.4897767412744
46,464.25366714040297
47,464.25366714040297
48,464.05830972188244
49,464.05830972188244
50,462.4387670079482
51,462.4387670079482
52,462.4387670079482
53,462.4387670079482
54,460.73623934818625
55,457.4672787423211
56,457.4672787423211
57,457.4672787423211
58,457.4672787423211
59,457.4672787423211
60,457.4672787423211
61,457.4672787423211
62,455.78624002617323
63,455.78624002617323
64,455.78624002617323
