epoch,fitness
0,1258.31883914325
1,763.6662945683687
2,583.2529254993377
3,514.6276369454738
4,486.0639246683839
5,486.0639246683839
6,482.89313935946063
7,482.89313935946063
8,475.45246785719365
9,475.45246785719365
10,475.45246785719365
11,475.45246785719365
12,475.45246785719365
13,475.45246785719365
14,474.07140851486764
15,472.1893140875549
16,472.1893140875549
17,472.1893140875549
18,472.1893140875549
19,472.1893140875549
20,472.1893140875549
21,472.1893140875549
22,470.53892314459114
23,470.53892314459114
24,470.53892314459114
25,470.53892314459114
26,470.53892314459114
27,470.53892314459114
28,470.53892314459114
29,468.9239529847339
30,468.9239529847339
31,468.9239529847339
32,468.9239529847339
33,468.9239529847339
34,468.9239529847339
35,468.9239529847339
36,468.9239529847339
37,468.9239529847339
38,468.657818470949
39,468.657818470949
40,468.657818470949
41,468.51233833774984
42,468.5039740047302
43,466.57652733635797
44,466.57652733635797
45,466.57652733635797
46,466.57652733635797
47,466.57652733635797
48,466.57652733635797
49,466.57652733635797
50,466.56550750558796
