epoch,fitness
0,938.8129221111022
1,441.7376352222609
2,443.1232355004387
3,419.1057820862388
4,404.60057362736654
5,404.60057362736654
6,404.60057362736654
7,404.60057362736654
8,399.8994940686597
9,393.395661487983
10,391.3105997598261
11,391.07359983996474
12,391.07359983996474
13,391.07359983996474
14,390.42023480044145
15,390.42023480044145
16,390.42023480044145
17,390.42023480044145
18,390.42023480044145
19,390.42023480044145
20,390.42023480044145
21,390.42023480044145
22,390.42023480044145
23,390.42023480044145
24,390.42023480044145
25,390.42023480044145
26,390.42023480044145
27,390.42023480044145
28,390.42023480044145
29,390.42023480044145
30,390.42023480044145
31,390.42023480044145
32,390.42023480044145
33,390.42023480044145
34,390.42023480044145
35,390.42023480044145
36,390.42023480044145
37,390.42023480044145
38,390.42023480044145
39,390.42023480044145
40,390.42023480044145
41,390.42023480044145
42,390.42023480044145
43,390.42023480044145
44,390.42023480044145
45,390.42023480044145
46,390.42023480044145
47,390.42023480044145
48,390.42023480044145
49,390.42023480044145
50,390.42023480044145
51,390.42023480044145
52,390.42023480044145
53,390.42023480044145
54,390.42023480044145
55,390.42023480044145
56,390.42023480044145
57,390.42023480044145
58,390.42023480044145
59,390.42023480044145
60,390.42023480044145
61,390.42023480044145
62,390.42023480044145
63,390.38815683179644
64,390.38815683179644
65,390.38815683179644
66,390.38815683179644
67,390.38815683179644
68,390.38815683179644
69,390.38815683179644
70,390.38815683179644
71,390.38815683179644
72,390.38815683179644
73,390.38815683179644
74,390.38815683179644
75,390.38815683179644
76,390.38815683179644
77,390.38815683179644
78,390.38815683179644
79,390.38815683179644
80,390.38815683179644
81,390.38815683179644
82,390.38815683179644
83,390.38815683179644
84,390.38815683179644
85,390.38815683179644
86,390.38815683179644
87,390.38815683179644
88,390.38815683179644
89,390.38815683179644
90,390.38815683179644
91,390.38815683179644
92,390.38815683179644
93,390.38815683179644
94,390.38815683179644
95,390.38815683179644
96,390.3784098934996
97,390.3784098934996
98,390.3784098934996
99,390.3784098934996
100,390.3784098934996
101,390.3784098934996
102,390.3784098934996
103,390.3784098934996
104,390.3784098934996
105,390.3784098934996
106,390.3784098934996
107,390.3784098934996
108,390.3784098934996
