epoch,fitness
0,338.63891931305
1,303.213097080939
2,284.23533925574134
3,230.51604030929118
4,230.1086477613454
5,218.18544478988343
6,211.4273816771538
7,208.75651261303392
8,208.54644209005085
9,208.3639815348779
10,205.09246514270652
11,205.09246514270652
12,198.38412975796504
13,198.38412975796504
14,196.59955794330676
15,196.59955794330676
16,196.52323172509864
17,195.87294972803994
18,194.45150111187354
19,194.45150111187354
20,194.45150111187354
21,194.45150111187354
22,194.45150111187354
23,194.45150111187354
24,194.45150111187354
25,194.45150111187354
26,194.45150111187354
27,194.21680296564816
28,194.21680296564816
29,194.01087175807993
30,194.01087175807993
31,194.01087175807993
32,194.0061672479205
33,194.0061672479205
34,194.0061672479205
35,194.0061672479205
36,194.0061672479205
37,194.0061672479205
38,192.75044377134716
39,192.75044377134716
40,192.30303545512712
41,191.49018542396448
42,191.49018542396448
43,191.49018542396448
44,191.49018542396448
45,190.97813846200532
46,190.97813846200532
47,190.97813846200532
48,190.97813846200532
49,190.5426653388301
50,190.41155161531256
51,190.28506282614623
52,190.28506282614623
53,189.12877632649955
54,189.12877632649955
55,189.12877632649955
56,189.12877632649955
57,189.12877632649955
58,189.0043024902089
59,188.77999473393504
60,188.77999473393504
61,188.77999473393504
