epoch,fitness
0,1364.6433836630756
1,905.9148538439755
2,666.0669695327556
3,651.2000183275699
4,631.5779146074774
5,630.9298224081069
6,630.9203258200508
7,625.0241049342087
8,625.0241049342087
9,623.1947308334118
10,623.1947308334118
11,622.498230041894
12,621.9652849880138
13,620.6839956580055
14,618.7314057392525
15,618.7314057392525
16,617.023551575493
17,611.9289684670674
18,611.9289684670674
19,611.9289684670674
20,611.9289684670674
21,611.9289684670674
22,611.9289684670674
23,611.9289684670674
24,611.7972609631788
25,611.7972609631788
26,610.2502860125694
27,610.2502860125694
28,609.807466453978
29,606.8507035647013
30,606.8507035647013
31,606.8507035647013
32,606.7506932624551
33,606.2603192790336
34,606.2603192790336
35,606.2603192790336
36,606.0572508168353
37,605.9754087197263
38,605.6568852536305
39,605.5988739908814
40,604.7720989314496
41,604.6020482560316
42,604.2731769760378
43,604.1997619634877
44,604.0476255061496
45,603.4944550798847
46,603.4944550798847
47,603.4944550798847
48,603.0549060055299
49,603.0549060055299
50,603.0549060055299
