epoch,fitness
0,718.0860988086081
1,568.4874389709558
2,499.6418963955364
3,436.0410040169255
4,401.79207902972763
5,401.79207902972763
6,400.4788604922326
7,380.9867095515502
8,380.72906293843243
9,355.60865458877254
10,330.23749089269745
11,319.7841318265948
12,319.11937648276836
13,319.11937648276836
14,319.11937648276836
15,318.5517536425771
16,318.31293065898916
17,318.31293065898916
18,317.314359791832
19,317.314359791832
20,315.9732518817837
21,315.9732518817837
22,315.9732518817837
23,315.7422763691689
24,315.53508148853456
25,314.66427693114014
26,314.66427693114014
27,314.66427693114014
28,314.66427693114014
29,314.57338625997284
30,314.57338625997284
31,314.57338625997284
32,313.3490176952386
33,312.65115451958667
34,312.65115451958667
35,312.65115451958667
36,312.65115451958667
37,312.55984663699303
38,312.55984663699303
39,312.55984663699303
40,312.55984663699303
41,312.55984663699303
42,312.55984663699303
43,312.55984663699303
44,312.37700697279126
45,312.37700697279126
46,312.37700697279126
47,312.37700697279126
48,312.37700697279126
49,312.37700697279126
50,312.37700697279126
51,312.37700697279126
52,312.37700697279126
53,312.37700697279126
54,311.71847949273763
55,311.3488598793639
56,311.3488598793639
57,311.3488598793639
