epoch,fitness
0,762.9626614236421
1,759.6220816630412
2,709.9495392103836
3,709.9495392103836
4,608.7225009619079
5,583.0275896383615
6,318.9611559928012
7,307.8235727645253
8,303.94373607506094
9,303.94373607506094
10,300.21395332898226
11,300.21395332898226
12,295.919447195914
13,295.919447195914
14,295.919447195914
15,295.5443127396885
16,295.5443127396885
17,295.5443127396885
18,294.5113208538215
19,294.5113208538215
20,294.5113208538215
21,294.0582227668437
22,294.0582227668437
23,294.0582227668437
24,294.0582227668437
25,292.3274513602161
26,292.3274513602161
27,292.3274513602161
28,292.3274513602161
29,292.2860121485949
30,292.2860121485949
31,292.2860121485949
32,292.2860121485949
33,292.02568953832633
34,291.59121904763373
35,291.59121904763373
36,291.59121904763373
37,291.59121904763373
38,291.59121904763373
39,290.94312485652114
40,290.94312485652114
41,290.94312485652114
42,290.94312485652114
43,290.94312485652114
44,290.94312485652114
45,290.5935257301099
46,290.5935257301099
47,290.5935257301099
48,290.5935257301099
49,290.5935257301099
50,290.5935257301099
51,290.5935257301099
52,290.5935257301099
53,290.5935257301099
54,290.5935257301099
55,290.5935257301099
56,290.5935257301099
57,290.5935257301099
58,290.5935257301099
59,290.5935257301099
60,290.5935257301099
61,289.45459092463324
