epoch,fitness
0,1633.5726682984343
1,1490.008307443872
2,913.1152593911512
3,622.2784850817809
4,559.0020861662841
5,532.2176439341735
6,522.9687106157297
7,522.9687106157297
8,522.9687106157297
9,522.9687106157297
10,518.4406883575376
11,518.4406883575376
12,515.9049769047622
13,515.9049769047622
14,515.9049769047622
15,515.9049769047622
16,515.9049769047622
17,515.9049769047622
18,515.9049769047622
19,515.9049769047622
20,513.1934838200667
21,512.8337957245922
22,512.8337957245922
23,512.8337957245922
24,511.775806149658
25,509.4429680972907
26,509.4429680972907
27,509.311570168054
28,507.93608179848803
29,506.27890194578464
30,501.97579200599944
31,501.97579200599944
32,501.97579200599944
33,500.15995636042254
34,500.15995636042254
35,496.4875488088743
36,496.4875488088743
37,496.4875488088743
38,496.4875488088743
39,496.4875488088743
40,496.4875488088743
41,496.4875488088743
42,496.3512693110016
43,496.3512693110016
44,492.6128260596765
45,492.6128260596765
46,487.7373322622816
47,487.7373322622816
48,487.7373322622816
49,487.7373322622816
