epoch,fitness
0,1564.9810749354685
1,795.1206287524722
2,749.7575958174542
3,744.7570694846854
4,744.7570694846854
5,739.1950471486671
6,713.7401074414973
7,696.8472408517821
8,694.8683891649598
9,692.2061638892447
10,692.2061638892447
11,692.2061638892447
12,674.8036611584507
13,674.8036611584507
14,674.48242058072
15,674.48242058072
16,671.9775026896887
17,669.9456086385575
18,669.9456086385575
19,669.9456086385575
20,668.5746424900788
21,668.5408274202667
22,667.7050534628597
23,667.7050534628597
24,665.4034723470281
25,665.4034723470281
26,665.4034723470281
27,665.4034723470281
28,665.4034723470281
29,665.4034723470281
30,663.0905435544447
31,663.0905435544447
32,663.0905435544447
33,661.6451054478318
34,661.6451054478318
35,660.8039010753223
36,660.8039010753223
37,660.8039010753223
38,660.8039010753223
39,660.8039010753223
40,659.940497007063
41,659.940497007063
42,659.940497007063
