epoch,fitness
0,1561.9540032357936
1,1430.180730552668
2,743.1233712445251
3,731.9118514669922
4,731.1901463372687
5,721.3311803843847
6,719.0100666220575
7,717.7660347463848
8,715.771129841696
9,715.7643343631345
10,714.4169558128062
11,714.4169558128062
12,711.4850216963335
13,711.4850216963335
14,711.4850216963335
15,711.4850216963335
16,709.7193495460066
17,709.7193495460066
18,709.7193495460066
19,709.7193495460066
20,709.7193495460066
21,709.7193495460066
22,709.7193495460066
23,707.3707900899717
24,706.4233723267952
25,703.6966015993024
26,702.381025725318
27,701.8864545082084
28,701.8864545082084
29,701.7739341212002
30,701.0436371892
31,701.0436371892
32,701.0436371892
33,700.7813405844798
34,700.7813405844798
35,698.348154648626
36,698.348154648626
37,698.348154648626
38,698.135566239145
39,697.1311141008939
40,695.0587626523237
41,695.0587626523237
42,695.0587626523237
43,695.0587626523237
44,695.0587626523237
45,695.0587626523237
46,693.6360133620424
