epoch,fitness
0,1573.2046039829602
1,761.2068317535052
2,739.8217993860286
3,694.4503886975308
4,694.4503886975308
5,694.4503886975308
6,694.4503886975308
7,649.274906613178
8,649.274906613178
9,639.5480453040095
10,639.5480453040095
11,639.5480453040095
12,639.5480453040095
13,639.5480453040095
14,639.5480453040095
15,639.5480453040095
16,639.5480453040095
17,639.5480453040095
18,639.5480453040095
19,639.5480453040095
20,639.5480453040095
21,639.5480453040095
22,639.5480453040095
23,639.5480453040095
24,639.5480453040095
25,639.5480453040095
26,639.5480453040095
27,639.5480453040095
28,639.5480453040095
29,639.5480453040095
30,639.5480453040095
31,639.5480453040095
32,639.5480453040095
33,639.5480453040095
34,639.5480453040095
35,639.5480453040095
36,639.5480453040095
37,639.5480453040095
38,639.5480453040095
39,639.5480453040095
40,639.5480453040095
41,639.5480453040095
42,639.5480453040095
43,639.5480453040095
44,639.50781520441
45,639.50781520441
46,639.50781520441
47,639.50781520441
48,639.50781520441
49,639.50781520441
50,639.50781520441
51,639.50781520441
52,639.50781520441
53,639.50781520441
54,639.50781520441
55,639.50781520441
56,639.50781520441
57,639.50781520441
58,639.50781520441
59,639.50781520441
60,639.50781520441
61,639.50781520441
62,639.50781520441
63,639.50781520441
64,639.50781520441
65,639.50781520441
66,639.50781520441
67,639.50781520441
68,639.50781520441
69,639.50781520441
70,639.50781520441
71,639.50781520441
72,639.50781520441
73,639.50781520441
74,639.50781520441
75,639.4746783123459
76,639.4746783123459
77,639.4746783123459
78,639.4746783123459
79,639.4746783123459
80,639.4660065277093
81,639.4660065277093
82,639.4660065277093
83,639.4660065277093
84,639.4660065277093
85,639.4660065277093
86,639.4660065277093
87,639.4660065277093
88,639.4660065277093
89,639.4660065277093
90,639.4660065277093
91,639.4660065277093
92,639.4660065277093
93,639.4660065277093
94,639.4660065277093
95,639.4660065277093
96,639.4660065277093
97,639.4660065277093
98,639.4660065277093
99,639.4660065277093
100,639.4660065277093
101,639.4660065277093
102,639.4660065277093
103,639.4660065277093
104,639.4660065277093
105,639.4660065277093
106,639.4660065277093
107,639.4660065277093
108,639.4660065277093
109,639.4660065277093
110,639.4660065277093
111,639.4660065277093
112,639.4660065277093
113,639.4660065277093
114,639.4660065277093
115,639.4660065277093
116,639.4660065277093
117,639.4660065277093
118,639.4660065277093
119,639.4660065277093
