epoch,fitness
0,141.57948709246807
1,92.35944188131812
2,72.47906986860272
3,69.42122503153406
4,68.59796141305478
5,68.59796141305478
6,68.59796141305478
7,68.57072383940071
8,68.17042895310871
9,67.08487511252905
10,67.08487511252905
11,66.49995798257423
12,66.21763308571472
13,66.0644500558891
14,66.0644500558891
15,66.0644500558891
16,66.0644500558891
17,65.5176761121314
18,65.5176761121314
19,64.9025596663378
20,64.9025596663378
21,64.9025596663378
22,64.49307935234147
23,63.98934125908909
24,63.98934125908909
25,63.937384870649666
26,63.586190754284004
27,63.586190754284004
28,62.793618456177875
29,62.793618456177875
30,62.793618456177875
31,62.7856652923817
32,61.7505772580469
33,61.58880499473996
34,61.58880499473996
35,61.429378403705364
36,59.9856870307805
37,59.9856870307805
38,59.91764775004465
39,59.91764775004465
40,59.222829433560364
41,59.222829433560364
42,58.97452166725242
43,58.66160477422717
44,58.018485684343595
45,57.661781528080475
46,57.661781528080475
47,57.576007253575234
48,56.24266338365781
49,55.907927398603285
50,55.85999238023999
51,55.7266059347589
52,55.7266059347589
53,55.64147965222647
54,55.58263078423732
55,55.58263078423732
56,55.58263078423732
57,55.58263078423732
58,55.44811070820208
59,55.181341114088546
60,55.093220125656046
61,54.9803081184014
62,54.236768983999966
63,54.236768983999966
64,54.236768983999966
65,54.236768983999966
66,54.236768983999966
67,54.236768983999966
68,54.04752841404021
69,54.04752841404021
70,53.495345335876216
71,53.495345335876216
72,53.495345335876216
73,53.495345335876216
