epoch,fitness
0,1058.4297734640832
1,797.6264128215597
2,558.9667012939143
3,536.9365909823392
4,535.6980127266568
5,530.254870847697
6,528.1865427202856
7,528.1865427202856
8,528.1865427202856
9,527.077261569237
10,525.9998524177524
11,523.7712918713604
12,522.1509216778403
13,521.9143444138141
14,521.9143444138141
15,519.7544487388374
16,519.7544487388374
17,518.7058835751081
18,516.3452247012557
19,516.2808599555168
20,514.7469612810378
21,514.1759382781047
22,514.1759382781047
23,511.3559953603036
24,511.3559953603036
25,510.7362316646374
26,510.7362316646374
27,509.6369787836415
28,509.49991700901995
29,509.3687736574229
30,509.3687736574229
31,508.8410912693993
32,508.67003698489196
33,508.1435413278905
34,508.1435413278905
35,508.1435413278905
36,507.64132816145224
37,507.64132816145224
38,507.5572929295596
39,506.84065165827985
40,506.61855389024504
41,504.7074088534263
42,504.7074088534263
43,504.2631743466351
44,504.2631743466351
45,501.7169060748328
46,501.7169060748328
47,501.66990876270364
48,501.66990876270364
49,501.1663817019033
50,501.1663817019033
51,501.1663817019033
52,500.8043311670048
53,500.67389436632504
54,500.67389436632504
