epoch,fitness
0,583.7892290013732
1,499.4667854052498
2,409.4032691128844
3,374.65167444613206
4,319.09061166148945
5,311.12264978043834
6,303.92385489601367
7,300.41353700998405
8,299.4234027279177
9,299.34998841601004
10,298.90818047726856
11,297.3079981842324
12,297.3079981842324
13,294.02490371393793
14,293.65577035792
15,293.12663005954204
16,293.12663005954204
17,292.850291594816
18,292.850291594816
19,291.5040093338614
20,291.01692504593404
21,290.19957360088114
22,289.47485043603064
23,288.797214252131
24,288.797214252131
25,288.797214252131
26,287.7906091946827
27,286.9367478801621
28,286.9364182910424
29,286.7283356891264
30,286.08522756013195
31,286.08522756013195
32,285.5424903253868
33,283.63450459801896
34,283.63450459801896
35,283.33024604562917
36,283.33024604562917
37,278.3847646701286
38,275.1730266859261
39,275.1730266859261
40,275.1730266859261
41,275.1730266859261
42,274.8658118945955
43,274.7303872206936
44,274.42666448010067
45,274.42666448010067
46,274.42666448010067
47,272.59082069769727
48,271.92860021596493
49,270.10344647273087
50,269.2558189823567
51,267.49654335002646
52,267.49654335002646
53,267.49654335002646
54,267.3325151381557
55,267.3325151381557
56,267.3325151381557
57,267.3325151381557
58,267.3325151381557
59,267.3325151381557
60,267.3325151381557
61,267.3325151381557
62,267.3325151381557
