epoch,fitness
0,1168.5036375363109
1,1123.8771666206933
2,628.2343244867878
3,498.9227165711246
4,484.40956540466607
5,484.40956540466607
6,484.40956540466607
7,484.40956540466607
8,484.40956540466607
9,484.40956540466607
10,484.304749623327
11,483.9502489239032
12,476.20341614457163
13,475.4667432394898
14,475.4667432394898
15,475.4667432394898
16,468.78170724500734
17,468.78170724500734
18,465.661193782144
19,465.661193782144
20,464.10796912242614
21,462.16392688282934
22,460.577750938369
23,459.52223678836043
24,458.4428436443788
25,458.4428436443788
26,458.4428436443788
27,458.4428436443788
28,458.209748770313
29,457.97633086798476
30,454.0750546337389
31,454.0750546337389
32,454.0750546337389
33,454.0750546337389
34,454.0750546337389
35,454.0750546337389
36,454.0750546337389
37,454.0750546337389
38,452.7152629219213
39,452.7152629219213
40,452.7152629219213
41,452.7152629219213
42,450.93113633567833
43,450.93113633567833
44,448.97874014703285
45,448.97874014703285
46,446.36833571420266
47,446.36833571420266
48,446.36833571420266
49,446.36833571420266
