epoch,fitness
0,1634.1201622350777
1,1229.90671986345
2,886.9150913825955
3,634.6303400394589
4,584.2388871145808
5,582.155321558095
6,573.6860321293004
7,540.8799876920524
8,540.8799876920524
9,540.8799876920524
10,540.8799876920524
11,540.8799876920524
12,540.8799876920524
13,540.8799876920524
14,538.4085237135109
15,538.4085237135109
16,538.4085237135109
17,536.9502832876792
18,535.6184781767332
19,535.0462233672602
20,535.0462233672602
21,534.6526943703246
22,532.1023515111839
23,529.0054571654084
24,529.0054571654084
25,529.0054571654084
26,529.0054571654084
27,529.0054571654084
28,529.0054571654084
29,529.0054571654084
30,529.0054571654084
31,526.4171594769928
32,524.859753183633
33,524.8192519867656
34,524.8192519867656
35,524.8192519867656
36,524.8016271777901
37,524.8016271777901
38,524.8016271777901
39,524.8016271777901
40,524.8016271777901
41,524.8016271777901
42,524.8016271777901
43,524.8016271777901
44,524.8016271777901
45,524.8016271777901
46,524.8016271777901
47,524.8016271777901
48,524.8016271777901
49,521.135522167569
50,521.135522167569
51,521.135522167569
52,521.135522167569
53,521.135522167569
54,521.135522167569
55,521.135522167569
56,520.7129031355253
57,520.7129031355253
58,520.3495679299754
59,520.3495679299754
60,519.5143288608241
61,519.5143288608241
62,519.5143288608241
63,518.0259213198174
64,518.0259213198174
