epoch,fitness
0,1690.3635284690351
1,1205.5330473480044
2,1126.5106578479476
3,703.3973738315274
4,575.6049129252472
5,570.6433980873179
6,570.6433980873179
7,570.6433980873179
8,564.2757211448958
9,564.2757211448958
10,564.2757211448958
11,560.2437154337549
12,560.2437154337549
13,557.2435230465234
14,556.059339904438
15,556.059339904438
16,553.4118050152748
17,553.2860495327193
18,553.2860495327193
19,553.2437848300148
20,548.2520252841398
21,548.1178533010524
22,545.7332231276372
23,545.7332231276372
24,545.7332231276372
25,545.7332231276372
26,544.4443102954866
27,544.4443102954866
28,544.4443102954866
29,541.0075869106829
30,541.0075869106829
31,539.3697817141417
32,539.3697817141417
33,539.3697817141417
34,537.7457976847313
35,537.7457976847313
36,537.7457976847313
37,537.7457976847313
38,537.7457976847313
39,537.7457976847313
40,535.2064433823037
41,535.2064433823037
42,535.2064433823037
43,535.2064433823037
44,534.9346592198698
45,534.9346592198698
46,534.9346592198698
47,534.9346592198698
48,534.9346592198698
49,534.9346592198698
50,534.9346592198698
51,534.9346592198698
52,534.9346592198698
