epoch,fitness
0,125.23929150877278
1,110.48339958480909
2,108.58006567847616
3,108.41036962348531
4,108.17174868308925
5,108.17174868308925
6,107.30999678029833
7,107.30999678029833
8,107.30999678029833
9,107.30999678029833
10,102.39908682007062
11,102.39908682007062
12,102.39908682007062
13,101.19387044192501
14,101.19387044192501
15,101.19387044192501
16,101.19387044192501
17,101.19387044192501
18,101.19387044192501
19,101.19387044192501
20,101.19387044192501
21,101.19387044192501
22,101.19387044192501
23,101.19387044192501
24,101.19387044192501
25,100.75962440197975
26,100.58187443874135
27,96.57169650914827
28,94.98000927590742
29,94.22824085809862
30,92.32227184843495
31,88.33277249395248
32,88.33277249395248
33,88.33277249395248
34,88.33277249395248
35,88.33277249395248
36,88.33277249395248
37,88.33277249395248
38,88.33277249395248
39,88.33277249395248
40,88.33277249395248
41,88.33277249395248
42,88.33277249395248
43,88.33277249395248
44,88.33277249395248
45,88.33277249395248
46,88.33277249395248
47,88.33277249395248
48,88.33277249395248
49,88.31529556822272
50,88.31529556822272
51,88.31529556822272
52,88.31529556822272
53,88.30301026996709
54,88.30301026996709
55,88.30301026996709
56,88.30301026996709
57,88.30301026996709
58,88.30301026996709
59,88.30301026996709
60,88.30301026996709
61,88.30301026996709
62,88.30301026996709
63,88.30301026996709
64,88.30301026996709
65,88.30301026996709
66,88.25185136507476
67,88.25185136507476
68,88.25185136507476
69,88.25185136507476
70,88.25185136507476
71,88.25185136507476
72,88.25185136507476
73,88.25185136507476
74,88.25185136507476
75,88.25185136507476
76,88.25185136507476
77,88.25185136507476
78,88.25185136507476
79,88.25185136507476
80,88.25185136507476
81,88.25185136507476
82,88.25185136507476
83,88.08338255889096
84,88.08338255889096
85,88.08338255889096
86,88.08338255889096
87,88.08338255889096
88,88.08338255889096
89,88.08338255889096
90,88.08338255889096
91,88.08338255889096
92,88.08338255889096
93,88.08338255889096
94,88.08338255889096
