epoch,fitness
0,724.3546449533005
1,722.215477617077
2,422.140265102266
3,299.38138197939907
4,298.6789969225395
5,293.2753425134359
6,291.2033555102257
7,290.85107853135366
8,290.85107853135366
9,290.85107853135366
10,290.85107853135366
11,290.85107853135366
12,290.4724210313969
13,289.5532885782875
14,289.5532885782875
15,288.25452840514697
16,288.25452840514697
17,288.25452840514697
18,288.25452840514697
19,288.25452840514697
20,288.13616341081996
21,288.13616341081996
22,288.13616341081996
23,288.13616341081996
24,288.13616341081996
25,287.2738898159649
26,287.2738898159649
27,287.2738898159649
28,287.2738898159649
29,287.23792521632924
30,287.23792521632924
31,286.7498370818452
32,286.7498370818452
33,286.7498370818452
34,285.63124902408606
35,285.63124902408606
36,285.63124902408606
37,285.63124902408606
38,285.63124902408606
39,285.63124902408606
40,285.63124902408606
41,285.63124902408606
42,285.63124902408606
43,285.63124902408606
44,285.63124902408606
45,285.63124902408606
46,285.63124902408606
47,284.4036804141801
48,284.4036804141801
49,284.4036804141801
50,284.4036804141801
51,284.4036804141801
52,284.4036804141801
53,284.4036804141801
54,284.23585566125234
