epoch,fitness
0,517.1587440749719
1,503.68882992660207
2,471.0429707132566
3,274.5277683049666
4,274.5277683049666
5,274.5277683049666
6,274.5277683049666
7,274.5277683049666
8,274.5277683049666
9,272.7312170593133
10,272.6338848827036
11,271.7958084432298
12,271.2741292863267
13,269.7941491176812
14,269.7941491176812
15,269.7941491176812
16,269.7941491176812
17,269.1904823668589
18,269.1904823668589
19,269.1904823668589
20,267.0777330966362
21,263.71563396073
22,263.71563396073
23,263.71563396073
24,258.82066584398257
25,258.82066584398257
26,256.7607868422129
27,256.7607868422129
28,256.7607868422129
29,256.15905070499247
30,256.15905070499247
31,253.77565011240551
32,253.77565011240551
33,253.77565011240551
34,253.77565011240551
35,253.77565011240551
36,253.77565011240551
37,251.32203694737808
38,251.32203694737808
39,251.32203694737808
40,251.32203694737808
41,251.32203694737808
42,251.32203694737808
43,251.32203694737808
44,250.52491590143714
45,250.52491590143714
46,247.89321656565133
47,247.89321656565133
48,247.89321656565133
49,247.89321656565133
50,247.89321656565133
51,247.82863616480353
52,247.76215600607077
53,246.09185853879498
54,246.0089462573309
55,245.81715800242486
56,245.73723260356104
