epoch,fitness
0,507.8028011079743
1,485.9013259457992
2,475.5731820888557
3,438.0608454736469
4,362.6523613951402
5,237.5160334171803
6,237.26563846401282
7,237.26563846401282
8,235.70056436150787
9,233.83616045483024
10,233.83616045483024
11,233.83616045483024
12,233.83616045483024
13,233.83616045483024
14,233.83616045483024
15,233.83616045483024
16,233.83616045483024
17,233.83616045483024
18,233.36958302461667
19,233.36958302461667
20,231.30005782296345
21,231.30005782296345
22,231.30005782296345
23,231.30005782296345
24,231.30005782296345
25,231.30005782296345
26,231.23844711640922
27,230.45070050107748
28,229.03530443084247
29,229.03530443084247
30,229.03530443084247
31,227.5115696643764
32,227.5115696643764
33,227.5115696643764
34,227.5115696643764
35,227.5115696643764
36,227.17518446606374
37,227.17518446606374
38,227.17518446606374
39,227.17518446606374
40,227.17518446606374
41,227.17518446606374
42,227.17518446606374
43,227.17518446606374
44,227.17518446606374
45,227.17518446606374
46,227.17518446606374
47,227.17518446606374
48,227.17518446606374
49,224.7384854150867
50,224.7384854150867
51,224.7384854150867
52,224.7384854150867
53,224.7384854150867
54,224.7384854150867
55,224.7384854150867
56,224.7384854150867
57,224.7384854150867
58,224.7384854150867
59,224.7384854150867
60,224.7384854150867
