epoch,fitness
0,471.58275476683474
1,310.5004428144373
2,251.21903706866442
3,247.72883010722936
4,247.72883010722936
5,234.3359080026959
6,233.74858539531033
7,229.88010293783543
8,229.88010293783543
9,229.88010293783543
10,229.88010293783543
11,227.59263597202522
12,224.13648049757566
13,224.13648049757566
14,223.98467573960883
15,223.0093393125537
16,223.0093393125537
17,223.0093393125537
18,223.0093393125537
19,223.0093393125537
20,223.0093393125537
21,223.0093393125537
22,223.0093393125537
23,222.965944593974
24,222.965944593974
25,222.965944593974
26,222.93547742877246
27,222.93547742877246
28,222.93547742877246
29,222.93547742877246
30,222.6429875675066
31,222.6429875675066
32,222.6429875675066
33,222.6016858749435
34,222.6016858749435
35,222.6016858749435
36,222.6016858749435
37,222.6016858749435
38,222.6016858749435
39,222.6016858749435
40,222.6016858749435
41,222.6016858749435
42,222.6016858749435
43,222.6016858749435
44,222.6016858749435
45,222.6016858749435
46,222.6016858749435
47,222.6016858749435
48,222.6016858749435
49,222.6016858749435
50,222.6016858749435
51,222.6016858749435
52,222.6016858749435
53,222.6016858749435
54,222.6016858749435
55,222.6016858749435
56,222.6016858749435
57,222.6016858749435
58,222.6016858749435
59,222.6016858749435
60,222.6016858749435
61,222.6016858749435
62,222.43759462301102
63,222.43759462301102
64,222.43759462301102
65,222.43759462301102
66,222.43759462301102
67,222.43759462301102
68,222.43759462301102
69,222.43759462301102
70,222.43759462301102
71,222.43759462301102
72,222.43759462301102
