epoch,fitness
0,220.7687170015158
1,205.06451068138833
2,162.60633712094833
3,153.5512373345639
4,146.5527150002417
5,146.5527150002417
6,146.5527150002417
7,146.5527150002417
8,146.5527150002417
9,146.5527150002417
10,146.5527150002417
11,146.5527150002417
12,146.5527150002417
13,146.5527150002417
14,146.5527150002417
15,146.5527150002417
16,144.98394041825048
17,144.98394041825048
18,144.92365353043712
19,143.54254522466542
20,143.54254522466542
21,143.54254522466542
22,141.8629452740433
23,141.16433626749125
24,140.1835267289636
25,140.1835267289636
26,140.1835267289636
27,140.1835267289636
28,140.1835267289636
29,140.1835267289636
30,140.1835267289636
31,140.1835267289636
32,139.97235698533927
33,139.97235698533927
34,139.97235698533927
35,139.97235698533927
36,139.95758606674826
37,139.89482323975662
38,136.9949142181489
39,136.9949142181489
40,136.9949142181489
41,136.9949142181489
42,136.9949142181489
43,136.9949142181489
44,136.769875667676
45,136.24080662009587
46,135.27209046117162
47,133.47210455224837
48,133.47210455224837
49,133.47210455224837
50,133.47210455224837
51,133.47210455224837
52,133.4689653581538
53,133.24101356778107
54,133.24101356778107
55,133.24101356778107
56,133.24101356778107
57,133.24101356778107
58,133.24101356778107
59,133.1513979120439
60,133.1513979120439
61,133.1513979120439
62,133.1513979120439
63,133.1513979120439
64,133.12997206253831
65,133.12997206253831
66,133.0803578517371
67,133.0803578517371
68,133.0803578517371
69,133.0803578517371
70,133.0803578517371
71,133.0803578517371
72,133.0803578517371
73,133.0803578517371
74,133.0803578517371
75,133.0803578517371
76,133.0803578517371
77,133.0803578517371
78,133.0803578517371
79,133.0803578517371
80,133.0803578517371
81,133.0586177573603
