epoch,fitness
0,220.15689575273902
1,203.75761167321045
2,203.6264375906502
3,161.4797993642032
4,159.82033621874496
5,146.56510571081992
6,146.56510571081992
7,143.09895963356473
8,143.06287647423568
9,142.96067225799737
10,142.03360379827362
11,139.92328522064807
12,139.92328522064807
13,139.92328522064807
14,139.92328522064807
15,139.92328522064807
16,139.92328522064807
17,139.1247364948428
18,139.1247364948428
19,138.89719064633215
20,138.84453758931477
21,138.84453758931477
22,138.84453758931477
23,138.84453758931477
24,138.84453758931477
25,138.84453758931477
26,138.84453758931477
27,138.4876091357725
28,138.4876091357725
29,138.4876091357725
30,138.4876091357725
31,138.4876091357725
32,138.4876091357725
33,138.4876091357725
34,138.4876091357725
35,138.4876091357725
36,138.4876091357725
37,138.4876091357725
38,138.4876091357725
39,138.47937043572782
40,137.43511717482104
41,137.43511717482104
42,137.43511717482104
43,137.43511717482104
44,137.43511717482104
45,136.67845424987217
46,136.67845424987217
47,136.67845424987217
48,136.67845424987217
49,136.67845424987217
50,136.67845424987217
51,136.67845424987217
52,136.67845424987217
53,136.67845424987217
54,136.22194958521595
55,135.79945432201905
56,135.79945432201905
57,135.79945432201905
58,135.79945432201905
59,135.79945432201905
60,135.79945432201905
61,135.61105505479864
