epoch,fitness
0,738.8118905491094
1,608.9946664214385
2,370.4124239849702
3,313.7821498390269
4,313.7821498390269
5,313.7821498390269
6,312.42343689692694
7,312.42343689692694
8,310.0577478464722
9,310.0577478464722
10,310.0546334110718
11,310.0546334110718
12,310.0546334110718
13,309.9677792480728
14,309.9380384656254
15,309.2530539333073
16,309.2530539333073
17,309.2530539333073
18,308.5287619896937
19,308.5287619896937
20,308.5287619896937
21,308.5287619896937
22,308.317945767723
23,307.5727687990585
24,307.5727687990585
25,307.5727687990585
26,307.5727687990585
27,307.46535560343983
28,307.17820309093815
29,307.17820309093815
30,306.96508173293927
31,306.96508173293927
32,306.8189567332594
33,306.37480938837206
34,306.280078830506
35,306.280078830506
36,306.280078830506
37,305.43458934156723
38,305.43458934156723
39,303.730633997776
40,303.730633997776
41,303.730633997776
42,303.730633997776
43,303.7185556757183
44,303.7185556757183
45,303.7185556757183
46,303.7185556757183
47,303.7185556757183
48,303.7185556757183
49,303.6252135226334
50,303.4592247893988
51,303.4592247893988
52,302.9219965288554
53,302.4343515713326
54,302.4343515713326
55,302.4343515713326
