epoch,fitness
0,1359.5490524479233
1,945.093167940547
2,656.4973042919931
3,644.2620514509197
4,644.2620514509197
5,644.2620514509197
6,638.082389442712
7,638.082389442712
8,634.6000085337187
9,634.6000085337187
10,633.945235403221
11,633.945235403221
12,633.1658787045287
13,633.1658787045287
14,633.1658787045287
15,633.1658787045287
16,633.1121116280938
17,632.4957045475406
18,632.4957045475406
19,632.4957045475406
20,632.4957045475406
