epoch,fitness
0,973.7116710069489
1,809.4367782188773
2,616.2100137232221
3,550.283055651736
4,472.7613018121805
5,472.7613018121805
6,462.8646463071877
7,462.8646463071877
8,460.9219199387096
9,460.9219199387096
10,459.9526103650085
11,457.2721392705207
12,457.2721392705207
13,456.8370781858193
14,456.8288888780903
15,456.70619090934355
16,454.8788812785635
17,452.8549567842725
18,452.8549567842725
19,452.8549567842725
20,452.7138531848486
21,451.1236760860783
22,450.75471705530083
23,450.5816192769166
24,449.8728549009725
25,448.57341632664884
26,445.709676970356
27,445.709676970356
28,445.5133573689457
29,445.5133573689457
30,445.5133573689457
31,444.0845444444826
32,442.31633630422044
33,442.31633630422044
34,439.46509301411595
35,439.46509301411595
36,438.44539364581857
37,438.44539364581857
38,438.40841754991015
39,437.51780154943657
40,437.1258463375099
41,437.1258463375099
42,436.82162081189205
43,436.82162081189205
44,436.82162081189205
45,436.82162081189205
46,435.9221323208103
47,435.9221323208103
48,435.9221323208103
49,435.9221323208103
50,435.326129244895
51,435.326129244895
52,435.2420286576954
53,434.94632613771944
