epoch,fitness
0,1239.739869663154
1,832.920568992477
2,805.7677191012682
3,456.8053667457349
4,456.8053667457349
5,456.8053667457349
6,454.7801033965616
7,444.0403861667188
8,443.8355533651643
9,443.8355533651643
10,443.8355533651643
11,443.8355533651643
12,442.12426473345744
13,442.07779757273875
14,442.07779757273875
15,442.07779757273875
16,442.07779757273875
17,440.22789296511627
18,440.2160663443337
19,440.2160663443337
20,440.2160663443337
21,440.2160663443337
22,440.2160663443337
23,440.2160663443337
24,438.0658334321372
25,437.98928088271134
26,437.98928088271134
27,437.98928088271134
28,437.98928088271134
29,437.98928088271134
30,435.5772610400425
31,433.92584787606506
32,432.6659917220126
33,432.6659917220126
34,432.66234360277286
35,427.3696098986337
36,427.3696098986337
37,427.3696098986337
38,426.7494182937375
39,426.7494182937375
40,426.7494182937375
41,426.7494182937375
42,425.5932793481891
43,425.46172754948105
44,425.46172754948105
45,425.46172754948105
46,425.46172754948105
47,425.46172754948105
48,424.70780516942585
49,424.70780516942585
50,421.2839624787338
51,421.2839624787338
52,421.2839624787338
53,421.07875848129976
