epoch,fitness
0,1210.7473902026572
1,1151.59161178801
2,728.1953982073006
3,501.7468010604987
4,501.7468010604987
5,492.3865361845613
6,487.7837241655081
7,481.51855493628045
8,481.1218467316522
9,481.1218467316522
10,481.1218467316522
11,481.1218467316522
12,480.6118344383281
13,480.6118344383281
14,480.6118344383281
15,480.6118344383281
16,480.6118344383281
17,480.6118344383281
18,475.8489668612164
19,475.8489668612164
20,475.8489668612164
21,475.8489668612164
22,475.8489668612164
23,475.8489668612164
24,474.060208406292
25,474.060208406292
26,473.1429085393585
27,473.1429085393585
28,469.104635762423
29,469.104635762423
30,469.104635762423
31,469.104635762423
32,469.104635762423
33,469.104635762423
34,469.104635762423
35,469.104635762423
36,469.104635762423
37,468.92889190434084
38,467.2066862384272
39,467.2066862384272
40,467.2066862384272
41,467.2066862384272
42,467.2066862384272
43,465.913606621701
44,464.49762719285144
45,464.2593749474363
46,461.393294191879
47,459.0248263224873
48,459.0248263224873
49,459.0248263224873
50,459.0248263224873
51,459.0248263224873
52,459.0248263224873
53,454.17428718081896
54,454.17428718081896
55,454.17428718081896
56,454.12791178425573
57,452.5033620179858
58,452.5033620179858
59,452.4542413957524
60,452.4542413957524
61,452.4542413957524
62,452.4542413957524
63,452.4542413957524
64,452.30114476780557
65,450.9069977155139
