epoch,fitness
0,843.2085569182665
1,637.6782445439686
2,434.2246843352039
3,416.05501264032256
4,404.1085213784503
5,396.68749349090217
6,385.3992871193964
7,385.3992871193964
8,384.3661895964952
9,384.3661895964952
10,383.3077517224649
11,383.3077517224649
12,382.14958035810236
13,382.14958035810236
14,382.04609745344385
15,381.24523512791905
16,380.08745344836046
17,372.1477576578084
18,370.3497300332331
19,370.3497300332331
20,370.3497300332331
21,370.3497300332331
22,370.3497300332331
23,370.3497300332331
24,368.924043117106
25,367.470183147841
26,367.470183147841
27,367.470183147841
28,367.470183147841
29,367.470183147841
30,367.470183147841
31,367.470183147841
32,366.17931734022307
33,366.17931734022307
34,362.59459171786153
35,362.59459171786153
36,362.59459171786153
37,362.5828697927294
38,362.5828697927294
39,362.5828697927294
40,361.9145560615289
41,358.4308652687863
42,358.4308652687863
43,358.4308652687863
44,356.7623815882832
45,356.7623815882832
46,356.09285115776265
47,354.1751909963946
48,354.1751909963946
49,354.1751909963946
50,353.2813857666013
51,353.2813857666013
52,353.2813857666013
53,353.2813857666013
54,353.2813857666013
55,353.2813857666013
56,353.2813857666013
57,353.2813857666013
58,353.2813857666013
59,353.2813857666013
60,352.69878539014803
61,352.53985851290463
62,352.53985851290463
