epoch,fitness
0,894.9391480820539
1,823.382755739649
2,819.9250643775658
3,403.27256545746104
4,399.8459747051729
5,397.455631263402
6,375.7121417594004
7,375.7121417594004
8,375.7121417594004
9,375.7121417594004
10,375.35508872531176
11,374.24585594680536
12,374.1825015052787
13,374.1825015052787
14,374.1825015052787
15,371.8790201743564
16,370.18628558067275
17,370.18628558067275
18,370.18628558067275
19,370.18628558067275
20,369.42590039976045
21,369.42590039976045
22,367.2233816569213
23,367.2233816569213
24,367.2233816569213
25,367.2233816569213
26,367.2233816569213
27,367.2233816569213
28,367.2233816569213
29,357.1011272823799
30,357.1011272823799
31,354.7241603541606
32,353.4894631495582
33,353.2686155514329
34,351.7286757902386
35,351.7286757902386
36,350.849226536029
37,348.53091677474595
38,348.3141859106422
39,348.3141859106422
40,348.3141859106422
41,348.067286191251
42,348.067286191251
43,348.067286191251
44,348.067286191251
45,347.3791494791542
46,347.3791494791542
47,343.6304487960153
48,343.6304487960153
49,343.6304487960153
50,343.6304487960153
51,343.6304487960153
52,343.6304487960153
53,343.6304487960153
54,343.6304487960153
55,343.6304487960153
56,343.6304487960153
57,343.6304487960153
