epoch,fitness
0,1577.9590136579302
1,1307.802134600794
2,1097.9990772733217
3,771.68376385138
4,759.2210756833664
5,734.4743220204078
6,722.8786884990636
7,722.8786884990636
8,722.8786884990636
9,673.5914622355979
10,670.4898245759624
11,670.4898245759624
12,670.4898245759624
13,670.4898245759624
14,670.4898245759624
15,670.4898245759624
16,670.4898245759624
17,663.3220328443148
18,663.3220328443148
19,663.3220328443148
20,663.3220328443148
21,663.3220328443148
22,663.3220328443148
23,663.3220328443148
24,663.3220328443148
25,663.3220328443148
26,663.3220328443148
27,663.3220328443148
28,663.3220328443148
29,663.2492837381642
30,663.2492837381642
31,663.2492837381642
32,662.0911121808452
33,662.0911121808452
34,662.0911121808452
35,662.0911121808452
36,662.0911121808452
37,658.9339941975019
38,658.8918086905186
39,658.0805662758361
40,657.6011625679806
41,657.6011625679806
