epoch,fitness
0,1119.9972504549066
1,990.164791586255
2,805.6398801974044
3,440.2526580576503
4,433.36142853033493
5,425.340096383128
6,423.6445757255143
7,417.8096560144582
8,417.8096560144582
9,417.0906196364835
10,417.0906196364835
11,416.5157374263015
12,416.3292875068713
13,413.43366811178805
14,413.43366811178805
15,412.36055358279003
16,410.60504393917546
17,410.60504393917546
18,410.395616666997
19,410.395616666997
20,410.395616666997
21,406.1335563927175
22,406.1335563927175
23,406.1335563927175
24,406.1335563927175
25,406.1335563927175
26,406.1335563927175
27,406.1335563927175
28,406.1335563927175
29,406.1335563927175
30,406.1335563927175
31,406.1335563927175
32,406.1335563927175
33,406.1335563927175
34,406.1335563927175
35,406.1335563927175
36,405.6943260151239
37,405.6943260151239
38,405.6943260151239
39,405.6943260151239
40,405.6943260151239
41,405.6943260151239
42,405.59553514441313
43,403.80615520304775
44,403.80615520304775
45,403.80615520304775
46,403.80615520304775
47,403.80615520304775
48,403.80615520304775
49,403.80615520304775
50,403.80615520304775
51,403.80615520304775
