epoch,fitness
0,749.435602259382
1,719.3994166249247
2,355.8315907892693
3,355.8315907892693
4,355.8315907892693
5,355.8315907892693
6,350.72995658120476
7,350.1792588639649
8,348.62953110098294
9,314.033466023549
10,314.033466023549
11,314.033466023549
12,314.033466023549
13,314.033466023549
14,314.033466023549
15,314.033466023549
16,314.033466023549
17,314.033466023549
18,314.033466023549
19,314.033466023549
20,314.033466023549
21,314.033466023549
22,314.033466023549
23,314.033466023549
24,314.033466023549
25,314.033466023549
26,314.033466023549
27,314.033466023549
28,314.033466023549
29,314.033466023549
30,314.033466023549
31,314.033466023549
32,314.033466023549
33,314.033466023549
34,314.033466023549
35,314.033466023549
36,314.033466023549
37,314.033466023549
38,314.033466023549
39,314.033466023549
40,314.033466023549
41,314.033466023549
42,314.033466023549
43,314.033466023549
44,314.033466023549
45,314.033466023549
46,314.033466023549
47,314.033466023549
48,314.033466023549
49,314.033466023549
50,314.033466023549
51,314.033466023549
52,314.033466023549
53,314.033466023549
54,314.033466023549
55,314.033466023549
56,314.033466023549
57,314.033466023549
58,314.033466023549
59,314.033466023549
60,314.033466023549
61,314.033466023549
62,314.033466023549
63,314.033466023549
64,314.033466023549
65,314.033466023549
66,314.033466023549
67,314.033466023549
68,314.033466023549
69,314.033466023549
70,314.033466023549
71,314.033466023549
72,314.033466023549
73,314.033466023549
74,314.033466023549
75,314.033466023549
76,314.033466023549
77,314.033466023549
78,314.033466023549
79,313.99229337843855
80,313.99229337843855
81,313.99229337843855
82,313.99229337843855
83,313.99229337843855
84,313.99229337843855
85,313.99229337843855
86,313.99229337843855
87,313.99229337843855
88,313.99229337843855
89,313.99229337843855
90,313.99229337843855
91,313.99229337843855
92,313.99229337843855
93,313.99229337843855
94,313.99229337843855
95,313.99229337843855
96,313.99229337843855
97,313.99229337843855
98,313.99229337843855
99,313.99229337843855
100,313.99229337843855
101,313.99229337843855
102,313.99229337843855
103,313.99229337843855
104,313.99229337843855
105,313.99229337843855
106,313.92924287590455
107,313.92924287590455
108,313.92924287590455
109,313.92924287590455
110,313.92924287590455
111,313.92924287590455
112,313.92924287590455
113,313.92924287590455
114,313.92924287590455
115,313.92924287590455
116,313.92924287590455
117,313.92924287590455
