epoch,fitness
0,1564.0874968648309
1,1248.4729502099108
2,813.6956551406097
3,736.7377590351374
4,736.7377590351374
5,736.7377590351374
6,736.7377590351374
7,734.1263018989423
8,730.8334272511819
9,729.5385022482011
10,727.9514670369211
11,727.9514670369211
12,726.1381794958987
13,724.3872657045591
14,724.3872657045591
15,724.3872657045591
16,724.3872657045591
17,723.0307991394507
18,723.0307991394507
19,723.0307991394507
