epoch,fitness
0,1256.8097921456288
1,673.9171695600231
2,486.59294494139044
3,468.30072842147445
4,468.30072842147445
5,465.9337642126784
6,465.01998662586
7,465.01998662586
8,465.01998662586
9,465.01998662586
10,463.3811264866937
11,458.4405169337406
12,458.4405169337406
13,458.3702847604959
14,458.3702847604959
15,455.41403931727524
16,455.41403931727524
17,454.60066346738927
18,454.60066346738927
19,454.47109320880503
20,454.47109320880503
