epoch,fitness
0,737.3493523889341
1,556.4517989122679
2,376.0722075748024
3,364.9302256640447
4,362.82211671958794
5,352.77745006988835
6,351.1806111779955
7,349.8965378327097
8,349.8965378327097
9,349.8965378327097
10,349.7820042942845
11,348.88899785249896
12,348.66030855607187
13,345.3213056363496
14,343.0254612740187
15,343.0254612740187
16,343.0254612740187
17,343.0254612740187
18,343.0254612740187
19,343.0254612740187
20,342.50933096968987
21,342.50933096968987
22,342.31517910805053
23,342.31517910805053
24,341.80790186174386
25,340.80066023247207
26,340.80066023247207
27,340.80066023247207
28,340.80066023247207
29,340.80066023247207
30,340.80066023247207
31,340.79442704614917
32,340.79442704614917
33,340.79442704614917
34,340.79442704614917
35,340.65871166007696
36,340.65871166007696
37,340.500958437567
38,340.20540882667126
39,340.20540882667126
40,340.20540882667126
41,338.6581452122823
42,338.6581452122823
43,338.6581452122823
44,338.6581452122823
45,338.6581452122823
46,338.09629287040417
47,338.09629287040417
48,337.0832449227164
49,336.4935466759877
50,334.4944648786644
51,334.4944648786644
52,334.4944648786644
53,334.4944648786644
54,333.63898770028163
55,332.8039376764156
56,332.8039376764156
