epoch,fitness
0,758.7938830316234
1,664.2732860093145
2,542.071163958719
3,473.6648761620593
4,384.54215425054014
5,379.3554467980343
6,374.6481225762512
7,352.1278224297647
8,351.85574935591063
9,327.19914501643046
10,324.26813463699597
11,324.08468653514495
12,324.08468653514495
13,322.85910846307746
14,322.85910846307746
15,320.01299967941725
16,320.01299967941725
17,317.9766751649551
18,317.34302491286974
19,317.34302491286974
20,317.34302491286974
21,317.0254706916971
22,315.5066222806507
23,315.3721751736334
24,315.3721751736334
25,314.8330733102907
26,314.8330733102907
27,314.8330733102907
28,314.8330733102907
29,314.8330733102907
30,314.8330733102907
31,314.41456954858893
32,314.092363325011
33,314.092363325011
34,314.092363325011
35,314.0905414604573
36,313.87657640531194
37,313.53143375248425
38,313.53143375248425
39,313.4822455246642
40,313.4822455246642
41,313.43847218317154
42,312.9823056504005
43,312.9823056504005
44,312.6883631714347
45,312.6883631714347
46,311.7480422600437
47,311.7480422600437
48,311.55542670328146
49,311.55542670328146
50,311.55542670328146
51,311.55542670328146
52,311.4738181622286
53,311.4738181622286
54,311.4738181622286
55,309.6981963147292
56,309.6981963147292
57,309.6981963147292
58,309.6981963147292
59,309.3814972499678
60,309.3814972499678
61,309.3814972499678
