epoch,fitness
0,733.3785366286419
1,381.0437187984904
2,363.7443181950496
3,362.20758862938726
4,359.28781789429763
5,355.6501090745748
6,352.74104569770304
7,352.74104569770304
8,352.05569455529985
9,351.7767134056877
10,351.7767134056877
11,351.5033383153994
12,351.5033383153994
13,351.08827792275616
14,350.7127620049396
15,350.7127620049396
16,349.5344344604458
17,348.5490040004584
18,348.5490040004584
19,348.5490040004584
20,348.5490040004584
21,348.4093441722892
22,347.18922795888165
23,347.18922795888165
24,347.01036169066236
25,347.01036169066236
26,346.15955339890246
27,345.5130230473585
28,345.5130230473585
29,344.9086787980984
30,344.9086787980984
31,344.5183336425874
32,343.47527062930175
33,343.47527062930175
34,343.47527062930175
35,342.5175149448148
36,342.5175149448148
37,342.162001497537
38,340.6385518073619
39,340.6385518073619
40,340.51315427071563
41,340.51315427071563
42,340.51315427071563
43,338.9075240209118
44,338.2843077982199
45,338.2843077982199
46,337.402655159067
47,337.2293507953329
48,336.61027526146336
49,336.61027526146336
50,336.61027526146336
51,333.5386416671953
52,333.5386416671953
53,333.5386416671953
54,333.5386416671953
55,333.5386416671953
56,332.7767682427711
57,331.77105826194054
