epoch,fitness
0,1384.212230888199
1,1272.3985530774873
2,654.166204865145
3,645.0037772118058
4,645.0037772118058
5,645.0037772118058
6,645.0037772118058
7,645.0037772118058
8,644.573968455595
9,644.4026967113477
10,634.7876536318248
11,632.9792617365116
12,631.1109311613878
13,631.1109311613878
14,628.0122438941884
15,625.0746807918249
16,624.561325212987
17,623.9789402305402
18,623.9789402305402
19,623.5573202190421
20,622.1859145642486
21,619.9215361493855
22,619.9215361493855
23,619.9215361493855
24,619.9215361493855
25,619.9215361493855
26,619.1908649973669
27,617.8125355910385
28,617.8125355910385
29,617.5347649355753
30,617.0718235847495
31,615.9242214021715
32,615.9242214021715
33,615.9242214021715
34,615.769453208232
35,615.7417072078655
36,615.7417072078655
37,615.4639688377039
38,615.4500990699678
39,615.4500990699678
40,615.4500990699678
41,615.4500990699678
42,615.4500990699678
43,615.4500990699678
44,615.4500990699678
45,615.4500990699678
46,614.8967017321235
47,614.8967017321235
48,614.8967017321235
49,614.8967017321235
50,614.8967017321235
51,614.46857079875
52,614.46857079875
53,614.46857079875
54,614.0615728236756
55,613.2306102500775
56,612.0943751954669
57,612.0943751954669
58,612.0943751954669
59,612.0943751954669
60,612.0943751954669
