epoch,fitness
0,573.2277924531544
1,374.6089869606012
2,308.2982856176901
3,290.64761599977464
4,290.64761599977464
5,287.51400772870693
6,286.0946905963262
7,286.0946905963262
8,285.94582339781374
9,284.7959828059954
10,270.5090319192264
11,257.78710967943795
12,257.50198120996816
13,257.50198120996816
14,252.1713315983495
15,252.165951508692
16,252.165951508692
17,252.07062119881738
18,252.07062119881738
19,248.7322988406379
20,246.5666703008764
21,246.5666703008764
22,246.52168298921575
23,245.9883535545479
24,245.9883535545479
25,245.9883535545479
26,245.9883535545479
27,245.08785977727888
28,245.08785977727888
29,245.0493189754031
30,245.0493189754031
31,245.03103424617038
32,244.72433000835395
33,244.6656839187951
34,244.0118066798722
35,244.0118066798722
36,243.1661784784501
37,242.40209698681903
38,242.40209698681903
39,242.40209698681903
40,242.40209698681903
41,242.2109293809413
42,239.78375573763483
43,239.2777355088682
44,239.2777355088682
45,238.24064060912073
46,238.24064060912073
47,238.24064060912073
48,237.5896278480871
49,237.2609298963234
50,236.38637099851022
51,236.38637099851022
52,236.38637099851022
53,235.63477801973198
54,235.63477801973198
55,235.63477801973198
56,235.63477801973198
57,235.63477801973198
58,235.096569270357
59,235.096569270357
60,235.096569270357
61,235.096569270357
62,234.7487351539617
