epoch,fitness
0,727.2736858092778
1,590.7648211148315
2,409.89183312121287
3,323.67744361810423
4,323.67744361810423
5,321.5791366783528
6,314.5573112385096
7,314.39070718136196
8,314.39070718136196
9,311.49514461111977
10,310.95715601176437
11,310.95715601176437
12,307.58980950487927
13,307.4296905318649
14,307.4296905318649
15,300.5805909335066
16,300.5805909335066
17,300.5805909335066
18,300.5805909335066
19,298.5654777791886
20,298.39781907426965
21,298.39781907426965
22,298.39781907426965
23,296.843468999724
24,296.843468999724
25,296.8342734657083
26,296.8342734657083
27,296.8342734657083
28,296.8342734657083
29,296.8342734657083
30,296.83008926911083
31,296.83008926911083
32,296.83008926911083
33,296.83008926911083
34,296.83008926911083
35,296.5950101229006
36,296.3745176106589
37,295.3019258209064
38,295.3019258209064
39,295.3019258209064
40,295.2258093165982
41,295.2258093165982
42,295.2258093165982
43,295.2258093165982
44,295.2258093165982
45,295.2258093165982
46,295.1472820044724
47,295.1472820044724
48,294.6660512424154
49,294.6660512424154
50,294.6660512424154
51,294.6660512424154
52,294.6660512424154
53,294.6660512424154
54,294.5213438804284
55,294.5213438804284
56,293.295798541251
57,293.295798541251
58,293.295798541251
59,293.295798541251
60,293.295798541251
61,293.295798541251
62,291.5714214145974
63,291.5714214145974
64,291.5714214145974
65,291.5714214145974
66,288.5371678916588
