epoch,fitness
0,141.5491997732463
1,103.4163210225095
2,75.30110283730548
3,71.86482812795651
4,70.96713245898914
5,70.96713245898914
6,69.71027526729488
7,69.71027526729488
8,69.71027526729488
9,69.27196861183513
10,69.25272744854765
11,69.11670294059051
12,69.0309287654537
13,68.96518410940789
14,68.96518410940789
15,68.33747435448953
16,68.03317971655612
17,67.06114023667374
18,67.06114023667374
19,66.82640879178997
20,66.82031083914964
21,66.75416083890507
22,66.75416083890507
23,66.55372866734018
24,66.55372866734018
25,65.69862875204666
26,65.45785085681655
27,64.31043233440725
28,64.31043233440725
29,64.31043233440725
30,62.939799274595835
31,62.939799274595835
32,61.94356355143193
33,61.724837026959015
34,61.515289222091894
35,61.515289222091894
36,61.515289222091894
37,61.515289222091894
38,61.190509985957036
39,60.61808743310721
40,59.85369594723321
41,59.85369594723321
42,59.57633391174099
43,59.57633391174099
44,59.57633391174099
45,59.49055954170881
46,59.095516154169346
47,59.095516154169346
48,58.98260393254376
49,58.949861834940414
50,58.949861834940414
51,58.761142011207525
52,58.5929503615063
53,57.55799764898678
54,57.55799764898678
55,57.55799764898678
56,57.55799764898678
57,57.55799764898678
58,57.55799764898678
59,56.17806387578768
60,56.17806387578768
61,55.63008187103791
62,55.439194243526984
63,55.439194243526984
64,55.31263124487357
65,55.31263124487357
66,55.31263124487357
67,55.11393710351989
68,54.92304945148051
69,54.92304945148051
70,54.92304945148051
