epoch,fitness
0,1580.0242094386158
1,1097.8069245657966
2,866.6572504609696
3,803.6085018864909
4,750.3129174073274
5,747.518871846552
6,746.5395371652677
7,746.2711928652362
8,746.2711928652362
9,746.2711928652362
10,743.5529247082975
11,743.5529247082975
12,743.3060971834683
13,743.3060971834683
14,742.8283747070029
15,741.6165549974179
16,741.0488855299582
17,741.0488855299582
