epoch,fitness
0,418.47057811814966
1,281.6811363410794
2,245.56782296149797
3,223.84276491651985
4,220.6353816043437
5,219.66472386154823
6,219.66472386154823
7,217.310688267895
8,213.17238425625828
9,213.17238425625828
10,212.44907369060905
11,211.58930697835993
12,211.1034085435732
13,211.1034085435732
14,210.57883665097455
15,209.9973470827586
16,209.9973470827586
17,209.8852256763373
18,209.6649130880788
19,208.7387273373917
20,206.05548802770062
21,205.8708990993567
22,205.68118082648812
23,205.68118082648812
24,205.5567665116373
25,205.5567665116373
26,205.10482685641801
27,205.10482685641801
28,204.75408294136676
29,202.01162165537548
30,202.01162165537548
31,201.67435553471037
32,201.54577624013814
33,199.20199737949358
34,198.65010627050842
35,198.65010627050842
36,198.44955689041302
37,198.25625383904278
38,196.43874468957614
39,196.33975688729734
40,193.84723360751275
41,193.84723360751275
42,193.84723360751275
43,192.33614944251042
44,192.33614944251042
45,191.91471997066793
46,191.91471997066793
47,191.6918614844008
48,191.44157170986279
49,190.36321559053707
50,190.36321559053707
51,190.04908368326065
52,189.58973699211018
53,189.58973699211018
54,188.5190794942105
55,187.3880354230622
56,187.35429788543038
57,186.86605442140004
58,186.86605442140004
59,186.73595025988547
60,186.73595025988547
61,186.73595025988547
