epoch,fitness
0,533.5344028569147
1,489.4443513982466
2,376.8239255000401
3,289.9624756356271
4,282.7738003054869
5,282.66429010867364
6,261.91603326839385
7,255.39772640732917
8,253.64877356594323
9,248.97553795924205
10,248.36108949251465
11,248.36108949251465
12,248.36108949251465
13,248.36108949251465
14,248.36108949251465
15,248.36108949251465
16,248.36108949251465
17,248.36108949251465
18,248.36108949251465
19,248.36108949251465
20,248.36108949251465
21,248.36108949251465
22,248.36108949251465
23,248.36108949251465
24,248.36108949251465
25,248.08886779746598
26,248.08886779746598
27,248.08886779746598
28,247.92561573601537
29,247.92561573601537
30,247.92561573601537
31,247.92561573601537
32,247.71149758725787
33,247.46208602760612
34,247.46208602760612
35,246.84968315124067
36,246.72241456817565
37,246.66955710318908
38,246.66955710318908
39,246.58103271429366
40,246.58103271429366
41,246.58103271429366
42,246.58103271429366
43,245.57864328350448
44,245.57864328350448
45,245.57864328350448
46,245.57864328350448
47,245.57864328350448
48,245.57864328350448
49,245.3886957938229
50,245.3886957938229
51,245.1909295392695
52,245.1909295392695
53,245.1909295392695
54,245.1909295392695
55,245.1909295392695
56,244.71014234161092
57,244.71014234161092
58,244.71014234161092
59,244.71014234161092
60,244.6557316200021
