epoch,fitness
0,1176.9248773107267
1,674.0381245486653
2,587.3489724594643
3,582.8956391052733
4,582.8956391052733
5,579.580142165719
6,531.2347492123638
7,531.2347492123638
8,508.4708162190996
9,508.4708162190996
10,508.4708162190996
11,508.4708162190996
12,508.4708162190996
13,508.4708162190996
14,508.4708162190996
15,508.4708162190996
16,508.4708162190996
17,508.4708162190996
18,508.4708162190996
19,508.4708162190996
20,508.4708162190996
21,508.4708162190996
22,508.4708162190996
23,508.4708162190996
24,508.4708162190996
25,508.4708162190996
26,508.4708162190996
27,508.4708162190996
28,508.4708162190996
29,508.4708162190996
30,508.4708162190996
31,508.4708162190996
32,508.4708162190996
33,508.4708162190996
34,508.4708162190996
35,508.4708162190996
36,508.4708162190996
37,508.4708162190996
38,508.4708162190996
39,508.4708162190996
40,508.4708162190996
41,508.4708162190996
42,508.4708162190996
43,508.4708162190996
44,508.4708162190996
45,508.4708162190996
46,508.4708162190996
47,508.4708162190996
48,508.4708162190996
49,508.4708162190996
50,508.4708162190996
51,508.4708162190996
52,508.4708162190996
53,508.4708162190996
54,508.4708162190996
55,508.4708162190996
56,508.4708162190996
57,508.4708162190996
58,508.4708162190996
59,508.4708162190996
60,508.4708162190996
61,508.41549444821374
62,508.41549444821374
63,508.41549444821374
64,508.41549444821374
65,508.41549444821374
66,508.41549444821374
67,508.41549444821374
68,508.41549444821374
69,508.41549444821374
70,508.41549444821374
71,508.41549444821374
72,508.41549444821374
73,508.41549444821374
74,508.41549444821374
75,508.41549444821374
76,508.41549444821374
77,508.41549444821374
78,508.41549444821374
79,508.41549444821374
80,508.41549444821374
81,508.41549444821374
82,508.41549444821374
83,508.41549444821374
84,508.41549444821374
85,508.41549444821374
86,508.41549444821374
87,508.41549444821374
88,508.41549444821374
89,508.41549444821374
