epoch,fitness
0,1148.473659155128
1,1099.801389295209
2,729.8831550710744
3,665.9563050739126
4,607.5813050628941
5,601.8685185674127
6,601.8685185674127
7,597.6811731599031
8,592.3460571978428
9,592.3460571978428
10,592.3460571978428
11,590.6616558247132
12,589.9967970787231
13,588.9681694909234
14,588.9681694909234
15,588.406032171521
16,588.406032171521
17,588.2671399745899
18,588.1118496381011
19,585.914719478388
20,585.914719478388
21,585.0411876565357
22,585.0411876565357
23,585.0411876565357
24,583.7714466123481
25,583.7714466123481
26,582.6332782456138
27,582.6332782456138
28,582.4566226400815
29,581.78965426692
30,581.5677577523409
31,580.9963884986506
32,579.9722292890526
33,579.3994287545107
34,577.7056848833757
35,577.7056848833757
36,577.5020979664151
37,574.0649669160762
38,573.8364464640932
39,570.7803323135803
40,570.7803323135803
41,570.7803323135803
42,570.7803323135803
43,570.7803323135803
44,569.9988116662214
45,569.9988116662214
46,569.9988116662214
47,569.9988116662214
