epoch,fitness
0,329.39783333236323
1,325.0625042941226
2,325.0625042941226
3,321.98904907587394
4,310.5575863080201
5,298.8530884622294
6,294.60037747531146
7,277.15518468284137
8,215.944790977043
9,197.6855062283708
10,182.49267277626666
11,179.0865754127462
12,178.80789110444888
13,178.77960811776126
14,178.56004461397444
15,178.46800262121496
16,178.46800262121496
17,176.6929131978754
18,176.6929131978754
19,176.55182183464495
20,176.52061775699985
21,176.40513007041565
22,176.40513007041565
23,176.33103489165362
24,176.33103489165362
25,176.33103489165362
26,176.33103489165362
27,176.33103489165362
28,176.25761707118465
29,174.68837585129128
30,174.192392015832
31,174.192392015832
32,174.15255713920394
33,173.95005984982197
34,173.95005984982197
35,173.95005984982197
36,173.95005984982197
37,173.95005984982197
38,173.95005984982197
39,173.95005984982197
40,173.95005984982197
41,173.95005984982197
42,173.95005984982197
43,173.95005984982197
44,173.95005984982197
45,173.95005984982197
46,173.95005984982197
47,173.95005984982197
48,173.95005984982197
49,173.95005984982197
50,173.80249957883532
51,173.80249957883532
52,173.80249957883532
53,173.80249957883532
54,173.80249957883532
55,173.79045592017764
56,173.73205514195533
57,173.73205514195533
58,173.73205514195533
59,173.73205514195533
60,173.73205514195533
61,173.73205514195533
62,173.71507286053452
