epoch,fitness
0,402.5003362120516
1,277.3455312405316
2,238.96596318221395
3,218.7939315904024
4,216.52342308263871
5,216.2847058122095
6,215.85808796122
7,213.10760632828072
8,212.05459644188812
9,210.60192334234335
10,210.31063469939338
11,208.088242613261
12,207.32067814462326
13,207.32067814462326
14,207.19459638892977
15,207.15877454427047
16,206.93903627428688
17,205.76628267471418
18,205.76628267471418
19,204.7272013162885
20,204.2562987112136
21,204.2562987112136
22,204.2562987112136
23,203.90338145598662
24,203.90338145598662
25,202.9753883349015
26,202.9753883349015
27,201.25710393122523
28,200.8398450984271
29,200.8398450984271
30,199.5635956078552
31,199.5635956078552
32,199.5158284233842
33,198.67709783368028
34,197.71069531596277
35,197.45685983134757
36,197.04736465456133
37,196.15419310033315
38,196.15419310033315
39,196.15419310033315
40,196.15419310033315
41,196.15058625820453
42,196.13324126822192
43,193.70792958392678
44,193.70792958392678
45,192.62831003703582
46,191.89129873339638
47,191.89129873339638
48,190.87371364712953
49,190.27487421648556
50,190.27487421648556
51,190.27487421648556
52,189.6823467172001
53,189.645892867582
54,189.1811566062464
55,189.06224017667353
56,188.55114127161704
57,188.26873024535283
58,188.0662338094621
59,188.0662338094621
60,187.73839604327847
61,186.87807473823574
62,186.87807473823574
63,186.87807473823574
64,186.87807473823574
65,186.87807473823574
