epoch,fitness
0,1189.7204428849277
1,601.7434077842352
2,585.467896961444
3,584.1716399258338
4,584.1716399258338
5,512.2239075204828
6,512.2239075204828
7,512.2239075204828
8,512.2239075204828
9,512.2239075204828
10,512.2239075204828
11,512.2239075204828
12,508.9160902128325
13,508.4868266232281
14,508.4868266232281
15,508.4868266232281
16,508.4868266232281
17,508.4868266232281
18,508.4868266232281
19,508.4868266232281
20,508.4868266232281
21,508.4868266232281
22,508.4868266232281
23,508.4868266232281
24,508.4868266232281
25,508.4868266232281
26,508.48668505433307
27,508.48668505433307
28,508.48668505433307
29,508.48668505433307
30,508.48668505433307
31,508.48668505433307
32,508.48668505433307
33,508.48668505433307
34,508.48668505433307
35,508.48668505433307
36,508.48668505433307
37,508.48668505433307
38,508.48668505433307
39,508.48668505433307
40,508.48668505433307
41,508.48668505433307
42,508.48668505433307
43,508.48668505433307
44,508.48668505433307
45,508.48668505433307
46,508.48668505433307
47,508.48668505433307
48,508.48668505433307
49,508.48668505433307
50,508.48668505433307
51,508.48668505433307
52,508.48668505433307
53,508.48668505433307
54,508.48668505433307
55,508.48668505433307
56,508.48668505433307
57,508.48668505433307
58,508.48668505433307
59,508.48668505433307
60,508.48668505433307
61,508.48668505433307
62,508.48668505433307
63,508.48668505433307
64,508.48668505433307
65,508.48668505433307
66,508.48668505433307
67,508.48668505433307
68,508.48668505433307
69,508.48668505433307
70,508.48668505433307
71,508.48668505433307
72,508.48668505433307
73,508.48668505433307
74,508.48668505433307
75,508.48668505433307
76,508.48668505433307
77,508.48668505433307
78,508.48668505433307
79,508.48668505433307
80,508.48668505433307
81,508.48668505433307
82,508.48668505433307
83,508.48668505433307
84,508.48668505433307
85,508.48668505433307
86,508.48668505433307
87,508.48668505433307
88,508.48668505433307
