epoch,fitness
0,1194.5344122161605
1,1128.0190660425822
2,1108.94392136838
3,1026.6824552625249
4,584.105509008373
5,577.9773458860636
6,575.4831618402513
7,572.3083967047804
8,571.4942736116998
9,568.779650906126
10,567.8921969531739
11,567.8921969531739
12,567.2840195156573
13,567.2840195156573
14,567.2840195156573
15,566.438746078432
16,565.9989420794085
17,565.3884382341553
18,565.3884382341553
19,564.4719960699367
20,564.4719960699367
21,564.4719960699367
22,564.4719960699367
23,564.3739977253625
24,564.3739977253625
25,562.0850256159507
26,562.0850256159507
27,561.3888456834178
28,561.3888456834178
29,560.9080083210666
30,559.9582161906237
31,558.4622082553527
32,557.7888409756714
33,557.7888409756714
34,557.7888409756714
35,557.4644353887239
36,556.3091950238558
37,556.2162925108925
38,555.7112665554449
39,555.6242121387321
40,555.2736294926325
41,555.0277910483824
42,554.9631985766332
43,554.7267666123604
44,554.0056937861699
45,553.7749833826234
46,553.7669939904821
47,553.1619213463506
48,553.1619213463506
49,553.0157270874914
50,552.7516145650495
51,552.5879493541709
52,552.5784777376717
53,551.9911173164543
54,551.036124065438
55,551.036124065438
