epoch,fitness
0,314.71655952140526
1,314.71655952140526
2,218.07025998622004
3,213.51154871993367
4,211.47943053382235
5,211.46786578708932
6,211.46786578708932
7,211.46786578708932
8,209.51085337328416
9,209.25028707688037
10,205.49303479443628
11,204.29669049584226
12,203.97555961880246
13,203.72355919637192
14,203.72355919637192
15,203.72355919637192
16,202.31949785239357
17,201.98361275576966
18,201.29107787029935
19,201.29107787029935
20,201.23783649779043
21,200.90292607091305
22,199.562777246782
23,199.562777246782
24,199.49874816109795
25,199.49874816109795
26,199.49874816109795
27,198.21845517171255
28,198.21845517171255
29,198.21845517171255
30,198.21845517171255
31,198.21845517171255
32,198.21845517171255
33,197.78685512162735
34,197.78685512162735
35,197.78685512162735
36,197.78685512162735
37,197.77159028922318
38,197.77159028922318
39,197.77159028922318
40,197.77159028922318
41,197.77159028922318
42,195.9345728514164
43,195.9345728514164
44,195.9345728514164
45,195.9345728514164
46,195.9345728514164
47,194.41590133745194
48,194.41590133745194
49,192.8333437698049
50,192.8333437698049
51,192.26244111090213
52,192.26244111090213
53,192.26244111090213
54,192.26244111090213
55,191.50800546298808
56,191.45991307828007
57,190.63856151360693
58,190.3102828236131
59,189.06564485098264
