epoch,fitness
0,361.4071494446241
1,339.038780216881
2,315.7823008737821
3,295.0916118111404
4,225.7592237146713
5,218.71972622169127
6,208.39907090334594
7,206.53733438601077
8,206.33069982172407
9,199.6576341891297
10,199.6576341891297
11,199.6576341891297
12,199.6576341891297
13,196.86958965173787
14,196.86958965173787
15,194.1719481888703
16,193.0659933021783
17,193.0659933021783
18,193.0659933021783
19,193.0659933021783
20,193.0659933021783
21,193.0659933021783
22,192.73134246505595
23,191.65203903076062
24,191.65203903076062
25,191.65203903076062
26,191.65203903076062
27,191.65203903076062
28,191.65203903076062
29,191.58317294514572
30,189.76035218223052
31,189.76035218223052
32,189.76035218223052
33,189.76035218223052
34,189.76035218223052
35,189.76035218223052
36,189.76035218223052
37,189.6969180578909
38,189.6969180578909
39,189.60190590669868
40,189.60190590669868
41,186.49703732973964
42,186.49703732973964
43,186.49703732973964
44,185.33609443074312
45,184.9117609050825
46,184.53063617816008
47,184.53063617816008
48,180.53538273387667
49,180.31636207175708
50,180.13962986462545
51,179.8974359042038
52,179.8974359042038
53,179.8974359042038
54,179.8974359042038
55,179.8974359042038
56,179.8974359042038
57,179.8974359042038
58,179.8974359042038
59,179.8974359042038
60,179.8974359042038
61,179.8974359042038
62,179.8974359042038
63,179.8134284613101
64,179.8134284613101
65,179.8134284613101
66,179.8134284613101
67,179.8134284613101
68,179.8134284613101
69,179.8134284613101
70,179.8134284613101
71,179.8134284613101
72,179.8134284613101
73,179.8134284613101
74,179.8134284613101
75,179.8134284613101
76,179.8134284613101
77,179.8134284613101
78,179.8134284613101
79,179.8134284613101
