epoch,fitness
0,564.9468795813737
1,392.07555084841886
2,302.21711801292133
3,280.511193249192
4,277.54933741383246
5,276.686917074851
6,275.3126380992866
7,274.12951564649325
8,272.6379610023102
9,271.26679046862944
10,270.36270035006453
11,270.02511968580774
12,269.7256478042418
13,269.2117208093101
14,268.31125882356304
15,268.28057473140734
16,268.28057473140734
17,267.5248486431917
18,267.24504942679636
19,267.07686780151715
20,266.5581853037068
21,266.5581853037068
22,266.54764877433416
23,265.39695624478225
24,265.39695624478225
25,265.0378214981536
26,264.9953672114898
27,264.88587931550546
28,264.5012349337045
29,263.8090013574182
30,262.7719601212472
31,262.7719601212472
32,262.7719601212472
33,262.7719601212472
34,261.53635835971653
35,261.53635835971653
36,261.53635835971653
37,260.82569496012655
38,260.00148662502494
39,259.5340451173394
40,259.3768495439169
41,259.1651881271253
42,259.1651881271253
43,259.1651881271253
44,259.1651881271253
45,258.6016147621773
46,258.566700135421
47,258.03856581004345
48,256.9275887842008
49,256.255373613209
50,254.59434713688114
51,253.6375690142452
52,253.07999934852253
53,250.7147604152529
54,250.7147604152529
55,249.56583703677524
56,249.56583703677524
57,249.5133384565751
