epoch,fitness
0,1125.1751301622703
1,740.2211167870718
2,475.69190599254966
3,408.7269011341772
4,392.39242671750304
5,386.4807610266317
6,386.4807610266317
7,382.41084795732667
8,382.3076746074448
9,382.3076746074448
10,382.04413231633674
11,380.5730141909673
12,380.0712897556561
13,379.40332769187273
14,378.37481260112776
15,378.37481260112776
16,378.37481260112776
17,378.37481260112776
18,378.37481260112776
19,378.37481260112776
20,378.37481260112776
21,371.19492801094356
22,370.74370678159465
23,370.37867231763363
24,370.37867231763363
25,370.37867231763363
26,370.37867231763363
27,370.37867231763363
28,370.37867231763363
29,370.37867231763363
30,370.2566035802538
31,370.2566035802538
32,370.2566035802538
33,368.5159291113805
34,368.5159291113805
35,368.5159291113805
36,368.5159291113805
37,368.5159291113805
38,368.5159291113805
39,368.5159291113805
40,368.5159291113805
41,368.5159291113805
42,368.5159291113805
43,368.5159291113805
44,368.5159291113805
45,368.5159291113805
46,368.5159291113805
47,368.5159291113805
48,368.5159291113805
49,368.5159291113805
50,368.5159291113805
51,368.5159291113805
52,368.5159291113805
53,368.5159291113805
54,368.5159291113805
55,368.5159291113805
56,368.5159291113805
57,368.5159291113805
58,368.5159291113805
59,368.5159291113805
60,368.5159291113805
61,368.5159291113805
62,368.5159291113805
63,368.5159291113805
64,368.5159291113805
