epoch,fitness
0,402.75757253084345
1,245.58267196873382
2,219.95381278883605
3,211.03958767331315
4,211.03958767331315
5,209.25018674086883
6,209.25018674086883
7,209.25018674086883
8,209.0253203298533
9,208.68264763922014
10,208.4246869231198
11,208.1068830541831
12,208.1068830541831
13,207.87889729661856
14,207.87889729661856
15,206.65840141991256
16,206.5121274360492
17,206.5121274360492
18,206.3225496815667
19,205.94631966967495
20,205.94631966967495
21,205.38588698533738
22,204.80954471686107
23,204.80954471686107
24,204.80954471686107
25,204.07366668128918
26,204.07366668128918
27,204.07366668128918
28,204.07366668128918
29,203.45001470636146
30,203.45001470636146
31,203.45001470636146
32,203.45001470636146
33,203.44309803463548
34,200.00252833623637
35,200.00252833623637
36,200.00252833623637
37,199.44333193501026
38,199.44333193501026
39,199.44333193501026
40,199.44333193501026
41,199.20738320716754
42,199.03004610010976
43,198.84598702816547
44,198.84598702816547
45,198.21738214819266
46,198.15162869143893
47,197.92934712570985
48,197.09440413032618
49,196.96293999361163
50,195.90782413701916
51,195.48100269801878
52,194.44019593316372
53,194.44019593316372
54,194.3955623458634
55,192.25522935398703
56,192.25522935398703
57,192.25522935398703
58,191.99417190615705
59,191.99417190615705
60,191.74334606243778
61,191.74334606243778
62,191.22001406414546
