epoch,fitness
0,1374.749451994507
1,663.835169891922
2,645.5042462693683
3,645.5042462693683
4,644.4493973862949
5,643.4646439175772
6,643.4646439175772
7,643.4646439175772
8,643.4646439175772
9,630.7839214576265
10,630.7839214576265
11,630.7839214576265
12,625.7470349853646
13,625.7470349853646
14,591.4327624491456
15,591.4327624491456
16,591.4327624491456
17,591.4327624491456
18,591.4327624491456
19,591.4327624491456
20,591.4327624491456
21,591.4327624491456
22,591.4327624491456
23,568.0394074685072
24,568.0394074685072
25,568.0394074685072
26,568.0394074685072
27,568.0394074685072
28,568.0394074685072
29,568.0394074685072
30,562.834356670512
31,562.1801758912795
32,562.1801758912795
33,562.1801758912795
34,562.1801758912795
35,562.1801758912795
36,562.1801758912795
37,562.1801758912795
38,562.1801758912795
39,562.1801758912795
40,562.1801758912795
41,562.1801758912795
42,562.1801758912795
43,562.1801758912795
44,562.1801758912795
45,562.1801758912795
46,562.1801758912795
47,562.1801758912795
48,562.1801758912795
49,562.1801758912795
50,562.1801758912795
51,562.1801758912795
52,562.1801758912795
53,562.1801758912795
54,562.1801758912795
55,562.1801758912795
56,562.1801758912795
57,562.1801758912795
58,562.1801758912795
59,562.1801758912795
60,562.1801758912795
61,562.1801758912795
62,562.1801758912795
63,562.1801758912795
64,562.1801758912795
65,562.1801758912795
66,562.1801758912795
67,562.1801758912795
68,562.1801758912795
69,562.1801758912795
70,562.1801758912795
71,562.1801758912795
72,562.1801758912795
73,562.1801758912795
74,562.1801758912795
75,562.1801758912795
76,562.1801758912795
77,562.1801758912795
78,562.1801758912795
79,562.1801758912795
80,562.1801758912795
81,562.1801758912795
82,562.1801758912795
83,562.1801758912795
84,562.1801758912795
85,562.1801758912795
86,562.1801758912795
87,562.1801758912795
88,562.1801758912795
89,562.1801758912795
90,562.1801758912795
91,562.1801758912795
92,562.1801758912795
93,562.1801758912795
94,562.1801758912795
95,562.1801758912795
96,562.1801758912795
97,562.1801758912795
98,562.1801758912795
99,562.1801758912795
100,562.1801758912795
101,562.1801758912795
102,562.1801758912795
103,562.1801758912795
104,562.1801758912795
105,562.1801758912795
106,562.1801758912795
107,562.1801758912795
108,562.1801758912795
109,562.1801758912795
110,562.1801758912795
111,562.1801758912795
112,562.1801758912795
113,562.1801758912795
114,562.1801758912795
115,562.1801758912795
116,562.1801758912795
117,562.1801758912795
