epoch,fitness
0,1161.2392530614145
1,1161.2392530614145
2,997.894072527896
3,722.0368650193936
4,563.2626400114204
5,523.4650601022526
6,502.84059886750737
7,502.84059886750737
8,491.6652678376756
9,466.6542691647431
10,464.838682762193
11,464.838682762193
12,464.7219529831982
13,456.82825972232814
14,456.82825972232814
15,454.9415059767803
16,452.6175602486865
17,452.6175602486865
18,451.5788204197061
19,451.5788204197061
20,451.5788204197061
21,445.4167662985733
22,445.27087251672214
23,443.5840216977323
24,443.5840216977323
25,439.27699941667527
26,439.27699941667527
27,439.27699941667527
28,439.27699941667527
29,438.22422249823893
30,436.31452116806196
31,435.41112798411626
32,430.82759722215985
33,428.4703644328349
34,427.86235719352726
35,427.86235719352726
36,427.54929477162005
37,427.54929477162005
38,427.54929477162005
39,426.3038397048668
40,426.3038397048668
41,424.83563568582707
42,424.1400073639718
43,423.48147114091364
44,423.48147114091364
45,423.32669489252044
46,423.32669489252044
47,423.32669489252044
48,423.32669489252044
49,423.32669489252044
50,419.13463315734117
51,419.13463315734117
52,419.13463315734117
53,419.13463315734117
