epoch,fitness
0,1144.336505843312
1,1144.336505843312
2,1123.4439095395305
3,1088.2515487374599
4,909.3476037471219
5,496.2240078236539
6,480.15300243313135
7,472.5818510866448
8,470.68013350433085
9,470.68013350433085
10,470.68013350433085
11,468.2919966485171
12,463.8767980679231
13,463.8767980679231
14,460.5623129042295
15,455.9334849127325
16,455.9334849127325
17,455.9334849127325
18,455.9334849127325
19,455.9334849127325
20,455.79014318989056
21,451.32757972471694
22,451.0443010182817
23,449.9921329574771
24,447.353327522747
25,442.05683755166655
26,442.05683755166655
27,442.05683755166655
28,442.05683755166655
29,441.96545015848955
30,441.96545015848955
31,439.85353221166105
32,437.073790210169
33,437.073790210169
34,437.073790210169
35,437.073790210169
36,434.99895761168267
37,431.48674731802544
38,431.48674731802544
39,431.48674731802544
40,431.48674731802544
41,430.59375357216794
42,430.59375357216794
43,429.31625645525327
44,424.79315840484895
45,424.7618334724163
46,424.7618334724163
47,422.5502512136631
48,422.5502512136631
49,422.5502512136631
50,422.04539615716607
51,421.21598963426413
52,421.21598963426413
53,421.21598963426413
54,421.21598963426413
55,421.21598963426413
56,421.21598963426413
57,421.21598963426413
58,420.6702498934714
59,420.6702498934714
60,420.6702498934714
61,420.1333183822975
62,420.1333183822975
63,420.1333183822975
64,420.1333183822975
65,419.63893867553793
66,417.7766498972817
67,417.7766498972817
