epoch,fitness
0,1183.6796316346324
1,812.0239370799385
2,634.7651785046339
3,591.9198865912326
4,591.9198865912326
5,591.7420523713016
6,591.7420523713016
7,590.2650271918384
8,588.7799614373282
9,588.6107482101997
10,588.6107482101997
11,588.0756036724815
12,586.3952466281364
13,586.3952466281364
14,583.8880114746369
15,583.0584404806233
16,583.0584404806233
17,583.0584404806233
18,581.5482175632576
19,580.1976444868374
20,579.6083784994505
