epoch,fitness
0,494.8423319150997
1,449.00747325189826
2,449.00747325189826
3,383.9386822211267
4,256.91706552156444
5,248.98048027588771
6,246.66204737996546
7,242.1596563174687
8,242.1596563174687
9,241.23239953635408
10,237.79871763286093
11,236.43319651410917
12,234.80001675942532
13,234.80001675942532
14,234.67080655589794
15,234.67080655589794
16,234.577110727234
17,233.55512571040657
18,232.9978919057812
19,231.4274840231123
20,231.4274840231123
21,229.91725572092415
22,229.91725572092415
23,229.91725572092415
24,229.91725572092415
25,229.91725572092415
26,229.91725572092415
27,229.91725572092415
28,229.91380967894182
29,229.91380967894182
30,228.25776222773652
31,228.25776222773652
32,227.4362388416805
33,227.4362388416805
34,226.69114292098408
35,226.69114292098408
36,226.69114292098408
37,226.67916098732508
38,226.67916098732508
39,226.67916098732508
40,226.67916098732508
41,226.63762751390246
42,226.63762751390246
43,226.5974413310823
44,226.5974413310823
45,225.27837968932914
46,225.27837968932914
47,225.27837968932914
48,225.27837968932914
49,225.2501897480421
50,225.2501897480421
51,225.2501897480421
52,225.2501897480421
53,225.2501897480421
54,225.20512398156347
55,225.20512398156347
56,223.552474670044
57,223.552474670044
58,223.552474670044
59,223.552474670044
60,223.552474670044
61,223.552474670044
62,223.41319508894824
63,223.41319508894824
64,223.41319508894824
65,223.41319508894824
66,223.41319508894824
67,223.3792094170278
68,223.15107854090482
69,223.15107854090482
70,223.15107854090482
71,223.15107854090482
72,223.15107854090482
