epoch,fitness
0,494.8916761105178
1,494.8916761105178
2,494.8916761105178
3,460.2550206024175
4,325.05917218974605
5,289.2065529063139
6,256.46617793654343
7,256.46617793654343
8,256.46024982958085
9,253.76238812510604
10,248.9947478776544
11,247.56319581938564
12,247.56319581938564
13,246.29734634080322
14,246.29734634080322
15,245.8985806046756
16,245.8985806046756
17,244.4162836098925
18,244.4162836098925
19,240.94829253632835
20,240.9173473154567
21,240.9173473154567
22,240.9173473154567
23,240.9173473154567
24,240.64173292916178
25,239.3027805550965
26,239.07523580883296
27,239.07523580883296
28,237.51735011527725
29,237.51735011527725
30,237.43261486259982
31,237.03763684487967
32,236.59687850942916
33,236.59687850942916
34,235.54776984917922
35,235.54776984917922
36,235.54776984917922
37,234.2005046886245
38,234.11894004398675
39,234.11894004398675
40,234.11894004398675
41,234.11894004398675
42,234.11894004398675
43,232.62510517737817
44,232.62510517737817
45,232.62510517737817
46,232.62510517737817
47,232.50602360590537
48,232.50602360590537
49,232.50602360590537
50,232.50602360590537
51,232.50602360590537
52,232.50602360590537
53,232.45590523171055
54,232.45590523171055
55,232.45590523171055
56,232.41144139959366
57,232.41144139959366
58,232.38017381403017
59,232.38017381403017
