epoch,fitness
0,1186.379339531985
1,1145.6420277884831
2,654.3899028462278
3,531.6180401583587
4,483.2040323991168
5,479.646815383905
6,471.52125972188355
7,448.09943458204765
8,432.2536072134708
9,432.2536072134708
10,432.2536072134708
11,430.2264628505036
12,430.2264628505036
13,428.59289556807533
14,428.59289556807533
15,428.59289556807533
16,425.08930752877245
17,424.9007231345924
18,424.9007231345924
19,422.7211262486647
20,417.83580326335255
21,417.83580326335255
22,415.9156146597172
23,415.9156146597172
24,414.3470362165736
25,414.3470362165736
26,414.3470362165736
27,414.3470362165736
28,412.85544123625243
29,412.85544123625243
30,412.85544123625243
31,412.85544123625243
32,412.85544123625243
33,412.85544123625243
34,412.85544123625243
35,412.74768103263517
36,406.44160632630366
37,406.44160632630366
38,402.1217295577147
39,402.1217295577147
40,401.2927293308416
41,397.63141410139326
42,397.63141410139326
43,397.63141410139326
44,397.63141410139326
45,397.63141410139326
46,397.63141410139326
47,397.63141410139326
48,397.63141410139326
49,397.63141410139326
50,397.63141410139326
51,397.45448987839603
52,397.45448987839603
53,397.45448987839603
54,397.45448987839603
55,397.45448987839603
