epoch,fitness
0,1147.0772846711561
1,1143.1325489865658
2,1048.1260692931985
3,1048.1260692931985
4,1012.3876487785379
5,531.5206999693038
6,520.0433002480637
7,510.99657858892306
8,509.7434711356286
9,509.7434711356286
10,507.50242727796194
11,498.4360754477724
12,498.4360754477724
13,495.2945879653643
14,495.2945879653643
15,495.2945879653643
16,495.2945879653643
17,488.97515253171895
18,484.57224945684624
19,484.57224945684624
20,484.57224945684624
21,482.75856361880614
22,482.75856361880614
23,482.75856361880614
24,482.75856361880614
25,482.75856361880614
26,482.75856361880614
27,482.75856361880614
28,482.75856361880614
29,482.75856361880614
30,482.75856361880614
31,480.11610106086175
32,473.1981047733414
33,473.1981047733414
34,473.1981047733414
35,471.01322055398174
36,470.00323788757356
37,462.9052800995899
38,461.1496015327278
39,458.59597419844266
40,458.59597419844266
41,458.59597419844266
42,458.59597419844266
43,454.75526305405657
44,454.75526305405657
45,450.4022029177873
46,450.4022029177873
47,449.480643749999
48,449.480643749999
49,444.4715293183524
50,444.4715293183524
51,443.21654516980647
52,439.53386463048713
53,439.3710553060324
54,439.3710553060324
55,437.47548025422634
56,435.38503653738167
57,435.38503653738167
58,435.38503653738167
59,435.38503653738167
60,435.38503653738167
61,435.3209091329948
62,435.3209091329948
63,435.3209091329948
64,435.3209091329948
65,435.3209091329948
66,435.3209091329948
67,435.3209091329948
68,435.3209091329948
