epoch,fitness
0,204.7324034705768
1,200.29739150650337
2,180.52284710526197
3,179.23971715082078
4,179.23971715082078
5,179.23971715082078
6,179.23971715082078
7,140.0716972632498
8,139.67866974154228
9,138.11648787029617
10,138.11648787029617
11,138.11648787029617
12,138.11648787029617
13,138.1015236593117
14,138.1015236593117
15,138.1015236593117
16,138.1015236593117
17,138.1015236593117
18,137.9766560021075
19,137.9766560021075
20,137.9766560021075
21,137.9766560021075
22,137.9766560021075
23,137.9766560021075
24,137.9766560021075
25,137.9766560021075
26,136.78314240863193
27,136.78314240863193
28,136.78314240863193
29,136.78314240863193
30,136.78314240863193
31,136.78314240863193
32,136.78314240863193
33,136.78314240863193
34,136.78314240863193
35,136.78314240863193
36,136.78314240863193
37,136.78314240863193
38,136.78314240863193
39,136.78314240863193
40,136.78314240863193
41,136.78314240863193
42,136.78314240863193
43,136.78314240863193
44,136.78314240863193
45,136.78314240863193
46,136.78314240863193
47,136.77099812868647
48,136.77099812868647
49,136.77099812868647
50,136.77099812868647
51,136.77099812868647
52,136.77099812868647
53,136.77099812868647
54,136.77099812868647
55,136.77099812868647
56,136.77099812868647
57,136.77099812868647
58,136.77099812868647
59,136.77099812868647
60,136.73810869556658
61,136.73810869556658
62,136.73810869556658
63,136.73810869556658
64,136.73810869556658
65,136.73810869556658
66,136.73810869556658
67,136.73810869556658
68,136.73810869556658
69,136.73810869556658
70,136.73810869556658
71,136.73810869556658
72,136.73810869556658
73,135.44436283980272
74,135.14013979873206
75,135.14013979873206
76,135.14013979873206
77,135.14013979873206
78,135.14013979873206
79,135.14013979873206
80,135.14013979873206
81,135.14013979873206
82,135.14013979873206
83,133.8579306054574
