epoch,fitness
0,223.10532745249694
1,223.10532745249694
2,209.71885662302725
3,207.54383031079533
4,197.6152312251256
5,197.6152312251256
6,191.20481452082566
7,165.6682463548638
8,162.03578740502144
9,160.96081263113166
10,150.1490962575867
11,150.1490962575867
12,150.1490962575867
13,150.1490962575867
14,144.7407866823546
15,144.7407866823546
16,144.66863582995515
17,144.66863582995515
18,143.76238489619658
19,143.76238489619658
20,143.76238489619658
21,143.7446853734854
22,143.57925016320385
23,143.57925016320385
24,143.57925016320385
25,143.57925016320385
26,143.46989320839828
27,143.46989320839828
28,143.46989320839828
29,143.31892152900195
30,143.31892152900195
31,143.31892152900195
32,143.31892152900195
33,143.31892152900195
34,143.31892152900195
35,143.31892152900195
36,143.31892152900195
37,143.31892152900195
38,143.31892152900195
39,143.31892152900195
40,143.31892152900195
41,143.31892152900195
42,143.31892152900195
43,143.31024649683832
44,143.31024649683832
45,143.31024649683832
46,143.31024649683832
47,143.30369982452348
48,143.30369982452348
49,143.30369982452348
50,143.29329984745237
51,143.29329984745237
52,143.29329984745237
53,143.29329984745237
54,143.29329984745237
55,143.29329984745237
56,143.29329984745237
57,143.29329984745237
58,143.29329984745237
59,143.29329984745237
60,143.29329984745237
61,142.21677143410753
62,142.21677143410753
63,142.21677143410753
64,142.21677143410753
65,142.21677143410753
66,142.21677143410753
67,142.21677143410753
68,142.21677143410753
