epoch,fitness
0,1134.1359899631123
1,1098.7313892006891
2,794.1394197248893
3,685.1592396603855
4,562.3053151720491
5,495.5181992977592
6,487.9269871341221
7,484.3313445206821
8,477.63464390180286
9,467.81377107787347
10,465.5623019071883
11,463.14394744414
12,459.3306458929555
13,455.3817678068369
14,455.3817678068369
15,445.5285976431512
16,443.71593921982895
17,440.29768109384133
18,440.29768109384133
19,440.29768109384133
20,440.29768109384133
21,440.29768109384133
22,440.29768109384133
23,440.29768109384133
24,434.43801310899306
25,434.43801310899306
26,434.43801310899306
27,434.43801310899306
28,434.43801310899306
29,434.43801310899306
30,432.28566202135505
31,432.28566202135505
32,432.28566202135505
33,432.28566202135505
34,431.07368485795877
35,431.07368485795877
36,431.07368485795877
37,431.07368485795877
38,431.07368485795877
39,431.07368485795877
40,431.07368485795877
41,431.07368485795877
42,431.07368485795877
43,430.84284347644547
44,430.2343161672537
45,429.2740133092563
46,429.2740133092563
47,429.2740133092563
48,429.06506237521313
49,429.0317575074595
50,429.0317575074595
51,429.0317575074595
52,429.0317575074595
53,429.0059697230813
54,428.111585786347
55,428.111585786347
56,428.111585786347
57,428.0110731752544
58,425.7304930005063
59,425.7304930005063
60,425.7304930005063
61,425.7304930005063
