epoch,fitness
0,1151.623553742907
1,1121.2169039651703
2,1080.0063679418724
3,1080.0063679418724
4,678.6555057585451
5,524.4072729001351
6,464.47710318545825
7,459.87515411749223
8,447.7933368217386
9,447.7933368217386
10,447.7933368217386
11,447.7933368217386
12,441.79499561005474
13,439.86991500319397
14,438.04677132320046
15,438.04677132320046
16,438.04677132320046
17,438.04677132320046
18,434.6600985241865
19,434.6600985241865
20,434.6600985241865
21,432.6291538375301
22,432.6291538375301
23,432.5800746531171
24,432.5800746531171
25,432.0500627032978
26,432.0500627032978
27,432.0500627032978
28,430.7083738423751
29,428.88521309050407
30,428.88521309050407
31,428.88521309050407
32,428.88521309050407
33,428.7031734509484
34,428.7031734509484
35,428.7031734509484
36,428.24294410482617
37,427.28231637863456
38,425.97719029979044
39,425.42535951860276
40,425.42535951860276
41,424.2752733778253
42,424.05448879711764
43,423.63023713747606
44,423.1241373031219
45,418.5406506488853
46,418.5406506488853
47,418.06464752699526
48,412.3264690723227
49,412.3264690723227
50,410.25924196897085
51,410.25924196897085
52,409.3763657071057
