epoch,fitness
0,866.6249784358217
1,791.9680959093159
2,475.3935916025349
3,421.7721379865849
4,413.73525481698294
5,386.942419599602
6,386.942419599602
7,377.8345959882685
8,373.06087367839723
9,372.4065539199855
10,370.4050951982838
11,370.4050951982838
12,370.4050951982838
13,370.4050951982838
14,370.4050951982838
15,368.99806507187657
16,368.99806507187657
17,368.99806507187657
18,360.47215230011784
19,355.14859819604015
20,355.14859819604015
21,355.14859819604015
22,355.14859819604015
23,355.14859819604015
24,355.14859819604015
25,355.14859819604015
26,355.14859819604015
27,355.14859819604015
28,355.14859819604015
29,355.14859819604015
30,355.14859819604015
31,355.14859819604015
32,355.14859819604015
33,355.14859819604015
34,355.14859819604015
35,355.14859819604015
36,355.14859819604015
37,355.14859819604015
38,355.14859819604015
39,355.14859819604015
40,355.14859819604015
41,355.14859819604015
42,355.14859819604015
43,355.14859819604015
44,355.14859819604015
45,355.14859819604015
46,355.14859819604015
47,355.14859819604015
48,355.14859819604015
49,355.14859819604015
50,355.14859819604015
51,355.1000853584591
52,353.7412253992052
53,353.7412253992052
54,353.7412253992052
55,353.7412253992052
56,353.7412253992052
57,353.7412253992052
58,353.7412253992052
59,353.69160978164433
60,353.69160978164433
61,353.69160978164433
62,353.69160978164433
63,353.69160978164433
64,353.69160978164433
65,353.69160978164433
66,353.64245594564323
67,353.64245594564323
68,353.57714170042414
