epoch,fitness
0,833.717366054467
1,833.717366054467
2,833.717366054467
3,833.717366054467
4,833.717366054467
5,833.717366054467
6,587.1254684651019
7,430.93118737544336
8,365.20718924879907
9,358.4599591269746
10,355.39640865341937
11,349.09090614303057
12,349.09090614303057
13,349.09090614303057
14,349.09090614303057
15,349.09090614303057
16,349.09090614303057
17,349.09090614303057
18,349.09090614303057
19,349.09090614303057
20,349.09090614303057
21,349.09090614303057
22,349.09090614303057
23,342.3332411339881
24,342.3332411339881
25,342.3332411339881
26,338.49608712962925
27,338.49608712962925
28,335.56275192277343
29,335.56275192277343
30,335.56275192277343
31,335.56275192277343
32,335.56275192277343
33,335.56275192277343
34,335.56275192277343
35,335.56275192277343
36,335.56275192277343
37,335.56275192277343
38,335.56275192277343
39,335.56275192277343
40,335.56275192277343
41,335.56275192277343
42,335.56275192277343
43,335.56275192277343
44,335.5099576344857
45,335.5099576344857
46,335.5099576344857
47,335.5099576344857
48,334.1769291620661
49,334.1769291620661
50,334.1769291620661
51,334.1769291620661
52,334.1769291620661
53,334.1769291620661
54,334.1769291620661
55,334.1769291620661
56,334.1769291620661
57,334.1769291620661
58,334.1769291620661
59,334.1769291620661
60,334.1769291620661
