epoch,fitness
0,1329.649440703708
1,1220.3276651234744
2,827.4021782161789
3,713.922347460471
4,648.1911727713774
5,647.8007582096805
6,642.4132148117736
7,640.7064535786265
8,637.8346486434724
9,635.3639147089209
10,634.6768947431362
11,634.5544074969187
12,634.5544074969187
13,631.577717137601
14,631.577717137601
15,619.3242071221327
16,619.3242071221327
17,616.3655057266465
18,615.9247751586944
19,613.9197357560145
20,613.9197357560145
21,613.9197357560145
22,613.9197357560145
23,613.9197357560145
24,612.6604065947977
25,611.2311776576194
26,611.2311776576194
27,611.2311776576194
28,609.2168306812575
29,608.6111158231165
30,607.3858999875983
31,606.2152047944735
32,604.8354810088857
33,604.8354810088857
34,603.9875884791019
35,603.9875884791019
36,603.8731152045232
37,603.349791506677
38,602.4395694279506
39,602.4395694279506
40,601.6543160667707
41,601.6543160667707
42,601.6543160667707
43,601.6543160667707
44,601.6543160667707
45,601.4994799865267
46,600.2870951342137
47,600.2870951342137
48,600.2870951342137
49,600.2870951342137
50,600.2870951342137
