epoch,fitness
0,1347.5790919272447
1,1199.0022549761118
2,1018.5183176588561
3,757.079766005175
4,735.3657899631959
5,701.619508505446
6,669.7511914537785
7,663.9342571396016
8,661.2244859914064
9,659.3333279790583
10,655.8143760342632
11,653.867542071207
12,653.867542071207
13,653.3828906329254
14,651.0646873322677
15,648.8175189256178
16,648.8175189256178
17,648.7115439380925
18,647.3567905348418
19,647.3567905348418
20,646.9823296464511
21,646.8041263197616
22,646.3463517893764
23,646.3463517893764
24,646.1378767972121
25,645.9966215282752
26,645.9966215282752
27,645.9966215282752
28,645.9966215282752
29,645.9966215282752
30,645.9891882877831
31,645.8254247869585
32,645.3062004999392
33,645.3062004999392
34,645.3062004999392
35,645.3062004999392
36,645.0289862100128
37,644.8063452074028
38,643.7593314939402
39,643.7593314939402
40,643.7593314939402
41,643.7593314939402
