epoch,fitness
0,1357.6837306083105
1,935.3799821133591
2,657.4065462072954
3,649.5804841992797
4,648.5754507964004
5,648.5754507964004
6,644.107653098122
7,642.4489723329019
8,642.4489723329019
9,641.5368738853451
10,640.6750273071948
11,640.6213227379193
12,639.4920614784126
13,637.743426124711
14,637.7409843605567
15,637.1589903154842
16,636.5540174493663
17,635.6825734881152
18,635.6262058788136
19,635.6262058788136
20,634.7093943104013
21,632.8608885341517
22,630.0519392249684
23,630.0519392249684
24,630.0519392249684
25,630.0482827708621
26,628.472018294562
27,626.1998622876033
28,625.4687234689746
29,624.7572981155795
30,624.7572981155795
31,624.6303703479305
32,624.1403454495047
33,623.6393314638847
34,621.7902326128234
35,621.7902326128234
36,618.631280333423
37,618.631280333423
38,617.7309941578721
39,616.8506856545248
40,616.4017828751511
41,614.6005771577986
42,614.6005771577986
43,614.2348850672347
44,614.2348850672347
45,614.2348850672347
46,614.2138153499511
47,614.2138153499511
48,614.2138153499511
49,614.2138153499511
50,614.2116166426787
51,613.7990844716045
52,613.4179774838344
53,613.4179774838344
54,612.7306766339323
55,612.7306766339323
56,612.7306766339323
57,612.5217737899364
58,612.5217737899364
59,611.8217336435831
60,611.8217336435831
61,611.8217336435831
62,611.8217336435831
