epoch,fitness
0,1394.7101863164698
1,1093.3925691178754
2,678.5614626856557
3,671.9639946787612
4,661.6119334838913
5,660.3174301384
6,648.6364895215253
7,648.6364895215253
8,647.1116196074976
9,647.1116196074976
10,647.1116196074976
11,646.6325330815107
12,645.286415354601
13,645.286415354601
14,643.8482679479182
15,642.5321307147452
16,641.9294648160036
17,641.9294648160036
18,641.9294648160036
19,641.9294648160036
20,641.9294648160036
21,641.9294648160036
22,641.3723158162695
23,640.5909935163132
24,639.24762617344
25,630.3220455570321
26,628.7844778495028
27,569.628525562227
28,568.9603912912052
29,568.9603912912052
30,568.9603912912052
31,568.9603912912052
32,566.1186241203096
33,565.876673479045
34,565.0613347827996
35,565.0613347827996
36,565.0613347827996
37,564.8583521780578
