epoch,fitness
0,685.4662066956877
1,535.7176501202355
2,452.3637561408268
3,321.05299820010293
4,319.68252313259893
5,316.37064013286556
6,316.37064013286556
7,316.37064013286556
8,312.5507363874514
9,310.19917985597147
10,310.19917985597147
11,307.9807633957501
12,307.9807633957501
13,307.9807633957501
14,306.4159416981322
15,306.4159416981322
16,306.4159416981322
17,306.4159416981322
18,306.4159416981322
19,306.4159416981322
20,306.4159416981322
21,306.4159416981322
