epoch,fitness
0,1405246.4375601797
1,1063.4507231337304
2,406.26443139622694
3,379.2707074397186
4,359.63958284733366
5,358.59472761732894
6,358.59472761732894
7,358.59472761732894
8,358.4596739922449
9,358.3472679654586
10,357.14661080051366
11,356.88245864018756
12,356.88245864018756
13,356.88245864018756
14,356.88245864018756
15,356.88245864018756
16,356.88245864018756
17,356.88245864018756
18,356.88245864018756
19,355.9534480576791
20,355.9534480576791
21,355.7725473331762
22,355.7725473331762
23,355.7725473331762
24,355.7725473331762
25,355.7725473331762
26,355.7725473331762
27,355.7725473331762
28,355.7725473331762
29,355.7725473331762
30,355.7725473331762
31,355.7725473331762
32,355.7725473331762
33,355.7725473331762
34,355.7725473331762
35,355.7725473331762
36,355.7725473331762
37,355.7725473331762
38,355.7725473331762
39,355.7725473331762
40,355.7725473331762
41,355.7725473331762
42,355.7725473331762
43,355.7725473331762
44,355.7725473331762
45,355.7725473331762
46,355.7725473331762
47,355.7725473331762
48,355.7725473331762
49,355.7725473331762
50,355.7725473331762
51,355.7725473331762
52,355.7725473331762
53,355.7725473331762
54,355.7725473331762
55,355.7725473331762
56,355.7725473331762
57,355.7725473331762
58,355.7725473331762
59,355.7725473331762
60,355.7725473331762
61,355.7725473331762
62,355.7725473331762
63,355.7725473331762
64,355.7725473331762
65,355.7725473331762
66,355.7725473331762
67,355.7725473331762
68,355.62912896791346
69,355.62912896791346
70,355.62912896791346
71,355.62912896791346
72,355.62912896791346
73,355.62912896791346
74,355.62912896791346
75,355.62912896791346
76,355.62912896791346
77,355.62912896791346
78,355.62912896791346
79,355.62912896791346
80,355.62912896791346
81,355.62912896791346
82,355.62912896791346
83,355.62912896791346
84,355.5372735431481
85,355.5372735431481
86,355.5372735431481
87,355.5372735431481
88,355.5372735431481
89,355.5372735431481
90,355.5372735431481
91,355.5372735431481
92,355.5372735431481
93,355.4775734619841
94,355.4775734619841
95,355.4775734619841
96,355.4775734619841
97,355.4775734619841
98,355.3343377082978
99,355.3343377082978
100,355.3343377082978
101,355.3343377082978
102,355.3343377082978
103,355.3343377082978
104,355.3343377082978
105,355.3343377082978
106,355.3343377082978
