epoch,fitness
0,884.8452137923379
1,371.8794873247681
2,349.23538052627646
3,349.23538052627646
4,345.9639228138608
5,345.9639228138608
6,345.9639228138608
7,345.0649463260508
8,343.5488338117475
9,336.38663884917594
10,336.178454634711
11,336.178454634711
12,336.178454634711
13,336.178454634711
14,336.178454634711
15,336.178454634711
16,333.79624415076586
17,333.79624415076586
18,333.79624415076586
19,333.79624415076586
20,333.79624415076586
21,333.71404822044786
22,333.71404822044786
23,332.74578689115515
24,332.3058285981353
25,332.2282868145561
26,331.63704861763193
27,331.4170658193255
28,331.4170658193255
29,331.4170658193255
30,331.4170658193255
31,331.4170658193255
32,331.4170658193255
33,331.4170658193255
34,331.4170658193255
35,331.4170658193255
36,331.4170658193255
37,331.4170658193255
38,331.4170658193255
39,331.4170658193255
40,331.4170658193255
41,331.4170658193255
42,331.4170658193255
43,331.4170658193255
44,331.4170658193255
45,331.4170658193255
46,331.4170658193255
47,331.4170658193255
48,331.4170658193255
49,331.4170658193255
50,331.4170658193255
51,331.4170658193255
52,331.4170658193255
53,331.4170658193255
54,331.4170658193255
55,331.4170658193255
56,331.4170658193255
57,331.4170658193255
58,331.4170658193255
59,331.4082089287465
60,330.53245764980346
61,330.53245764980346
62,330.14875930054836
63,330.14875930054836
64,330.14875930054836
65,330.14875930054836
66,330.14875930054836
67,329.3497383451846
68,329.3497383451846
69,329.3497383451846
