epoch,fitness
0,881.8764828805445
1,881.8764828805445
2,624.7637282988338
3,358.1782320545584
4,358.1782320545584
5,350.774515059623
6,344.41371491702733
7,344.41371491702733
8,344.0127449816359
9,342.91395357861774
10,340.2201035481121
11,340.2201035481121
12,340.2201035481121
13,340.2201035481121
14,340.0538645546566
15,338.0436517275796
16,338.0002720133689
17,336.42007168896885
18,334.9591393196251
19,334.9591393196251
20,334.9591393196251
21,334.9591393196251
22,334.9591393196251
23,334.9591393196251
24,333.80472291933194
25,333.80472291933194
26,333.80472291933194
27,333.80472291933194
28,333.80472291933194
29,333.1376427886921
30,332.8188929924259
31,332.12365222762793
32,332.12365222762793
33,332.01036210214113
34,332.01036210214113
35,332.01036210214113
36,331.6422724728632
37,331.6422724728632
38,331.6422724728632
39,331.6422724728632
40,331.6422724728632
41,331.52083124964594
42,329.24199097793377
43,329.24199097793377
44,329.13118411112333
45,329.13118411112333
46,329.13118411112333
47,329.13118411112333
48,329.0073282296015
49,329.0073282296015
50,329.0073282296015
51,329.0073282296015
52,329.0073282296015
53,328.3125619375845
54,328.09107971813967
55,328.09107971813967
56,328.04218256066264
