epoch,fitness
0,210.35354430635837
1,204.1131209874512
2,195.4236936987236
3,192.536337444194
4,192.536337444194
5,192.536337444194
6,192.49551015906667
7,136.73556622349477
8,136.73556622349477
9,134.76301853746386
10,134.76301853746386
11,134.76301853746386
12,134.76301853746386
13,134.76301853746386
14,134.76301853746386
15,134.76301853746386
16,134.76301853746386
17,134.76301853746386
18,134.76301853746386
19,133.03814808397482
20,133.03814808397482
21,133.03814808397482
22,133.03814808397482
23,133.03814808397482
24,133.03814808397482
25,133.03814808397482
26,133.03814808397482
27,133.03814808397482
28,133.03814808397482
29,133.03814808397482
30,133.03814808397482
31,133.03814808397482
32,132.98490845164207
33,132.98490845164207
34,132.98490845164207
35,132.98490845164207
36,132.98490845164207
37,132.98490845164207
38,132.98490845164207
39,132.98490845164207
40,132.94837600348743
41,132.94837600348743
42,132.76729238957253
43,132.76729238957253
44,132.76729238957253
45,132.76729238957253
46,132.76729238957253
47,132.76729238957253
48,132.76729238957253
49,132.76729238957253
50,132.76729238957253
51,132.76729238957253
52,132.76729238957253
53,132.76729238957253
54,132.76729238957253
55,132.76729238957253
56,132.76729238957253
57,132.76729238957253
58,132.76729238957253
59,132.76729238957253
60,132.76729238957253
61,132.76729238957253
62,132.76729238957253
63,132.76729238957253
64,132.76729238957253
65,132.76729238957253
66,132.76729238957253
67,132.76729238957253
68,132.76729238957253
