epoch,fitness
0,959.0743916873683
1,848.4229914175196
2,572.681437958373
3,464.1395454175767
4,459.66784538950566
5,458.2466352339414
6,458.2466352339414
7,458.1924341358492
8,458.1924341358492
9,452.2253206042687
10,452.2253206042687
11,452.2253206042687
12,448.5484687465159
13,447.9171615569459
14,447.116365959108
15,447.116365959108
16,446.3462664434078
17,446.32878646553803
18,446.32878646553803
19,446.2495478267894
20,446.2495478267894
21,445.693352375036
22,445.693352375036
23,445.693352375036
24,445.693352375036
25,444.5679316264594
26,444.227877450237
27,444.227877450237
28,444.227877450237
29,444.227877450237
30,444.227877450237
31,443.7554644696658
32,443.3754380582483
33,443.09668575184725
34,442.6095932534096
35,442.42979701285776
36,440.92703404952545
37,440.8416845343023
38,438.88658601628293
39,438.8348113578921
40,438.8348113578921
41,438.8348113578921
42,438.1977713194058
43,438.1977713194058
44,437.43219345703255
45,436.28321295188204
46,436.28321295188204
47,436.28321295188204
48,436.28321295188204
49,435.894380063628
50,435.136453970843
51,435.136453970843
52,435.136453970843
53,417.7154820443908
54,417.7154820443908
55,404.56155364475393
56,404.56155364475393
57,401.2703171863277
58,401.19678305618805
59,398.53061265376886
