epoch,fitness
0,130.03939351092876
1,116.29689856592242
2,116.29689856592242
3,113.2172371278466
4,112.82181578745755
5,112.61582026262288
6,95.73953724362839
7,91.28943975391141
8,91.19839139582292
9,89.90655693434597
10,89.90655693434597
11,89.90655693434597
12,89.79857657507938
13,89.79857657507938
14,89.79857657507938
15,89.79857657507938
16,89.79857657507938
17,88.29766231011253
18,88.15711457501733
19,88.15711457501733
20,88.15711457501733
21,88.15711457501733
22,88.15711457501733
23,88.15711457501733
24,88.15711457501733
25,88.15711457501733
26,88.15711457501733
27,88.15711457501733
28,88.08028756592714
29,88.08028756592714
30,88.08028756592714
31,88.08028756592714
32,88.08028756592714
33,88.08028756592714
34,88.08028756592714
35,88.06534087858667
36,88.06507965254688
37,88.06507965254688
38,88.06507965254688
39,88.06507965254688
40,88.06507965254688
41,88.06507965254688
42,88.06507965254688
43,88.06507965254688
44,88.06414510902991
45,88.06414510902991
46,88.06414510902991
47,88.06414510902991
48,88.06414510902991
49,88.06414510902991
50,88.06414510902991
51,88.06414510902991
52,88.06414510902991
53,88.06414510902991
54,87.91279700942344
55,87.91279700942344
56,87.91279700942344
57,87.91279700942344
58,87.91279700942344
59,87.91279700942344
60,87.91279700942344
61,87.91279700942344
62,87.91279700942344
63,87.91279700942344
64,87.91279700942344
65,87.91279700942344
66,87.91279700942344
67,87.91279700942344
