epoch,fitness
0,749.6394387353674
1,696.5197679934291
2,428.01622758786857
3,370.6701588854355
4,362.9066532404344
5,360.52730993326145
6,358.6980832762245
7,357.95289266080755
8,357.17362906934915
9,357.17362906934915
10,355.6984391915576
11,354.3762215410232
12,354.3762215410232
13,354.3762215410232
14,354.3762215410232
15,354.13621788641666
16,353.6459181958345
17,353.162910171384
18,353.162910171384
19,351.7976014805565
20,350.6066428051648
21,350.6066428051648
22,350.0085215400232
23,349.46694791263656
24,348.4803322935789
25,348.4803322935789
26,347.6772279689875
27,347.13879418905117
28,347.1356523057725
29,346.52078794308585
30,345.22861266977674
31,345.22861266977674
32,345.22861266977674
33,345.22861266977674
34,345.13999412610497
35,343.63279069844316
36,343.63279069844316
37,343.45468112766093
38,343.0732730062704
39,342.786929764319
40,341.9010716091519
41,340.85669201769394
42,340.67596686388384
43,339.98622905678263
44,339.98622905678263
45,339.7913567349806
46,338.6994473617536
47,338.6994473617536
48,338.6994473617536
49,337.85471831177097
50,337.85471831177097
51,337.85471831177097
52,337.59781098014423
53,337.23053913428544
54,336.859574413726
55,336.29507278900104
56,336.29507278900104
57,336.29507278900104
58,336.29507278900104
59,336.2349053850522
