epoch,fitness
0,742.3805016336912
1,360.15724461419165
2,352.55287071125184
3,349.703531455395
4,349.57881127259924
5,349.57881127259924
6,349.57881127259924
7,336.96654120474193
8,318.4297958627508
9,314.70227785795413
10,314.033466023549
11,314.033466023549
12,314.033466023549
13,314.033466023549
14,314.033466023549
15,314.033466023549
16,314.033466023549
17,314.033466023549
18,314.033466023549
19,314.033466023549
20,314.033466023549
21,314.033466023549
22,314.033466023549
23,314.033466023549
24,314.033466023549
25,314.033466023549
26,314.033466023549
27,314.033466023549
28,314.033466023549
29,314.033466023549
30,314.033466023549
31,314.033466023549
32,314.033466023549
33,314.033466023549
34,314.033466023549
35,314.033466023549
36,314.033466023549
37,314.033466023549
38,314.033466023549
39,314.033466023549
40,314.033466023549
41,314.033466023549
42,314.033466023549
43,314.033466023549
44,314.033466023549
45,314.033466023549
46,314.033466023549
47,314.033466023549
48,314.033466023549
49,314.033466023549
50,314.033466023549
51,314.033466023549
52,314.033466023549
53,314.033466023549
54,314.033466023549
55,314.033466023549
56,314.033466023549
57,314.033466023549
58,314.033466023549
59,314.033466023549
60,314.033466023549
61,314.033466023549
62,313.9520913434712
63,313.9520913434712
64,313.9520913434712
65,313.9520913434712
66,313.9520913434712
67,313.9520913434712
68,313.9520913434712
69,313.9520913434712
70,313.9520913434712
71,313.9520913434712
72,313.9520913434712
73,313.9520913434712
74,313.9520913434712
75,313.9520913434712
76,313.9520913434712
77,313.9520913434712
78,313.9520913434712
79,313.9520913434712
80,313.9520913434712
81,313.9520913434712
82,313.9520913434712
83,313.9520913434712
84,313.9520913434712
85,313.9520913434712
86,313.9520913434712
87,313.9520913434712
88,313.9520913434712
89,313.9520913434712
90,313.9520913434712
91,313.9520913434712
92,313.9520913434712
93,313.9520913434712
94,313.9520913434712
95,313.9520913434712
96,313.9520913434712
97,313.8169298323927
98,313.8169298323927
99,313.8169298323927
100,313.8169298323927
101,313.8169298323927
102,313.8169298323927
103,313.8169298323927
104,313.8169298323927
105,313.8169298323927
106,313.8169298323927
107,313.8169298323927
108,313.8169298323927
109,313.8169298323927
110,313.8169298323927
111,313.8169298323927
