epoch,fitness
0,753.313367373081
1,742.2940843190918
2,734.9224694443619
3,732.1839955686621
4,679.4137395218681
5,350.6655361879728
6,350.06726593986826
7,322.9766288973034
8,322.9766288973034
9,314.033466023549
10,314.033466023549
11,314.033466023549
12,314.033466023549
13,314.033466023549
14,314.033466023549
15,314.033466023549
16,314.033466023549
17,314.033466023549
18,314.033466023549
19,314.033466023549
20,314.033466023549
21,314.033466023549
22,314.033466023549
23,314.033466023549
24,314.033466023549
25,314.033466023549
26,314.033466023549
27,314.033466023549
28,314.033466023549
29,314.033466023549
30,314.033466023549
31,314.033466023549
32,314.033466023549
33,314.033466023549
34,314.033466023549
35,314.033466023549
36,314.033466023549
37,314.033466023549
38,314.033466023549
39,314.033466023549
40,314.033466023549
41,314.033466023549
42,314.033466023549
43,314.033466023549
44,314.033466023549
45,314.033466023549
46,314.033466023549
47,314.033466023549
48,314.033466023549
49,314.033466023549
50,314.033466023549
51,314.033466023549
52,314.033466023549
53,314.033466023549
54,314.033466023549
55,313.94661171580424
56,313.94661171580424
57,313.94661171580424
58,313.94661171580424
59,313.94661171580424
60,313.94661171580424
61,313.94661171580424
62,313.94661171580424
63,313.94661171580424
64,313.94661171580424
65,313.94661171580424
66,313.94661171580424
67,313.94661171580424
68,313.94661171580424
69,313.94661171580424
70,313.94661171580424
71,313.94661171580424
72,313.94661171580424
73,313.94661171580424
74,313.94661171580424
75,313.94661171580424
76,313.94661171580424
77,313.94661171580424
78,313.94661171580424
79,313.94661171580424
80,313.94661171580424
81,313.94661171580424
82,313.94661171580424
83,313.94661171580424
84,313.94661171580424
85,313.94661171580424
86,313.94661171580424
87,313.94661171580424
88,313.94661171580424
89,313.94661171580424
90,313.94661171580424
91,313.94661171580424
92,313.94661171580424
93,313.94661171580424
94,313.94661171580424
95,313.94661171580424
96,313.94661171580424
97,313.94661171580424
98,313.94661171580424
99,313.94661171580424
100,313.94661171580424
101,313.94661171580424
102,313.94661171580424
103,313.94661171580424
104,313.94661171580424
105,313.94661171580424
106,313.94661171580424
107,313.94661171580424
