epoch,fitness
0,932.8467902503148
1,919.7485058822678
2,913.335906952869
3,581.713072012591
4,435.05456850115047
5,435.05456850115047
6,435.05456850115047
7,390.42023480044145
8,390.42023480044145
9,390.42023480044145
10,390.42023480044145
11,390.42023480044145
12,390.42023480044145
13,390.42023480044145
14,390.42023480044145
15,390.42023480044145
16,390.42023480044145
17,390.42023480044145
18,390.42023480044145
19,390.42023480044145
20,390.42023480044145
21,390.42023480044145
22,390.42023480044145
23,390.42023480044145
24,390.42023480044145
25,390.42023480044145
26,390.42023480044145
27,390.42023480044145
28,390.42023480044145
29,390.42023480044145
30,390.42023480044145
31,390.42023480044145
32,390.42023480044145
33,390.42023480044145
34,390.36547238396656
35,390.36547238396656
36,390.36547238396656
37,390.36547238396656
38,390.36547238396656
39,390.36547238396656
40,390.36547238396656
41,390.36547238396656
42,390.36547238396656
43,390.36547238396656
44,390.36547238396656
45,390.36547238396656
46,390.36547238396656
47,390.36547238396656
48,390.36547238396656
49,390.36547238396656
50,390.36547238396656
51,390.36547238396656
52,390.36547238396656
53,390.36547238396656
54,390.36547238396656
55,390.36547238396656
56,390.36547238396656
57,390.36547238396656
58,390.36547238396656
59,390.36547238396656
60,390.36547238396656
61,390.36547238396656
62,390.36547238396656
63,390.36547238396656
64,390.36547238396656
65,390.36547238396656
66,390.36547238396656
67,390.36547238396656
68,390.36547238396656
69,390.36547238396656
70,390.36547238396656
71,390.36547238396656
72,390.36547238396656
73,390.36547238396656
74,390.36547238396656
75,390.36547238396656
76,390.36547238396656
77,390.36547238396656
78,390.36547238396656
79,390.36547238396656
80,390.36547238396656
81,390.36547238396656
82,390.36547238396656
83,390.36547238396656
84,390.36547238396656
85,390.36547238396656
86,390.36547238396656
87,390.36547238396656
88,390.36547238396656
89,390.36547238396656
90,390.36547238396656
91,390.36547238396656
92,390.36547238396656
93,390.36547238396656
94,390.36547238396656
95,390.36547238396656
96,390.36547238396656
97,390.36547238396656
98,390.36547238396656
99,390.36547238396656
100,390.36547238396656
101,390.36547238396656
102,390.36547238396656
103,390.36547238396656
