epoch,fitness
0,131.58528411575034
1,77.05458347882514
2,76.40640154829867
3,69.03028678299708
4,68.45942383439447
5,68.45942383439447
6,67.98648167981757
7,67.97000151237829
8,67.80225673863423
9,66.15956232203617
10,66.15956232203617
11,66.15956232203617
12,66.15956232203617
13,65.17556857642315
14,65.17556857642315
15,65.17556857642315
16,65.17556857642315
17,64.57835867578048
18,64.57835867578048
19,64.57835867578048
20,64.23329937444123
21,64.23329937444123
22,64.23329937444123
23,63.85506067443884
24,63.85506067443884
25,63.72167431976527
26,63.599946568662425
27,63.466560215569345
28,63.466560215569345
29,63.466560215569345
30,63.2436560473817
31,63.2436560473817
32,63.2436560473817
33,62.83048977657082
34,62.83048977657082
35,61.825142912106976
36,61.45040014030536
37,61.25487168098012
38,61.25487168098012
39,61.019745203522085
40,61.019745203522085
41,60.816974486573244
42,60.816974486573244
43,60.73274857524086
44,60.52726320259288
45,59.91958875263835
46,59.91958875263835
47,59.91958875263835
48,59.91958875263835
49,59.91958875263835
50,59.91958875263835
51,59.91958875263835
52,59.91958875263835
53,59.91958875263835
54,59.91958875263835
55,59.836584903742335
56,59.836584903742335
57,59.836584903742335
58,59.24093789332133
59,59.24093789332133
60,59.24093789332133
61,59.22169751016274
62,59.22169751016274
63,59.194693528386374
64,59.13869365981736
65,59.13869365981736
66,59.0424712829998
67,59.0424712829998
68,59.0424712829998
69,59.0424712829998
70,59.0424712829998
