epoch,fitness
0,948.2545873542763
1,721.512227491598
2,468.3495063398903
3,455.7115484540655
4,452.4522879963059
5,452.4522879963059
6,450.8149359625337
7,441.9605042040107
8,441.9605042040107
9,441.1661733698559
10,438.4620600714987
11,438.4620600714987
12,436.94317463120734
13,436.4535816955752
14,436.4535816955752
15,434.7556373348485
16,434.5109597430765
17,433.7937091128424
18,433.7937091128424
19,433.0208386164977
20,432.87196668061887
21,432.4299249177048
22,432.4299249177048
23,431.7591527249068
24,431.0575698264065
25,430.4263201882759
26,427.7663618346313
27,427.7663618346313
28,427.7663618346313
29,427.7663618346313
30,426.4885575860666
31,425.1090358489648
32,425.1090358489648
33,425.1090358489648
34,424.1767379233626
35,424.1767379233626
36,423.6722207289147
37,423.095125443469
38,422.54119171758833
39,422.54119171758833
40,420.6614203172094
41,420.46882698433126
42,420.42115828696745
43,420.42115828696745
44,418.4831046896786
45,418.4831046896786
46,418.4831046896786
47,418.4831046896786
48,418.4831046896786
49,418.4831046896786
50,418.4831046896786
51,418.4831046896786
52,418.30993560258673
53,418.30993560258673
54,418.30993560258673
55,418.2311849865265
56,417.7379930520418
57,417.7379930520418
58,417.7379930520418
59,417.7379930520418
60,417.7379930520418
61,417.6045354802049
62,417.5621111111879
63,417.1503004801406
64,417.1503004801406
65,417.1503004801406
66,417.1503004801406
67,417.1503004801406
68,416.697607056838
69,416.697607056838
70,416.0480110915643
