epoch,fitness
0,1528.810350051977
1,834.4502103515795
2,740.727363203603
3,740.727363203603
4,740.4432200885902
5,740.4432200885902
6,740.4432200885902
7,740.4432200885902
8,740.3088835446
9,740.3088835446
10,739.3579836452318
11,738.6892698314851
12,734.3941740893509
13,734.3941740893509
14,734.3941740893509
15,734.3941740893509
16,731.8366765058715
17,729.6947248582312
18,729.6947248582312
19,729.6947248582312
20,729.3990148563092
21,725.676989655863
