epoch,fitness
0,331.39743014172507
1,331.39743014172507
2,328.7143684384289
3,328.7143684384289
4,328.7143684384289
5,328.55965657606237
6,316.0472426759061
7,276.8042393355042
8,218.1968000957696
9,206.08719349988206
10,203.04603450451222
11,203.04603450451222
12,197.25382173583932
13,197.25382173583932
14,197.25382173583932
15,195.3823449797537
16,195.3823449797537
17,195.3823449797537
18,193.4536726587673
19,193.4536726587673
20,193.4536726587673
21,193.4536726587673
22,193.4536726587673
23,193.4536726587673
24,193.4536726587673
25,193.4536726587673
26,193.4536726587673
27,193.4536726587673
28,193.38689314529088
29,193.38689314529088
30,193.38689314529088
31,193.38689314529088
32,193.38689314529088
33,193.38689314529088
34,193.38689314529088
35,191.6410658651324
36,191.6410658651324
37,191.6410658651324
38,191.05092233910437
39,191.05092233910437
40,191.05092233910437
41,191.05092233910437
42,191.05092233910437
43,190.93964628476652
44,190.93964628476652
45,190.93964628476652
46,188.79436949452662
47,188.79436949452662
48,188.79436949452662
49,188.79436949452662
50,188.79436949452662
51,188.79436949452662
52,188.79436949452662
53,188.79436949452662
54,188.79436949452662
55,188.5551308068573
56,188.5551308068573
57,188.5493853672699
58,188.5493853672699
59,188.54173139291643
60,188.54173139291643
61,188.54173139291643
62,188.54173139291643
63,188.54173139291643
64,188.54173139291643
65,188.54173139291643
66,188.54173139291643
67,188.47044644091238
68,188.47044644091238
69,188.47044644091238
70,188.47044644091238
71,188.47044644091238
72,188.47044644091238
73,188.47044644091238
74,188.47044644091238
75,188.47044644091238
76,188.47044644091238
77,188.47044644091238
78,188.47044644091238
79,188.47044644091238
80,188.47044644091238
81,188.47044644091238
82,188.47044644091238
