epoch,fitness
0,340.1539058182558
1,340.1539058182558
2,335.92546559249644
3,328.8007648327057
4,321.30650343083124
5,189.84767495414548
6,189.84767495414548
7,187.56573783948662
8,182.5757962566261
9,182.3061869530621
10,180.8358525912672
11,178.73256530488834
12,178.73256530488834
13,178.73256530488834
14,178.73256530488834
15,178.73256530488834
16,178.73256530488834
17,178.73256530488834
18,178.66404962565534
19,178.66404962565534
20,178.66404962565534
21,178.66404962565534
22,178.45689409175966
23,178.45689409175966
24,178.22458852509916
25,178.22458852509916
26,178.13769462972462
27,178.12803069963238
28,178.12803069963238
29,178.12803069963238
30,177.3697382777701
31,177.3697382777701
32,177.3697382777701
33,177.3697382777701
34,177.3697382777701
35,177.3697382777701
36,177.3697382777701
37,177.3697382777701
38,175.8539034237039
39,175.8539034237039
40,175.8539034237039
41,175.8539034237039
42,175.8539034237039
43,175.8539034237039
44,175.8539034237039
45,175.8539034237039
46,175.83465821161448
47,175.69165356283816
48,175.50187262257123
49,175.50187262257123
50,175.4037649822363
51,175.4037649822363
52,175.4037649822363
53,175.4037649822363
54,175.3766137316092
55,175.3766137316092
56,175.3766137316092
57,175.3766137316092
58,175.3766137316092
59,175.3766137316092
60,175.3766137316092
61,175.3766137316092
62,174.86821275640648
63,174.86821275640648
64,174.86821275640648
