epoch,fitness
0,744.0498734945832
1,668.6647148055672
2,402.742635288631
3,387.7247544440441
4,381.3419349635033
5,371.18198606544394
6,369.83240944921187
7,368.0227273391185
8,367.6931028108331
9,365.6764540393018
10,364.6531856574828
11,364.6531856574828
12,364.4038334433226
13,364.4038334433226
14,362.6925765207255
15,361.0544424374251
16,360.90336134532447
17,357.3158946711468
18,357.3158946711468
19,357.3158946711468
20,357.3158946711468
21,354.77473100566976
22,354.77473100566976
23,354.77473100566976
24,354.66203816527036
25,354.66203816527036
26,353.23025920928467
27,352.01265830903725
28,352.01265830903725
29,352.01265830903725
30,351.25259806193736
31,351.0799670248604
32,351.0799670248604
33,350.85105146014183
34,350.35724338015416
35,350.35724338015416
36,349.96174434637953
37,349.755634487329
38,349.755634487329
39,348.4827977228461
40,348.12771865191195
41,347.67649704481687
42,347.67649704481687
43,346.82803578503786
44,346.82803578503786
45,346.82803578503786
46,345.70714464445854
47,345.70714464445854
48,345.70714464445854
49,345.70714464445854
50,345.361148995619
51,344.8267445840433
52,344.8267445840433
53,344.8267445840433
54,344.8252980107234
55,344.8252980107234
