epoch,fitness
0,956.8260266260554
1,831.9224297681559
2,589.8468476567539
3,525.6137270403541
4,471.93635370909885
5,466.8354130658639
6,463.43159554969054
7,460.27584955581335
8,457.578573297488
9,456.73408703555674
10,453.9593954198114
11,453.9593954198114
12,449.4402824331617
13,448.4390640369998
14,448.4390640369998
15,448.10999366352644
16,446.77782591158405
17,446.45524622956674
18,444.3280486848897
19,444.3280486848897
20,442.9143368532434
21,441.34406918793644
22,439.9839792722101
23,439.6667775679084
24,439.6667775679084
25,438.71256982733496
26,438.71256982733496
27,438.71256982733496
28,436.9763853116176
29,436.9763853116176
30,436.9763853116176
31,436.7521722274311
32,436.7521722274311
33,436.7521722274311
34,434.74279328937786
35,434.52420875331086
36,434.37792730057515
37,432.7967361888037
38,432.7967361888037
39,432.28441629635824
40,432.28441629635824
41,431.953633622142
42,431.92112736120805
43,430.6951942780247
44,430.1972240548975
45,429.91521368385213
46,429.91521368385213
47,429.91521368385213
48,428.78419934641204
49,428.09663055172314
50,427.3448904694618
51,423.9652663066116
52,423.47971792423067
53,423.47971792423067
54,423.07908226341186
55,422.9519119910066
56,421.94147842254836
57,421.94147842254836
