epoch,fitness
0,955.7665883565929
1,862.2808635131967
2,692.9990950106936
3,455.0057215944589
4,454.59042547393847
5,390.77976569226615
6,390.42023480044145
7,390.42023480044145
8,390.42023480044145
9,390.42023480044145
10,390.42023480044145
11,390.42023480044145
12,390.42023480044145
13,390.42023480044145
14,390.42023480044145
15,390.42023480044145
16,390.42023480044145
17,390.42023480044145
18,390.42023480044145
19,390.42023480044145
20,390.42023480044145
21,390.42023480044145
22,390.42023480044145
23,390.42023480044145
24,390.42023480044145
25,390.42023480044145
26,390.42023480044145
27,390.42023480044145
28,390.42023480044145
29,390.42023480044145
30,390.42023480044145
31,390.42023480044145
32,390.42023480044145
33,390.42023480044145
34,390.42023480044145
35,390.42023480044145
36,390.42023480044145
37,390.42023480044145
38,390.42023480044145
39,390.42023480044145
40,390.42023480044145
41,390.42023480044145
42,390.42023480044145
43,390.42023480044145
44,390.42023480044145
45,390.42023480044145
46,390.42023480044145
47,390.42023480044145
48,390.42023480044145
49,390.42023480044145
50,390.42023480044145
51,390.42023480044145
52,390.42023480044145
53,390.42023480044145
54,390.42023480044145
55,390.42023480044145
56,390.42023480044145
57,390.42023480044145
58,390.42023480044145
59,390.42023480044145
60,390.42023480044145
61,390.42023480044145
62,390.42023480044145
63,390.42023480044145
64,390.42023480044145
65,390.42023480044145
66,390.42023480044145
67,390.3627452162686
68,390.3627452162686
69,390.3627452162686
70,390.3627452162686
71,390.3627452162686
72,390.3627452162686
73,390.3627452162686
74,390.3627452162686
75,390.3627452162686
76,390.3627452162686
77,390.3627452162686
78,390.3627452162686
79,390.3627452162686
80,390.3627452162686
81,390.3627452162686
82,390.3627452162686
83,390.3627452162686
84,390.3627452162686
85,390.3627452162686
86,390.3627452162686
87,390.3627452162686
88,390.3627452162686
89,390.3627452162686
90,390.3627452162686
91,390.3627452162686
92,390.3627452162686
93,390.3627452162686
94,390.3627452162686
95,390.3627452162686
96,390.3627452162686
97,390.3627452162686
98,390.3627452162686
99,390.3627452162686
100,390.3627452162686
101,390.3627452162686
102,390.3627452162686
103,390.3627452162686
104,390.3627452162686
