epoch,fitness
0,407.799085146309
1,369.6236703448382
2,259.7573949222515
3,221.28450280008255
4,219.4742448342505
5,217.5663646778652
6,217.5663646778652
7,216.1936119594293
8,216.086478376495
9,215.9217269024871
10,214.39463258886835
11,212.7017651968438
12,210.8780972719886
13,210.4161261271466
14,210.4161261271466
15,210.4161261271466
16,208.6163718872933
17,208.45940336627453
18,208.20447568510016
19,206.89381770826728
20,206.89381770826728
21,206.42149123522702
22,205.46791227654865
23,205.46791227654865
24,203.64730670392152
25,202.55852877812598
26,202.55852877812598
27,202.4720941717681
28,202.4720941717681
29,202.44505125138093
30,202.41357148018685
31,201.84456647267902
32,201.31683254407127
33,200.8662634877567
34,200.26874096732993
35,200.26874096732993
36,199.59651613654896
37,199.59651613654896
38,199.59651613654896
39,199.10497532016146
40,198.97252670589347
41,197.97213364956488
42,197.97213364956488
43,197.64616416320757
44,196.92237189312146
45,196.92237189312146
46,196.50881942407855
47,195.69569422280026
48,195.69569422280026
49,195.17975893050917
50,194.18952418394156
51,194.18952418394156
52,194.18952418394156
53,194.18952418394156
54,193.9418300507909
55,193.4931790792909
56,193.4931790792909
57,193.1412477390633
58,193.1412477390633
59,192.76716575087377
60,192.4002809116559
61,191.89731581023196
