epoch,fitness
0,428.7630490470075
1,345.56185332389873
2,279.1080373425111
3,240.47227081657167
4,228.93592724274436
5,224.33516332620337
6,212.89889871556178
7,212.68066021805282
8,212.12873294230252
9,212.12873294230252
10,211.92348265556708
11,211.92348265556708
12,211.69707822492234
13,211.58870625977477
14,211.38604036276973
15,210.81045478382654
16,210.81045478382654
17,210.5331310715636
18,209.19474337393066
19,208.0676466873949
20,208.0676466873949
21,207.83729874478345
22,207.83729874478345
23,207.7557470571637
24,207.48825380813477
25,207.48825380813477
26,207.48825380813477
27,207.48825380813477
28,206.88674971804994
29,193.5433406474657
30,193.18403625626735
31,193.18403625626735
32,193.18403625626735
33,193.18403625626735
34,193.18403625626735
35,193.18403625626735
36,192.9994561164972
37,192.9994561164972
38,192.9994561164972
39,192.3870642352222
40,191.74953501670691
41,191.74953501670691
42,191.74953501670691
43,191.74953501670691
44,191.4276480293847
45,191.22198555239962
46,189.39308219252513
47,189.3746382515579
48,189.3746382515579
49,188.91103043482977
50,188.91103043482977
51,188.61195050708855
52,188.61195050708855
