epoch,fitness
0,125.31559360882068
1,107.2360835291282
2,93.61136334010445
3,81.09145773284379
4,80.51519287701403
5,73.09925260226647
6,73.02007447156993
7,72.84753635935805
8,72.22642770762637
9,70.79620750470797
10,70.46315662206646
11,70.4627921709242
12,70.39960170002908
13,70.30459442243156
14,68.1274557442843
15,67.99751163396466
16,67.99751163396466
17,67.95366269728608
18,67.95366269728608
19,67.93834017667685
20,67.88341949716508
21,67.84054728996674
22,67.84054728996674
23,67.84054728996674
24,67.7709262753172
25,67.26011350130194
26,66.43202812324448
27,66.43202812324448
28,66.43202812324448
29,66.34021665676859
30,66.22255442942925
31,66.0657773158358
32,66.0657773158358
33,65.58537276443339
34,65.54065744555491
35,65.53449142566838
36,65.2151258963539
37,64.54939892877316
38,64.54939892877316
39,64.14219685969918
40,64.00540190453157
41,63.61318654109211
42,63.55085146449534
43,63.55085146449534
44,63.55085146449534
45,63.55085146449534
46,63.539633647058515
47,62.578612275535924
48,61.84723677606217
49,61.12414624233509
50,61.01241160029891
51,60.99701461036974
52,60.695719069133595
53,60.41146068976486
54,60.41146068976486
55,60.41146068976486
56,59.919272818351295
57,59.919272818351295
58,59.919272818351295
59,59.919272818351295
60,59.919272818351295
61,59.771982659697585
62,59.76589306343278
63,59.764550920811196
64,59.731128590132
65,59.48469041140641
66,59.48469041140641
67,58.81185218929298
68,58.81185218929298
69,58.81051046248867
70,58.3324753005799
71,58.3324753005799
72,58.3324753005799
73,58.3324753005799
74,58.3324753005799
75,58.17070353651954
76,58.17070353651954
77,58.17070353651954
78,58.17070353651954
79,58.17070353651954
80,58.17070353651954
81,58.000480552649286
82,58.000480552649286
83,58.000480552649286
84,58.000480552649286
85,58.000480552649286
86,58.000480552649286
87,58.000480552649286
88,58.000480552649286
89,58.000480552649286
90,58.000480552649286
91,58.000480552649286
