epoch,fitness
0,1164.2987461392354
1,1164.2987461392354
2,773.4255700628516
3,730.512283611465
4,624.4701897582144
5,605.4624205400579
6,566.220566026231
7,533.0364923979873
8,434.46408036053793
9,421.8579149750341
10,416.3144053349077
11,416.3144053349077
12,416.3144053349077
13,416.3144053349077
14,416.3144053349077
15,416.3144053349077
16,416.3144053349077
17,416.3144053349077
18,416.08620124207386
19,414.0894914925021
20,414.0894914925021
21,414.0894914925021
