epoch,fitness
0,1668.30335550803
1,1645.9327331622123
2,1418.3250613569194
3,1000.9045188125597
4,557.7886912174739
5,546.4258532206085
6,546.4258532206085
7,542.5413512335703
8,542.5413512335703
9,542.5413512335703
10,542.5413512335703
11,537.9267846239082
12,536.988072688839
13,536.988072688839
14,536.988072688839
15,536.988072688839
16,535.0648147650867
17,535.0648147650867
18,535.0648147650867
19,535.0648147650867
20,535.0648147650867
21,534.3686571728828
22,534.3686571728828
23,533.4676593691469
24,531.6000295665025
25,530.5087661452064
26,530.5087661452064
27,530.5087661452064
28,530.5087661452064
29,530.2709868049568
30,530.2709868049568
31,530.2709868049568
32,530.2709868049568
33,530.0546643018614
34,530.0546643018614
35,528.5096970234699
36,528.5096970234699
37,525.8690109889917
38,525.8690109889917
39,525.2881638631239
40,525.2881638631239
41,523.0736065967083
42,523.0736065967083
43,523.0736065967083
44,523.0736065967083
45,523.0736065967083
46,523.0736065967083
47,523.0736065967083
48,523.0736065967083
49,523.0736065967083
50,520.1769025905932
51,520.1769025905932
52,518.4571960419546
53,518.3754393869485
54,518.3754393869485
55,518.3754393869485
56,518.3754393869485
57,518.3754393869485
58,516.7456227806738
59,516.7456227806738
60,516.7456227806738
61,516.7456227806738
62,516.7456227806738
63,516.7456227806738
