epoch,fitness
0,350.2287071727838
1,327.1868428237802
2,183.3956695804197
3,182.93335506791357
4,180.84955286105296
5,179.47207374351416
6,177.75345705759403
7,176.47587576662133
8,176.47587576662133
9,176.47587576662133
10,176.35736241535548
11,175.97780988248005
12,175.97780988248005
13,175.97780988248005
14,175.76455472265945
15,175.76455472265945
16,175.76455472265945
17,175.76455472265945
18,175.69533674192863
19,175.69533674192863
20,175.69533674192863
21,175.69533674192863
22,175.6082539606268
23,175.6082539606268
24,175.6082539606268
25,175.6082539606268
26,175.6082539606268
27,175.6082539606268
28,175.6082539606268
29,175.6082539606268
30,175.5716630353394
31,175.5716630353394
32,175.5716630353394
33,175.5716630353394
34,175.5716630353394
35,175.5716630353394
36,175.43602494697384
37,175.34662231992675
38,175.34662231992675
39,175.34662231992675
40,175.34662231992675
41,175.34662231992675
42,175.34662231992675
43,175.34662231992675
44,175.2578965340005
45,175.2578965340005
46,175.2524970378915
47,175.2524970378915
48,175.2524970378915
49,175.2524970378915
50,175.2524970378915
51,175.2524970378915
52,175.25216998431637
53,175.25216998431637
54,175.25216998431637
55,175.24573392237292
56,175.24573392237292
57,175.06749237094883
58,175.06749237094883
59,175.06749237094883
