epoch,fitness
0,397.6233005111163
1,377.5942419383013
2,333.26944483268255
3,245.1200442930634
4,233.93219025974992
5,225.83587377846314
6,213.43274896549218
7,213.43274896549218
8,212.66881316873
9,211.4207077624123
10,211.4207077624123
11,210.7966283586459
12,210.7966283586459
13,210.54423928551796
14,210.54423928551796
15,209.85325347411563
16,209.85325347411563
17,209.82352140496545
18,208.5294062752457
19,208.5294062752457
20,208.5294062752457
21,208.5294062752457
22,207.98623167333932
23,202.1066687714471
24,200.87592533074832
25,200.78058488720316
26,200.78058488720316
27,194.38565638773838
28,194.38565638773838
29,194.38565638773838
30,194.38565638773838
31,194.30550462971647
32,193.46311991201486
33,193.16435715636266
34,193.16435715636266
35,192.99954172621224
36,192.49688964436444
37,192.49688964436444
38,192.25920733618253
39,192.16985462022257
40,191.93029378184224
41,191.93029378184224
42,191.11046444968747
43,191.11046444968747
44,191.11046444968747
45,191.11046444968747
46,191.11046444968747
47,190.88947166811886
48,190.33451172529334
49,190.01866031628856
50,190.01866031628856
51,190.01866031628856
