epoch,fitness
0,957.0748769876179
1,823.0229295065506
2,630.637008155153
3,463.14193443145075
4,448.6119063272021
5,442.79772365435565
6,434.9295691033035
7,433.51746695220413
8,432.1155492179724
9,431.6554460322048
10,431.24679452280094
11,431.24679452280094
12,431.24679452280094
13,431.24679452280094
14,430.8743312688331
15,430.0439862482522
16,429.24004852609215
17,429.24004852609215
18,428.83582026061015
19,427.17850692901874
20,426.6149920304509
21,426.6149920304509
22,426.5726974052013
23,425.7829422071828
24,424.75779439871854
25,424.31907433946157
26,424.31907433946157
27,423.4929776006014
28,423.4929776006014
29,423.24040188018023
30,421.76342741948025
31,421.33556919302515
32,421.33556919302515
33,421.33556919302515
34,420.49990787492027
35,420.49990787492027
36,420.45787583965
37,420.3211230912862
38,420.1149679181215
39,419.58958394100284
40,419.58958394100284
41,419.58958394100284
42,418.1439667427926
43,418.1439667427926
44,417.81427680468863
45,417.1550048024133
46,417.1550048024133
47,417.1550048024133
48,416.3033920457481
49,416.0426752349998
50,415.46797591513666
51,415.3715066515729
52,415.12044402010724
53,414.7594102979613
54,413.8107611804929
55,413.7844651674077
