epoch,fitness
0,949.6590892236078
1,825.7007593652704
2,733.486039146834
3,495.8804587103674
4,478.28329437767013
5,477.3925563218141
6,448.46201052472924
7,448.46201052472924
8,447.89786454993236
9,446.8500261885163
10,446.1620344096974
11,446.1620344096974
12,445.95981211238797
13,445.95981211238797
14,445.95981211238797
15,445.95981211238797
16,444.87917625976576
17,444.05051081194557
18,444.05051081194557
19,444.05051081194557
20,444.05051081194557
21,443.6083879349329
22,443.30866376620736
23,443.30866376620736
24,442.86175136331457
25,442.86175136331457
26,442.5328895749128
27,441.7411977055467
28,441.7411977055467
29,441.7411977055467
30,441.7314888975166
31,390.6328581468406
32,390.6328581468406
33,390.6328581468406
34,390.59527654808716
35,390.59527654808716
36,390.59527654808716
37,390.59527654808716
38,390.59527654808716
39,390.59527654808716
40,390.59527654808716
41,390.11239486922534
42,390.02205968348557
43,390.02205968348557
44,390.02205968348557
45,390.02205968348557
46,389.89009864197766
47,389.89009864197766
48,389.89009864197766
49,389.89009864197766
50,389.89009864197766
51,389.89009864197766
52,389.89009864197766
53,389.0974589494152
