epoch,fitness
0,284.2826721315307
1,204.5500073148417
2,163.11498338879693
3,152.0556009800192
4,149.57857823100008
5,148.2732160105906
6,147.09344578290901
7,147.09344578290901
8,145.30105946031574
9,145.30105946031574
10,145.17574616797307
11,144.74107117278595
12,143.85494398035564
13,141.83270487728865
14,141.83270487728865
15,141.49455503998544
16,140.92446675248442
17,140.5176500621742
18,139.61404773547736
19,139.61404773547736
20,139.4518191319509
21,139.4518191319509
22,139.4518191319509
23,138.38728489684792
24,138.38728489684792
25,138.3060442166424
26,138.3060442166424
27,137.77232391880537
28,137.39037331762657
29,136.81723070986357
30,136.81723070986357
31,136.39905214015732
32,136.39905214015732
33,136.23824658959356
34,136.23824658959356
35,136.12932418208885
36,135.7627174858655
37,135.750571800741
38,133.54236877593874
39,133.10685470392886
40,132.5039935551588
41,132.5039935551588
42,132.5039935551588
43,132.24419701767644
44,131.77503527292092
45,131.77503527292092
46,131.77503527292092
47,131.56942545342125
48,131.56942545342125
49,131.4055582753803
50,131.4055582753803
51,131.3460149895905
52,131.27959436950692
53,131.10634474099822
54,131.10634474099822
55,131.10634474099822
56,130.90237246339348
57,130.90237246339348
58,130.82911977002263
59,130.82911977002263
60,130.8239875017327
61,130.22717178782034
62,129.5185004895267
63,129.5185004895267
64,129.5185004895267
65,129.5185004895267
