epoch,fitness
0,1164.9311474705964
1,1084.2250602272618
2,608.1448846386905
3,490.6185237830023
4,461.7420875551562
5,427.5822289394696
6,408.81430275652497
7,408.81430275652497
8,408.81430275652497
9,408.81430275652497
10,408.81430275652497
11,408.81430275652497
12,408.81430275652497
13,408.81430275652497
14,408.81430275652497
15,408.81430275652497
16,408.81430275652497
17,408.81430275652497
18,407.3716791092373
19,406.0419492297472
20,402.553287127266
21,402.553287127266
22,402.553287127266
23,402.553287127266
24,402.553287127266
25,402.553287127266
26,402.553287127266
27,402.25610118719334
28,402.25610118719334
29,402.25610118719334
30,402.25610118719334
31,402.25610118719334
32,402.25610118719334
33,402.25610118719334
34,402.25610118719334
35,402.25610118719334
36,402.25610118719334
37,402.25610118719334
38,402.25610118719334
39,402.25610118719334
40,402.25610118719334
41,399.6119029176007
42,399.6119029176007
43,399.6119029176007
44,399.6119029176007
45,399.6119029176007
46,399.6119029176007
47,399.6119029176007
48,399.6119029176007
49,399.6119029176007
50,399.6119029176007
51,399.6119029176007
52,399.6119029176007
53,399.6119029176007
54,399.6119029176007
55,399.6119029176007
56,399.6119029176007
57,399.6119029176007
58,399.6119029176007
59,399.6119029176007
60,399.6119029176007
61,399.6119029176007
62,399.6119029176007
63,399.6119029176007
64,399.6119029176007
65,398.93129548005794
66,396.255377524416
67,395.086585226467
68,395.060364960416
69,392.9535850653672
