epoch,fitness
0,217.06805055070583
1,216.93040087501194
2,214.21536730017002
3,205.29585461368836
4,205.29585461368836
5,156.75211300268825
6,148.2736065337376
7,148.2736065337376
8,146.17542147923413
9,146.17542147923413
10,145.32665976568194
11,143.38901945815707
12,143.38901945815707
13,142.12868770824315
14,142.12868770824315
15,142.12868770824315
16,142.12868770824315
17,141.60502662605373
18,141.60502662605373
19,141.60502662605373
20,140.9679904987155
21,140.1921872951663
22,140.10835604612814
23,140.10835604612814
24,140.10835604612814
25,140.10835604612814
26,140.10835604612814
27,140.00713778447673
28,139.84542904522593
29,139.84542904522593
30,139.84542904522593
31,139.84542904522593
32,139.84542904522593
33,139.84542904522593
34,139.84542904522593
35,139.72301322370592
36,139.72301322370592
37,139.72301322370592
38,139.712820976551
39,139.712820976551
40,138.44122894657
41,138.44122894657
42,138.44122894657
43,138.44122894657
44,138.44122894657
45,138.44122894657
46,138.44122894657
47,138.44122894657
48,138.44122894657
49,138.44122894657
50,138.2107000467738
51,138.2107000467738
52,138.17284672800832
53,138.17284672800832
54,138.05269812788055
55,138.05269812788055
56,138.05269812788055
57,138.05269812788055
58,138.05269812788055
59,138.05269812788055
60,137.9085973672953
61,136.62514394561447
62,136.5515078834391
63,136.5515078834391
64,136.5515078834391
65,136.4384230924566
66,136.3207863265244
67,136.25887444893402
68,136.25887444893402
69,134.32654312793412
70,134.32654312793412
71,134.32654312793412
72,134.32654312793412
73,134.32654312793412
74,134.32654312793412
75,134.32654312793412
76,134.32654312793412
77,134.32654312793412
78,134.32654312793412
79,134.32654312793412
80,134.32654312793412
81,134.32654312793412
82,134.32654312793412
83,134.32654312793412
