epoch,fitness
0,1192.753097202583
1,827.2961083919612
2,596.9060286452057
3,577.190106059339
4,573.6760134642501
5,573.6760134642501
6,573.6760134642501
7,573.6760134642501
8,573.6668370511538
9,573.6668370511538
10,573.6668370511538
11,572.6247463156072
12,572.6247463156072
13,571.3720508483885
14,571.3720508483885
15,567.5493280839802
16,567.5493280839802
17,567.5493280839802
18,567.5493280839802
19,567.5493280839802
20,567.5493280839802
21,567.5493280839802
22,565.8154734554619
23,565.8154734554619
24,565.0674339288339
25,559.7617709183696
26,559.7617709183696
27,559.7617709183696
28,559.7617709183696
29,557.8489205310289
30,556.9009958946872
31,556.9009958946872
32,556.9009958946872
33,556.9009958946872
34,556.9009958946872
35,556.9009958946872
36,556.8896744495134
37,556.8896744495134
38,555.8707083111201
39,555.8707083111201
40,555.8707083111201
41,555.8707083111201
42,555.8707083111201
43,555.8707083111201
44,555.8707083111201
45,555.8123346669045
46,555.5322106730727
47,555.5322106730727
48,555.2831291753544
49,555.2831291753544
50,554.9790242741285
51,554.9790242741285
52,552.0645889805971
53,552.0645889805971
54,550.9703352627608
55,550.9278063866369
56,550.9278063866369
57,550.9278063866369
58,550.9278063866369
59,550.9278063866369
60,549.5983498065672
61,548.1746557249145
62,547.8436897846844
63,546.3263270656431
