epoch,fitness
0,1216.2517714554144
1,786.4158352760955
2,580.454362512745
3,580.454362512745
4,576.7369063108604
5,573.2557399684481
6,572.7805097507426
7,572.7805097507426
8,566.4484419354237
9,566.4484419354237
10,565.7472460164819
11,565.7472460164819
12,565.7472460164819
13,563.9611348390803
14,561.8336887355287
15,561.8336887355287
16,561.8336887355287
17,560.2841652068302
18,560.2841652068302
19,559.2954435960003
20,559.2954435960003
21,559.2954435960003
22,558.7943808905183
23,558.7468315080965
24,558.7468315080965
25,558.7468315080965
26,558.3331938286925
27,556.4482718170532
28,555.4282661941261
29,555.0619767103314
30,554.70270560574
31,554.70270560574
32,554.70270560574
33,554.70270560574
34,554.70270560574
35,554.70270560574
36,550.2981839396222
37,550.2981839396222
38,549.2113622878285
39,549.2113622878285
40,547.1122034366988
41,547.1122034366988
42,547.1122034366988
43,547.1084197505195
44,546.2049716580254
45,546.2049716580254
46,544.9157285979281
47,544.48241674649
48,544.114581662715
49,544.114581662715
50,544.114581662715
51,543.3652952101507
52,543.3652952101507
