epoch,fitness
0,1053.2462737558562
1,664.385620191532
2,599.7845216806205
3,550.7491114028151
4,540.9136969685748
5,539.8945534348146
6,538.63550150531
7,538.1571073987697
8,537.3146059336751
9,536.9120970014168
10,536.9120970014168
11,533.5450815150814
12,533.5450815150814
13,531.2870704422585
14,531.2870704422585
15,530.9365212196013
16,530.1668078971281
17,528.9324326828921
18,528.9324326828921
19,527.4052802860522
20,527.4052802860522
21,525.9849258816075
22,525.5160475430717
23,525.0641992149326
24,522.666503134905
25,521.1294836986573
26,521.0160743601846
27,521.0160743601846
28,521.0160743601846
29,521.0160743601846
30,520.2694407190753
31,520.2694407190753
32,520.1243243588682
33,520.1243243588682
34,520.0820167537473
35,519.9057793400136
36,518.3307516310814
37,518.2959836140502
38,518.2401334998392
39,516.0129775024959
40,514.2109632470815
41,514.2109632470815
42,513.9403532494154
43,513.9403532494154
44,513.0039235216624
45,512.9173110995507
46,512.5846291198807
47,512.2033192120463
48,512.0059382540016
49,509.37328659928266
50,509.37328659928266
51,509.37328659928266
