epoch,fitness
0,295.62604487972976
1,195.91885335382588
2,150.24257065140182
3,150.24257065140182
4,147.1095730501318
5,144.84083396943217
6,144.84083396943217
7,143.77798219044206
8,143.30994915762594
9,142.75749900259794
10,142.75749900259794
11,142.43636547733254
12,141.48020882055474
13,141.29160165692136
14,140.31511630831585
15,139.8989493395977
16,139.28569152151746
17,138.84832829619012
18,138.69213326791964
19,138.5173504781529
20,137.97173858217036
21,137.52378847407118
22,137.10988179046137
23,137.00906717167246
24,136.92929009541962
25,135.24769584949294
26,135.24769584949294
27,134.94484096792516
28,134.94484096792516
29,134.94484096792516
30,134.94484096792516
31,134.67282217206372
32,133.61644168653842
33,132.68751845348334
34,132.43885510059755
35,132.06175280457776
36,132.06175280457776
37,132.06175280457776
38,131.78010803310846
39,131.78010803310846
40,131.7438149930814
41,131.22421435429274
42,130.9483875269777
43,130.9483875269777
44,130.9483875269777
45,130.2742667218593
46,129.88978028820256
47,129.57647292482358
48,129.04770984705038
49,128.8730719913355
50,128.77009854445183
51,127.35554322102702
52,127.11101895382347
53,126.54447926359651
54,126.02988543566744
55,126.02988543566744
56,124.51074806724056
57,124.51074806724056
58,124.51074806724056
59,124.12813115078686
60,124.12813115078686
61,124.12813115078686
62,123.5875799460133
63,123.5875799460133
