epoch,fitness
0,942.6534945247054
1,632.3774904970019
2,464.0693771813233
3,462.4135078384772
4,457.0628086753614
5,454.033844327407
6,453.23816229501756
7,453.07658469667916
8,451.45909533577696
9,451.45909533577696
10,450.73143771725086
11,450.4137875503928
12,449.56889652869637
13,449.47382491349146
14,449.2156901449013
15,449.2156901449013
16,448.6968317127244
17,448.3161677832978
18,447.8713182169502
19,447.131421418001
20,447.131421418001
21,447.131421418001
22,446.1293671916875
23,446.1293671916875
24,443.2631105325991
25,443.1802039815618
26,442.57724309755685
27,442.22147809641336
28,442.22147809641336
29,442.22147809641336
30,441.6719221269848
31,440.581371002486
32,440.0877925354395
33,439.5552368678014
34,439.5552368678014
35,438.57901572212967
36,438.1653755552285
37,437.4208138182279
38,437.4208138182279
39,436.5206032412783
40,435.5707916003758
41,432.7895223996733
42,432.7895223996733
43,432.71983212721943
44,432.71983212721943
45,432.71983212721943
46,432.4497330309408
47,432.4497330309408
48,432.0131722322211
49,431.5274016703467
50,430.7217306544564
51,430.7217306544564
52,430.7217306544564
53,430.7217306544564
54,430.7217306544564
55,430.0531578502644
56,430.0531578502644
57,430.0531578502644
58,430.0531578502644
59,430.01534123094535
60,429.66600475909775
