epoch,fitness
0,1606.2828627082179
1,1133.8136417337128
2,742.2886767652031
3,658.6980667700373
4,655.9076636251694
5,655.9076636251694
6,655.9076636251694
7,655.9076636251694
8,655.9076636251694
9,655.9076636251694
10,655.9076636251694
11,640.0470437799623
12,640.0470437799623
13,640.0470437799623
14,640.0470437799623
15,639.1387786317024
16,639.1387786317024
17,639.1387786317024
18,638.8147701368673
19,632.072522301627
20,622.4971363092005
21,621.8119369340089
22,621.8119369340089
23,621.8119369340089
24,621.8119369340089
25,621.8119369340089
26,620.0883326134721
27,620.0883326134721
28,612.2234434265491
29,612.2234434265491
30,603.3379233900081
31,603.3379233900081
32,592.547625978645
33,592.547625978645
34,586.787094334203
35,586.787094334203
36,584.5938034070931
37,582.8257785377001
38,582.8257785377001
39,582.8257785377001
40,582.8257785377001
41,581.8634105736606
42,581.8634105736606
43,581.8634105736606
44,581.8634105736606
45,581.8634105736606
46,581.8634105736606
47,581.8634105736606
48,581.8634105736606
