epoch,fitness
0,1568.3933799118192
1,1568.3933799118192
2,1518.1795353940718
3,668.4388474380349
4,668.4388474380349
5,668.4388474380349
6,667.7978651088729
7,664.6898594376606
8,634.7682356649401
9,632.5709180095367
10,627.3896280542003
11,627.3896280542003
12,621.464517531079
13,609.1341306050093
14,609.1341306050093
15,600.0732914095446
16,600.0732914095446
17,600.0732914095446
18,600.0732914095446
19,600.0732914095446
20,588.0675551839176
21,588.0675551839176
22,588.0675551839176
23,588.0675551839176
24,588.0675551839176
25,584.7743651749257
26,584.7743651749257
27,583.9898986861026
28,583.9898986861026
29,582.0945784651645
30,582.0017111294876
31,576.5399790145494
32,576.5399790145494
33,576.5399790145494
34,570.9482537904281
35,570.9482537904281
36,570.9482537904281
37,570.9482537904281
38,570.9482537904281
39,568.1747743764447
40,567.4377185777403
41,567.4377185777403
42,567.4377185777403
43,567.4377185777403
44,565.4348147066823
45,555.0284685731882
46,555.0284685731882
47,555.0284685731882
48,555.0284685731882
49,555.0284685731882
50,555.0284685731882
51,555.0284685731882
52,555.0284685731882
53,555.0284685731882
54,555.0284685731882
55,552.7213823154567
56,552.7213823154567
57,552.7213823154567
58,552.7213823154567
