epoch,fitness
0,1269.883493320969
1,1266.868303950096
2,1171.1972637136591
3,769.4325039001835
4,655.7287676992588
5,515.7638418889219
6,514.3493953862726
7,476.5647706346563
8,476.5527016345582
9,474.5460826722567
10,474.5460826722567
11,474.5460826722567
12,473.34784219121696
13,472.00351797332513
14,469.3439505031268
15,469.3439505031268
16,468.93020629265527
17,465.66512859105137
18,465.66512859105137
19,465.66512859105137
20,465.66512859105137
21,465.66512859105137
22,465.66512859105137
23,465.66512859105137
24,465.66512859105137
25,465.66512859105137
26,465.66512859105137
27,465.66512859105137
28,465.66512859105137
29,464.84743629438816
30,461.60294508407765
31,461.60294508407765
32,458.0593787906978
33,458.0593787906978
34,458.0593787906978
35,458.0593787906978
36,458.0593787906978
37,458.0593787906978
38,455.8637695942824
39,455.8637695942824
40,455.8637695942824
41,455.8637695942824
42,455.7630562479712
43,455.7630562479712
44,455.6965499042098
45,455.6965499042098
46,455.6965499042098
47,455.6965499042098
48,455.6965499042098
49,455.6965499042098
50,455.6965499042098
51,455.40048157841215
52,455.40048157841215
53,453.9233162982126
54,453.41669798816463
55,453.41669798816463
56,453.41669798816463
57,453.41669798816463
58,453.41669798816463
59,453.41669798816463
