epoch,fitness
0,1377.3273205934834
1,880.532780563159
2,762.5598618508882
3,657.2402560232281
4,651.8190801471313
5,651.8190801471313
6,650.3488539061007
7,645.441271833983
8,641.1774518647915
9,640.3706942272314
10,637.5237063776663
11,635.4293047157922
12,634.3664438566668
13,634.313881202628
14,633.9439508517827
15,633.9439508517827
16,633.9439508517827
17,633.6198295181707
18,633.1595758775165
19,632.6686497410666
20,631.3468175611495
21,630.2996185561267
22,630.1832834748349
23,629.7254754247855
24,629.7254754247855
25,628.1363885269847
26,628.1363885269847
27,627.1960062005371
28,626.0911622557018
29,626.0911622557018
30,626.0911622557018
31,625.0807983589976
32,625.0807983589976
33,625.0807983589976
34,625.0807983589976
35,625.0807983589976
36,624.2446637165052
37,624.2446637165052
38,623.9105945546229
39,623.7736134121084
40,623.0703692595257
41,621.8632387091187
42,621.6864936914529
43,621.2115325847116
44,621.2115325847116
45,621.1979391794579
46,621.1979391794579
47,620.3887234178154
