epoch,fitness
0,215.59038210626647
1,209.07435230598833
2,207.49860416377635
3,207.49860416377635
4,207.49860416377635
5,207.4271612739812
6,206.88346871367617
7,202.55276354873055
8,202.55276354873055
9,201.4587628682251
10,201.07788803184442
11,194.35502801630716
12,194.35502801630716
13,194.35502801630716
14,194.35502801630716
15,193.54470248583795
16,193.54470248583795
17,190.91232666450398
18,190.91232666450398
19,189.16100467871166
20,163.1136979647332
21,154.15329169212905
22,152.27586164291873
23,151.91835050990733
24,151.91835050990733
25,148.8417967316625
26,148.8417967316625
27,146.10642850533912
28,144.69356871255556
29,144.69356871255556
30,143.07065328594058
31,142.9978973403282
32,142.9978973403282
33,140.1072930868194
34,140.1072930868194
35,140.04827524660124
36,140.04827524660124
37,139.99873206221727
38,139.99873206221727
39,139.62032739072077
40,139.30007960831546
41,137.47955715085394
42,137.47955715085394
43,137.47955715085394
44,137.47955715085394
45,137.47955715085394
46,137.47955715085394
47,137.47955715085394
48,137.47955715085394
49,137.47955715085394
50,137.47955715085394
51,137.47955715085394
52,137.47955715085394
53,137.47955715085394
54,137.47955715085394
55,137.47955715085394
56,137.47529190021848
57,137.47529190021848
58,137.38472519036992
59,137.38472519036992
60,137.38472519036992
61,137.38472519036992
62,137.38472519036992
63,137.38472519036992
64,137.38472519036992
65,137.38472519036992
66,137.38472519036992
67,137.38472519036992
68,137.38472519036992
69,137.38472519036992
70,137.38472519036992
71,137.38472519036992
72,137.38472519036992
73,137.38472519036992
74,137.38472519036992
75,137.38472519036992
76,137.38472519036992
