epoch,fitness
0,1179.767818901589
1,844.3550115419852
2,600.0889105641722
3,589.6063557151398
4,588.347842965975
5,544.7984088056155
6,538.3166006801707
7,532.5508275130842
8,532.5508275130842
9,532.5508275130842
10,532.5508275130842
11,532.5508275130842
12,532.5508275130842
13,532.5508275130842
14,532.5508275130842
15,532.5508275130842
16,532.5508275130842
17,532.5508275130842
18,532.5508275130842
19,532.5508275130842
20,532.0214561665425
21,532.0214561665425
22,532.0214561665425
23,531.9407738512341
24,531.9407738512341
25,531.9407738512341
26,531.9300328478444
27,531.6953587193284
28,531.6347883985092
29,531.6347883985092
30,531.6347883985092
31,531.4749477957563
32,526.1247683514258
33,525.8552416285235
34,525.8552416285235
35,525.8552416285235
36,523.70178183694
37,523.70178183694
38,523.6927211272084
39,523.6927211272084
40,523.6927211272084
41,523.6927211272084
42,522.8384682715853
43,521.7789153645302
44,520.3558920820782
45,519.9131828840059
46,519.4576744852137
47,519.4576744852137
