epoch,fitness
0,1162.5242407652013
1,883.515591693067
2,670.6344274373599
3,625.9663469837371
4,624.7215259938708
5,615.004540679842
6,612.351953351315
7,598.4215264997054
8,590.2575151683574
9,590.2575151683574
10,590.2575151683574
11,587.427005201731
12,587.427005201731
13,587.427005201731
14,586.5830587889491
15,586.5830587889491
16,585.1543049184318
17,581.7963444646646
18,581.7963444646646
19,581.7098477405931
20,581.7098477405931
21,581.6261850948678
22,581.5218627127294
23,581.5218627127294
24,580.6711116932652
25,580.6629190106091
26,580.1935157886825
27,580.1935157886825
28,579.9680416256373
29,579.941784725466
30,578.868555967949
31,578.1963433543797
32,575.9692589806463
33,575.783019587375
34,575.568271081202
35,575.3242474663188
36,574.8500973193954
37,572.6009717239959
38,572.6009717239959
39,572.6009717239959
40,572.5042378282112
41,571.9459158000952
42,571.9459158000952
43,571.6377437865729
44,571.5897901547721
