epoch,fitness
0,150.81772507590784
1,106.01979089674816
2,77.72094640492536
3,76.33482519948794
4,74.39530436625363
5,73.85098697315843
6,73.03878425211272
7,70.85516740699208
8,70.85516740699208
9,70.64463392788709
10,70.55640770881062
11,70.0524674918051
12,69.97457955210717
13,68.91787566934025
14,68.91787566934025
15,68.7764397562831
16,68.28898797540177
17,68.20289179714393
18,67.52967581438796
19,67.52967581438796
20,67.52146618259435
21,67.1503902758663
22,66.73245205038727
23,66.33824786368076
24,66.07056534904868
25,66.07056534904868
26,65.05463100089091
27,65.05463100089091
28,64.74535080419437
29,64.42865118177825
30,64.42865118177825
31,64.40167691979076
32,63.96779956484079
33,63.96779956484079
34,63.96779956484079
35,63.89614790490416
36,63.89614790490416
37,63.301731567806215
38,62.6897725802488
39,62.6897725802488
40,62.43659186001088
41,62.30946002260176
42,62.26915317775278
43,61.726349299760145
44,61.458186169315724
45,61.458186169315724
46,61.458186169315724
47,61.458186169315724
48,60.862902593399546
49,60.419083517429364
50,60.419083517429364
51,60.419083517429364
52,60.382958331075876
53,60.382958331075876
54,59.16668106571715
55,59.055831862373346
56,59.004381437065376
57,58.62849037396816
58,58.62849037396816
59,58.04361800846099
60,58.04361800846099
61,58.04361800846099
62,58.04361800846099
63,56.50973556088622
64,56.50973556088622
65,56.50973556088622
66,56.50973556088622
67,56.50973556088622
68,56.28002822532552
69,56.28002822532552
70,56.28002822532552
71,55.822724280696065
72,55.72399946996921
73,55.72399946996921
74,55.337036578608426
