epoch,fitness
0,1561.8915673395218
1,1100.0078703987763
2,775.3572197094046
3,745.2404678279264
4,743.3094510410647
5,743.3094510410647
6,739.9885298429572
7,739.9885298429572
8,738.9836037261563
9,738.9836037261563
10,738.1647621415149
11,732.4780179286437
12,732.4780179286437
13,732.4780179286437
14,732.4780179286437
15,730.8812337157811
16,730.8812337157811
17,730.8812337157811
18,729.9279976755896
19,729.9279976755896
20,729.9279976755896
21,729.9279976755896
22,729.670047148424
23,729.5008385110426
24,729.3994344622915
25,728.9456869572595
26,728.9456869572595
27,728.2960548434179
28,728.2960548434179
29,727.6507022474918
30,727.6240770802398
31,726.6875938320757
32,726.6875938320757
33,726.6875938320757
34,725.609762768442
35,725.609762768442
36,725.609762768442
37,725.609762768442
38,724.4604196304629
39,724.4604196304629
40,724.4604196304629
41,724.2866395165572
42,724.0815489505557
43,723.9459152598411
44,723.9459152598411
45,723.6366266269836
46,723.543507218695
47,721.3376098157388
48,721.3376098157388
