epoch,fitness
0,1570.353476944701
1,1336.7448650106385
2,752.8725330951373
3,744.510059429905
4,743.5858224595872
5,743.0090716732768
6,743.0090716732768
7,743.0090716732768
8,743.0090716732768
9,742.9017621521516
10,742.9017621521516
11,741.211793938871
12,740.2470665255411
13,739.9687169655425
14,739.1184644924401
15,738.8834307572662
16,738.0545486876805
17,738.0545486876805
18,736.8078458086799
19,736.8078458086799
