epoch,fitness
0,1086.4905424810006
1,1086.4905424810006
2,999.9633943081924
3,593.0829433637974
4,497.26516160455884
5,492.863569929254
6,481.2761102437165
7,481.2761102437165
8,481.2761102437165
9,474.48956843554885
10,474.48956843554885
11,474.42622686916303
12,474.42622686916303
13,466.5272825747995
14,466.5272825747995
15,466.5272825747995
16,464.3834227490864
17,456.53493652744845
18,456.53493652744845
19,456.53493652744845
20,456.53493652744845
