epoch,fitness
0,333.1168879776145
1,254.59533503730643
2,215.97936969388843
3,206.23316740233489
4,205.173351657898
5,204.34416000961815
6,201.88687528650127
7,201.58362405986364
8,201.45058996699638
9,201.45058996699638
10,200.10752034977773
11,200.10752034977773
12,200.10752034977773
13,200.10752034977773
14,200.10752034977773
15,198.92717168015506
16,198.92717168015506
17,198.92717168015506
18,198.01191678534582
19,195.64300982014547
20,195.64300982014547
21,195.64300982014547
22,195.64300982014547
23,194.86225542743975
24,194.27309184650653
25,189.21837053101788
26,189.21837053101788
27,189.21837053101788
28,189.21837053101788
29,189.21837053101788
30,189.21837053101788
31,189.21837053101788
32,189.21837053101788
33,189.21837053101788
34,186.30447688266972
35,184.65868197618443
36,184.46062375601286
37,184.46062375601286
38,183.7548529930156
39,183.7548529930156
40,183.7548529930156
41,183.7548529930156
42,183.7548529930156
43,183.7548529930156
44,183.7548529930156
45,183.7548529930156
46,183.4979249867176
47,181.77104760872803
48,181.72545477352426
49,181.72545477352426
50,181.72545477352426
51,181.72545477352426
52,181.72545477352426
53,181.54585219198304
54,181.54585219198304
55,181.54585219198304
56,181.54585219198304
57,181.54585219198304
58,181.54585219198304
59,181.54585219198304
60,181.54585219198304
61,180.35588128878442
62,180.35588128878442
63,180.35588128878442
64,180.35588128878442
65,180.35588128878442
66,180.35588128878442
67,180.35588128878442
68,179.9106427048671
69,179.9106427048671
70,179.9106427048671
71,179.9106427048671
72,179.9106427048671
73,179.9106427048671
74,179.9106427048671
75,179.9106427048671
