epoch,fitness
0,381.0673338345025
1,323.6836280933087
2,273.233459190857
3,227.1405987311511
4,219.67653308136707
5,219.10969657809434
6,215.29032493318232
7,214.27594688288616
8,214.27594688288616
9,214.0156209800405
10,211.80433328151895
11,195.20475365576354
12,192.98973382167443
13,191.66602677867854
14,191.66602677867854
15,191.66602677867854
16,191.66602677867854
17,191.66602677867854
18,189.89422072317427
19,189.57702293015768
20,189.5636097558643
21,189.5636097558643
22,189.5636097558643
23,189.45583030570765
24,189.45583030570765
25,189.45583030570765
26,188.64912786100035
27,188.64912786100035
28,188.64912786100035
29,185.920427062678
30,185.920427062678
31,185.920427062678
32,185.920427062678
33,185.920427062678
34,185.920427062678
35,185.84261424828165
36,185.84261424828165
37,185.84261424828165
38,185.84261424828165
39,185.84261424828165
40,184.69514398278744
41,184.69514398278744
42,184.69514398278744
43,184.69514398278744
44,184.69514398278744
45,184.69514398278744
46,184.24923384132578
47,182.29596298847468
48,182.29596298847468
49,182.29596298847468
50,182.29596298847468
51,181.6369239337603
52,181.6369239337603
53,181.6369239337603
54,181.6369239337603
55,181.6369239337603
56,181.6369239337603
57,180.4664267694643
58,180.4664267694643
59,180.4664267694643
60,180.4664267694643
61,180.4664267694643
62,180.4664267694643
63,180.4664267694643
64,180.4664267694643
65,180.4664267694643
