epoch,fitness
0,1541.063070637782
1,886.1083107357123
2,884.3547144905614
3,795.0525783176197
4,720.7702247641578
5,706.4962150819775
6,686.1755609606258
7,686.1755609606258
8,674.8563408128405
9,671.3640991023374
10,668.6242467931016
11,668.6242467931016
12,668.6242467931016
13,650.4019508699013
14,639.5480453040095
15,639.5480453040095
16,639.5480453040095
17,639.5480453040095
18,639.5480453040095
19,639.5480453040095
20,639.5480453040095
21,639.5480453040095
22,639.5480453040095
23,639.5480453040095
24,639.5480453040095
25,639.5480453040095
26,639.5480453040095
27,639.5480453040095
28,639.5480453040095
29,639.5480453040095
30,639.5480453040095
31,639.5480453040095
32,639.5480453040095
33,639.5480453040095
34,639.5480453040095
35,639.4617207208942
36,639.4617207208942
37,639.4617207208942
38,639.4617207208942
39,639.4617207208942
40,639.4617207208942
41,639.4617207208942
42,639.4617207208942
43,639.4617207208942
44,639.4617207208942
45,639.4617207208942
46,639.4617207208942
47,639.4617207208942
48,639.4617207208942
49,639.4617207208942
50,639.4617207208942
51,639.4617207208942
52,639.4617207208942
53,639.4617207208942
54,639.4617207208942
55,639.4617207208942
56,639.4617207208942
57,639.4617207208942
58,639.4617207208942
59,639.4617207208942
60,639.4617207208942
61,639.4617207208942
62,639.4617207208942
63,639.4617207208942
64,639.4617207208942
65,639.4617207208942
66,639.4617207208942
67,639.4617207208942
68,639.4617207208942
69,639.4617207208942
70,639.4617207208942
71,639.4617207208942
72,639.4617207208942
73,639.4617207208942
74,639.4617207208942
75,639.4617207208942
76,639.4617207208942
77,639.4617207208942
78,639.4617207208942
79,639.4617207208942
80,639.4617207208942
81,639.4617207208942
82,639.4617207208942
