epoch,fitness
0,1571.9542038085574
1,1333.5626093684123
2,840.254974410281
3,751.2308712222667
4,739.1344875402648
5,738.4974334354698
6,736.7102644991974
7,731.9007368162737
8,731.066413792778
9,730.3963287748767
10,730.3963287748767
11,730.020529015959
12,728.7712469104011
13,728.7712469104011
14,726.0529663508988
15,725.4971300685162
16,725.4971300685162
17,725.4971300685162
18,724.859977326671
19,723.5211509429055
20,723.5211509429055
21,722.6562742162583
22,721.8364500730602
23,721.8364500730602
24,721.5643421251475
25,721.0628844561073
26,721.0628844561073
27,720.293780190516
28,720.293780190516
29,720.2632150259653
30,718.4442077331533
31,717.5450884007203
32,715.2742125503021
33,714.6296339673612
34,711.2713577615
35,711.2713577615
36,711.2713577615
37,709.6507774289998
38,709.4747572796998
39,709.0491548838263
40,708.2329758871454
41,707.5746391418028
42,707.5746391418028
43,707.5746391418028
44,707.5175768184437
45,707.3003711188678
46,707.3003711188678
