epoch,fitness
0,1570.0039506706137
1,1028.7018786961048
2,1002.7751651347877
3,960.1065357776196
4,955.7231682574968
5,738.8221951936486
6,737.6456319437824
7,737.6456319437824
8,737.2366310286855
9,736.5073295447701
10,735.8051958726147
11,665.0457739411715
12,639.5480453040095
13,639.5480453040095
14,639.5480453040095
15,639.5480453040095
16,639.5480453040095
17,639.4949101894457
18,639.4949101894457
19,639.4949101894457
20,639.4949101894457
21,639.4949101894457
22,639.4949101894457
23,639.4949101894457
24,639.4949101894457
25,639.4949101894457
26,639.4949101894457
27,639.4949101894457
28,639.4949101894457
29,639.4949101894457
30,639.4949101894457
31,639.4949101894457
32,639.4949101894457
33,639.4949101894457
34,639.4949101894457
35,639.4949101894457
36,639.4949101894457
37,639.4949101894457
38,639.4949101894457
39,639.4949101894457
40,639.4949101894457
41,639.4949101894457
42,639.4949101894457
43,639.4949101894457
44,639.4949101894457
45,639.4949101894457
46,639.4949101894457
47,639.4949101894457
48,639.4949101894457
49,639.4949101894457
50,639.4949101894457
51,639.4949101894457
52,639.4949101894457
53,639.4949101894457
54,639.4949101894457
55,639.4949101894457
56,639.4949101894457
57,639.4949101894457
58,639.4949101894457
59,639.4949101894457
60,639.4949101894457
61,639.4949101894457
62,639.4949101894457
63,639.4949101894457
64,639.4949101894457
65,639.4949101894457
66,639.4949101894457
67,639.4949101894457
68,639.4949101894457
69,639.4949101894457
70,639.4949101894457
71,639.4949101894457
72,639.4949101894457
73,639.4949101894457
74,639.4949101894457
75,639.4949101894457
76,639.4949101894457
77,639.4949101894457
78,639.4949101894457
79,639.4949101894457
80,639.4949101894457
81,639.4949101894457
82,639.4949101894457
83,639.4949101894457
84,639.4949101894457
85,639.4949101894457
86,639.4949101894457
87,639.4949101894457
88,639.4949101894457
89,639.4949101894457
90,639.4949101894457
91,639.4949101894457
92,639.4949101894457
93,639.4949101894457
94,639.4949101894457
95,639.4949101894457
96,639.4949101894457
97,639.4949101894457
98,639.4949101894457
99,639.4949101894457
100,639.4949101894457
101,639.4949101894457
102,639.4949101894457
103,639.4949101894457
104,639.4949101894457
105,639.4949101894457
106,639.4949101894457
107,639.4949101894457
108,639.4949101894457
109,639.4949101894457
110,639.4949101894457
111,639.4949101894457
