epoch,fitness
0,1230.131190276442
1,1197.688680832209
2,1197.688680832209
3,601.4761023794377
4,544.5870310514292
5,537.8251903618761
6,533.317853907148
7,532.4382540831036
8,526.2688752120357
9,524.0595277198854
10,524.0595277198854
11,513.5644136411228
12,513.5390073541628
13,513.5390073541628
14,513.5390073541628
15,511.23172058861763
16,508.25522001928147
17,508.25522001928147
18,508.25522001928147
19,506.95217362760354
20,506.95217362760354
21,506.95217362760354
22,505.7838638149846
23,505.13803312080006
24,505.13803312080006
25,501.7495886032506
26,501.7495886032506
27,501.7495886032506
28,500.29700706685003
29,500.29700706685003
30,498.9048067876563
31,498.9048067876563
32,495.2530434679942
33,495.2530434679942
34,495.2530434679942
35,495.2530434679942
36,495.2530434679942
37,495.2530434679942
38,491.81561815636366
39,491.81561815636366
40,491.81561815636366
41,491.81561815636366
42,491.81561815636366
43,491.81561815636366
44,491.81561815636366
45,491.81561815636366
46,491.81561815636366
47,491.81561815636366
48,491.81561815636366
49,491.81561815636366
50,491.81561815636366
51,491.81561815636366
52,491.81561815636366
53,491.81561815636366
54,491.81561815636366
55,491.7889643893341
56,491.7889643893341
57,491.7889643893341
58,490.06911610509866
59,490.06911610509866
60,490.06911610509866
61,490.06911610509866
62,490.06911610509866
63,490.06911610509866
64,490.06911610509866
65,490.06911610509866
66,490.06911610509866
