epoch,fitness
0,1255.7233951921653
1,1216.5551649216272
2,1216.5551649216272
3,819.5931638468496
4,494.3861175303982
5,474.1580065958586
6,462.62196912282064
7,461.0038187392916
8,457.5577213895809
9,457.5577213895809
10,454.2446998952719
11,454.2446998952719
12,442.3679576661353
13,442.3679576661353
14,442.3679576661353
15,442.3679576661353
16,442.3679576661353
17,442.3679576661353
18,442.3675762591523
19,442.3675762591523
20,442.3675762591523
21,442.3675762591523
22,442.3675762591523
23,442.2648202254096
24,441.73770853762494
25,439.5910591958251
26,439.5910591958251
27,439.5910591958251
28,439.5910591958251
29,439.5910591958251
30,439.5910591958251
31,438.57363008808727
32,438.57363008808727
33,438.57363008808727
34,438.44958866077855
35,438.44958866077855
36,438.44958866077855
37,438.44958866077855
38,438.44958866077855
39,438.44958866077855
40,437.9264131995598
41,437.57926022798455
42,437.57926022798455
43,437.41638114778056
44,437.41638114778056
45,437.41638114778056
46,437.41638114778056
47,437.41638114778056
48,437.41638114778056
49,437.41638114778056
50,437.41638114778056
51,437.41638114778056
52,437.41638114778056
53,437.41638114778056
