epoch,fitness
0,735.4584559582504
1,691.2241419498711
2,583.0025944218844
3,319.263662143934
4,318.4555688339914
5,318.0128280000138
6,316.6057095571737
7,314.1147141721511
8,308.6094819424944
9,308.6094819424944
10,308.6094819424944
11,308.6094819424944
12,308.6094819424944
13,308.6094819424944
14,308.6094819424944
15,308.6094819424944
16,308.6094819424944
17,308.6094819424944
18,308.6094819424944
19,308.6094819424944
20,308.6094819424944
21,308.6094819424944
22,308.6094819424944
23,308.6094819424944
24,308.6094819424944
25,308.6094819424944
26,308.43078594948435
27,305.47201640538435
28,305.47201640538435
29,303.3649392666188
30,303.3649392666188
31,303.3649392666188
32,303.3649392666188
33,303.3649392666188
34,303.3649392666188
35,303.3649392666188
36,301.3619456981082
37,301.3619456981082
38,301.3619456981082
39,301.3619456981082
40,301.3619456981082
41,301.3619456981082
42,301.3619456981082
43,301.3619456981082
44,301.3619456981082
45,301.3619456981082
46,301.3619456981082
47,301.3619456981082
48,301.3619456981082
49,301.3619456981082
50,301.3619456981082
51,301.3619456981082
52,301.3619456981082
53,301.3619456981082
54,301.3619456981082
55,301.3619456981082
56,301.34828356355354
57,301.34828356355354
58,301.057650548995
59,301.057650548995
60,301.057650548995
61,301.057650548995
62,301.057650548995
63,301.057650548995
64,301.057650548995
65,301.057650548995
66,301.057650548995
67,301.057650548995
68,301.057650548995
69,301.057650548995
70,301.057650548995
71,301.057650548995
72,301.057650548995
