epoch,fitness
0,1179.7160730826674
1,833.0477249083996
2,615.9582238917193
3,601.3122257073098
4,591.7230104279299
5,589.7565932758017
6,582.8220214443894
7,579.6300538076014
8,572.215180499105
9,572.215180499105
10,571.7731506301544
11,565.8072935693735
12,564.8599315375026
13,564.8599315375026
14,564.8599315375026
15,564.8599315375026
16,550.384181472623
17,549.5233711606837
18,548.5328466708227
19,548.5328466708227
20,548.3979922943901
21,545.3794380835026
22,545.3794380835026
23,545.1886321388735
24,545.0208549797777
25,541.8814203605757
26,541.8814203605757
27,541.8814203605757
28,541.5138233477472
29,541.5138233477472
30,541.5138233477472
31,541.4622724005117
32,540.7592445620966
33,540.7592445620966
34,540.7592445620966
35,540.7592445620966
36,540.7592445620966
37,540.7592445620966
38,538.9224523395764
39,537.8529698959385
40,537.8529698959385
41,537.4088775523693
42,536.6912604848142
43,536.2285942567481
44,536.1000530543869
45,536.1000530543869
46,536.1000530543869
47,536.0558477633397
48,535.2496201092878
49,535.2496201092878
50,534.9273657624148
51,534.9273657624148
52,534.9273657624148
53,534.9273657624148
54,534.9273657624148
55,534.9273657624148
56,534.8961041709027
57,534.7800336531668
58,534.7800336531668
59,534.0937882853826
60,534.0548316808917
61,533.7612346766182
62,533.7612346766182
63,533.7612346766182
64,533.7612346766182
65,533.7612346766182
66,533.0467014521394
