epoch,fitness
0,1185.079803286381
1,1078.4116872446125
2,710.2729227688646
3,646.9867006537756
4,634.8619430453954
5,629.1101445275457
6,617.2419896435782
7,606.9986402910735
8,605.7610070815314
9,605.7610070815314
10,604.7816665229707
11,604.7816665229707
12,591.2550039736293
13,584.5858606005623
14,575.8527360482302
15,575.8306713058298
16,574.5812346781698
17,572.1431156793743
18,569.7356327742172
19,569.7356327742172
20,568.0497198546225
21,567.5201007727563
22,566.6664900544727
23,566.5405559965856
24,566.5405559965856
25,565.1031413916697
26,565.0547337164837
27,562.6359795765621
28,562.4278546155231
29,561.2412680992769
30,561.2412680992769
31,561.2412680992769
32,561.2412680992769
33,560.8257573744636
34,559.5710007062493
35,559.3114612794801
36,559.1094304980558
37,558.8258340447967
38,558.5680496319086
39,558.3193215688741
40,558.3193215688741
41,557.3853057410843
42,557.3853057410843
43,557.3853057410843
44,557.3853057410843
45,555.5182200575242
46,555.5182200575242
47,555.5182200575242
