epoch,fitness
0,134.37906555646427
1,84.35055554387965
2,79.19588864899913
3,78.78502547787538
4,75.42773655666157
5,73.83976682410841
6,73.41653810830498
7,72.94328404651985
8,72.78790975262974
9,72.34323496492695
10,72.19942096024309
11,72.1142028920048
12,71.67891607137533
13,71.67891607137533
14,69.96479742724233
15,69.96479742724233
16,69.05640061599314
17,68.77573985282389
18,68.36925925151726
19,67.79387778565558
20,67.56027653559967
21,67.56027653559967
22,66.80096801967012
23,66.80096801967012
24,66.64646251408298
25,66.20308818857193
26,66.20308818857193
27,66.20308818857193
28,65.96309839027357
29,65.96309839027357
30,65.3279503539998
31,64.0739566703043
32,63.745038927311136
33,63.745038927311136
34,63.745038927311136
35,63.38812710963537
36,63.38812710963537
37,63.38699202428417
38,63.38699202428417
39,63.30551771037176
40,63.00980806267923
41,63.00980806267923
42,62.71562459196711
43,62.288035425033634
44,62.288035425033634
45,62.288035425033634
46,62.00365231039328
47,61.94457157065099
48,61.23155180251078
49,61.02197680616375
50,61.00714748461495
51,59.97099568328287
52,59.46263544077815
53,59.46263544077815
54,59.46263544077815
55,59.46263544077815
56,59.46263544077815
57,58.71667357412988
58,58.71667357412988
59,58.71667357412988
60,58.71667357412988
61,58.130481113921775
62,58.130481113921775
63,57.98322531614973
64,57.98322531614973
65,57.92555929095771
66,57.77826905176494
67,57.77826905176494
68,57.62002269820712
69,57.62002269820712
70,57.62002269820712
71,57.62002269820712
