epoch,fitness
0,382.0332839701247
1,291.3254209493868
2,230.50516615753915
3,223.41287400056402
4,217.9407515635424
5,217.9407515635424
6,217.92080209244128
7,216.62987644537455
8,216.6059011318107
9,213.10717339905756
10,208.81664128045398
11,207.39728606334157
12,206.90708364290006
13,205.90051830960417
14,205.90051830960417
15,205.87698018936456
16,205.87698018936456
17,205.14726524257452
18,204.5636765251344
19,204.5636765251344
20,204.5636765251344
21,204.5636765251344
22,204.5492401918177
23,204.5492401918177
24,204.5492401918177
25,204.1103167674429
26,203.4764420247226
27,203.4764420247226
28,203.4764420247226
29,203.4764420247226
30,203.4764420247226
31,202.17728805932882
32,202.00002038197456
33,202.00002038197456
34,201.28130775393103
35,201.28130775393103
36,201.20092244630214
37,201.20092244630214
38,201.20092244630214
39,197.61439294024353
40,197.61439294024353
41,196.39674246854247
42,196.39674246854247
43,196.2070575394904
44,196.2070575394904
45,196.2070575394904
46,196.12146330404343
47,195.45124116199432
48,195.10391375150198
49,195.10391375150198
50,194.98633556138157
51,194.6577293451052
52,194.3521694103997
53,193.29782115479952
54,192.63219202605194
55,192.63219202605194
56,192.63219202605194
57,191.40053934036936
58,191.40053934036936
59,191.40053934036936
60,191.07835414659306
61,190.32408148932183
62,190.32408148932183
