epoch,fitness
0,424.1705927570654
1,324.94140271220044
2,227.8723926815199
3,221.08701863790947
4,212.38567361395758
5,211.07780501821088
6,209.501841108088
7,209.10924333315006
8,209.0915591684727
9,205.72947262959437
10,205.72947262959437
11,205.72947262959437
12,205.72947262959437
13,190.4904581522038
14,190.4904581522038
15,189.0120262272648
16,189.0120262272648
17,188.37156695959152
18,188.23251393137434
19,186.96846238352387
20,186.96846238352387
21,186.72297034936983
22,186.5839173248597
23,186.5839173248597
24,186.5839173248597
25,186.5839173248597
26,186.5839173248597
27,186.5839173248597
28,186.5839173248597
29,186.5839173248597
30,185.74223445032763
31,185.31938658175426
32,185.31938658175426
33,185.31938658175426
34,184.61685748924094
35,184.61685748924094
36,184.6162275904766
37,184.38841122437643
38,184.30854897250995
39,183.56968434696128
40,183.56968434696128
41,183.56968434696128
42,183.56968434696128
43,183.56968434696128
44,183.56968434696128
45,183.56968434696128
46,183.56968434696128
47,183.56968434696128
48,183.56968434696128
49,183.50066278195249
50,183.34608071123182
51,183.34608071123182
52,183.34608071123182
53,183.34608071123182
54,183.34608071123182
55,183.2980302483416
56,183.22358081062066
57,182.96874285276735
58,182.96874285276735
59,182.96874285276735
60,182.96874285276735
61,182.96874285276735
62,182.96874285276735
63,182.96874285276735
64,182.96874285276735
