epoch,fitness
0,1581.4772900265148
1,1324.9919294910876
2,856.6807559321217
3,750.1636277405458
4,715.9072240502499
5,702.0663002478325
6,696.0446844639355
7,696.0446844639355
8,696.0446844639355
9,686.3006628460587
10,686.3006628460587
11,686.3006628460587
12,677.0230206779969
13,677.0230206779969
14,669.3880296955997
15,658.651506852732
16,658.651506852732
17,658.651506852732
