epoch,fitness
0,1639.116159151446
1,1536.2542889443428
2,906.3653453683155
3,488.87703322520804
4,488.87703322520804
5,485.26898636335176
6,485.26898636335176
7,485.26898636335176
8,485.26898636335176
9,485.26898636335176
10,485.26898636335176
11,484.82048077698033
12,484.82048077698033
13,484.82048077698033
14,484.82048077698033
15,484.82048077698033
16,484.82048077698033
17,484.82048077698033
18,484.82048077698033
19,484.82048077698033
20,484.7648915991903
