epoch,fitness
0,403.9979207170271
1,378.1829625096532
2,272.5321655073802
3,216.67659579464416
4,214.91564568411005
5,214.66642533290835
6,214.66642533290835
7,213.71278081203107
8,213.71278081203107
9,212.2058485211417
10,210.8484309614966
11,209.67046413915298
12,208.5906233120711
13,208.5906233120711
14,208.5906233120711
15,208.41132374670994
16,206.18199663220165
17,205.07901520591938
18,204.1169154683481
19,203.80105763926363
20,203.6068027568932
21,203.6068027568932
22,203.6068027568932
23,202.54134790182576
24,202.54134790182576
25,202.54134790182576
26,201.96831410739208
27,200.95174499463334
28,200.95174499463334
29,200.95174499463334
30,200.37811739856284
31,200.34358382542288
32,198.92498456951978
33,198.92498456951978
34,198.92498456951978
35,198.92498456951978
36,198.45554446993535
37,198.45554446993535
38,197.78444886624453
39,197.78444886624453
40,197.72556982357534
41,197.72556982357534
42,196.62381101791112
43,195.02741913106715
44,195.02741913106715
45,195.02741913106715
46,195.02741913106715
47,195.02741913106715
48,195.02741913106715
49,195.02741913106715
50,195.00832490334543
51,194.92188586810417
52,194.76773388265326
53,194.6946379403175
54,194.34369485091997
55,194.34369485091997
56,194.24309525429962
57,194.24309525429962
58,194.24309525429962
59,193.7055154763759
60,193.7055154763759
61,193.64198585977783
62,193.64198585977783
63,193.44856712780083
64,192.55206960009284
