epoch,fitness
0,961.9493117833414
1,758.5929196769521
2,592.4583361942297
3,500.36051779317563
4,477.1122534179017
5,474.4124146926825
6,468.98366587767805
7,468.98366587767805
8,467.5917524680125
9,465.7352466373984
10,464.513903959758
11,462.9019465428853
12,461.4559907307322
13,460.94130649547077
14,459.8100315315998
15,459.31543746432254
16,459.31543746432254
17,459.070318738351
18,459.070318738351
19,458.0346692555337
20,457.30771839140965
21,457.30771839140965
22,457.30771839140965
23,457.30771839140965
24,456.14825268845675
25,455.08953863529575
26,454.6455842102864
27,454.6455842102864
28,454.6455842102864
29,454.6455842102864
30,454.6455842102864
31,454.6455842102864
32,454.6455842102864
33,454.6455842102864
34,452.78736578147914
35,452.78736578147914
36,452.78736578147914
37,452.78736578147914
38,452.17092815422143
39,452.17092815422143
40,452.17092815422143
41,452.0378410785802
42,452.0378410785802
43,451.5867933292452
44,451.4084041146438
45,450.46879249488103
46,450.46879249488103
47,450.3511544910793
48,449.22603926132996
49,448.75241548637905
50,448.75241548637905
51,448.6173895767199
52,404.5704275055995
53,402.57544060547167
54,402.57544060547167
55,399.8768272430039
56,399.8768272430039
57,399.8768272430039
58,399.8768272430039
59,399.2454188063067
60,399.2454188063067
61,398.41759406170115
62,398.41759406170115
