epoch,fitness
0,287.638997536268
1,226.35170045436888
2,153.30883698690897
3,150.11188446143368
4,148.5535990525404
5,145.93680716207422
6,143.61139344359512
7,143.61139344359512
8,143.29697434210163
9,141.09649142327012
10,141.0644130851514
11,140.921974732908
12,139.75533580122936
13,139.75533580122936
14,138.98369466911765
15,138.5630368069277
16,138.5630368069277
17,138.5630368069277
18,137.2964501398172
19,137.2964501398172
20,137.2964501398172
21,135.84595239363435
22,135.84595239363435
23,135.84595239363435
24,135.84595239363435
25,135.6275355506444
26,135.6275355506444
27,131.9315694959597
28,131.07918646430002
29,131.07918646430002
30,131.07918646430002
31,130.62085472899943
32,130.62085472899943
33,130.62085472899943
34,130.4053243951288
35,128.6975097552489
36,128.6975097552489
37,128.6975097552489
38,128.50901725480517
39,128.50901725480517
40,128.39575874555808
41,128.39575874555808
42,128.34344427944723
43,128.34022133497893
44,128.34022133497893
45,128.1449228347145
46,128.1449228347145
47,128.12650226252552
48,128.12650226252552
49,128.12650226252552
50,127.70181856932608
51,127.70181856932608
52,127.70181856932608
53,127.5578891566018
54,127.5578891566018
55,127.37376166762036
56,127.01910404111706
57,126.7706943530259
58,126.7706943530259
59,125.98299980497492
60,125.98299980497492
61,125.98299980497492
62,125.98299980497492
63,125.98299980497492
64,125.57684534592575
65,125.57684534592575
66,125.57684534592575
67,125.57684534592575
68,125.57684534592575
