epoch,fitness
0,1153.5409940107384
1,1153.5409940107384
2,1153.5409940107384
3,564.5495038537229
4,564.5495038537229
5,564.5495038537229
6,555.7929383990698
7,552.9804996677959
8,531.0517143094099
9,531.0517143094099
10,531.0517143094099
11,520.8703073157626
12,520.8703073157626
13,520.8703073157626
14,520.8703073157626
15,520.8703073157626
16,520.8703073157626
17,520.8703073157626
18,520.8703073157626
19,520.8703073157626
20,516.1360288170163
