epoch,fitness
0,942.439394342139
1,837.9526030742209
2,829.8470010563113
3,829.8470010563113
4,351.50376151179404
5,344.39872382640925
6,333.18355362722036
7,328.83264115221607
8,328.0106728153384
9,328.0106728153384
10,328.0106728153384
11,328.0106728153384
12,328.0106728153384
13,328.0106728153384
14,328.0106728153384
15,328.0106728153384
16,328.0106728153384
17,326.02763995742134
18,326.02763995742134
19,326.02763995742134
20,326.02763995742134
21,326.02763995742134
22,326.02763995742134
23,326.02763995742134
24,326.02763995742134
25,326.02763995742134
26,326.02763995742134
27,326.02763995742134
28,326.02763995742134
29,326.02763995742134
30,326.02763995742134
31,326.02763995742134
32,326.02763995742134
33,326.02763995742134
34,325.2093904307106
35,324.3571838422979
36,324.3571838422979
37,324.3571838422979
38,324.3571838422979
39,324.3571838422979
40,324.3571838422979
41,324.3571838422979
42,324.3571838422979
43,324.3571838422979
44,324.3571838422979
45,324.3571838422979
46,324.3571838422979
47,324.2021026065872
48,324.2021026065872
49,324.2021026065872
50,324.2021026065872
51,324.2021026065872
52,324.2021026065872
53,324.2021026065872
54,324.2021026065872
55,324.2021026065872
