epoch,fitness
0,884.8308543671245
1,865.9128846710527
2,865.9128846710527
3,433.9816596334389
4,348.0078040458747
5,343.02838418482986
6,342.7831397606826
7,340.64966877116007
8,339.3565884580297
9,339.3565884580297
10,339.3565884580297
11,337.55164272723493
12,336.04469754008744
13,336.04469754008744
14,336.04469754008744
15,336.04469754008744
16,336.04469754008744
17,336.04469754008744
18,336.04469754008744
19,336.04469754008744
20,336.04469754008744
21,336.04469754008744
22,336.04469754008744
23,335.9407162163976
24,335.9407162163976
25,335.9407162163976
26,335.9407162163976
27,334.33363511282363
28,334.33363511282363
29,334.1073438812738
30,334.1073438812738
31,334.1073438812738
32,332.18078215653605
33,332.18078215653605
34,332.18078215653605
35,332.18078215653605
36,332.18078215653605
37,332.14448839543877
38,331.9478960564792
39,331.9478960564792
40,331.9478960564792
41,331.9478960564792
42,331.0742474434173
43,331.0742474434173
44,329.63548222471
45,329.63548222471
46,327.3832725455473
47,327.3832725455473
48,327.3832725455473
49,327.3832725455473
50,327.3832725455473
51,327.3832725455473
52,327.3832725455473
53,327.3832725455473
54,327.3832725455473
55,327.3832725455473
56,327.3832725455473
57,327.19166814962847
58,327.19166814962847
59,327.19166814962847
60,327.19166814962847
61,327.19166814962847
62,327.19166814962847
63,327.19166814962847
64,327.19166814962847
65,327.0656904089118
