epoch,fitness
0,1095.5599709362036
1,1092.0694762009414
2,1056.2305680425409
3,1024.8787284626699
4,1024.8787284626699
5,1011.1408018736954
6,544.8365546042739
7,503.291621656591
8,475.3815865114104
9,463.3836303668002
10,460.1547953049947
11,460.1547953049947
12,459.76950485413784
13,455.4388486498143
14,451.513566637911
15,451.513566637911
16,451.27426047028035
17,451.27426047028035
18,451.27426047028035
19,450.2215432723578
20,450.2215432723578
21,448.1696808409999
22,448.1696808409999
23,446.6023515445014
24,439.9703870138409
25,439.9703870138409
26,439.48665658701685
27,439.48665658701685
28,439.48665658701685
29,438.8063754615694
30,438.8063754615694
31,438.8063754615694
32,438.8063754615694
33,438.6956486517906
34,438.6956486517906
35,438.6956486517906
36,436.536544828092
37,436.4695527592793
38,434.3417575211694
39,434.3417575211694
40,434.3417575211694
41,434.3417575211694
42,428.63071446808846
43,428.63071446808846
44,428.63071446808846
45,428.63071446808846
46,428.63071446808846
47,428.4493216751901
48,428.4493216751901
49,428.4493216751901
50,427.55983650815625
51,427.55983650815625
52,427.55983650815625
53,427.55983650815625
54,426.91177717661685
55,425.98930282429683
56,425.98930282429683
57,424.08130788578615
58,419.8419466291829
59,418.54464849884437
60,418.54464849884437
61,418.54464849884437
62,418.54464849884437
63,417.86057345418584
64,417.86057345418584
65,417.86057345418584
66,417.86057345418584
67,417.86057345418584
68,417.86057345418584
