epoch,fitness
0,133.5377693806546
1,125.69925502872691
2,93.94344344781422
3,92.2688684344431
4,81.40035526422258
5,76.39849312708928
6,75.96895113217317
7,75.57811392622543
8,74.5057682018327
9,74.17209248168167
10,73.7768425144626
11,70.19378365212397
12,70.19378365212397
13,69.24525714512174
14,69.20877295660229
15,67.50129110063112
16,67.30639876809657
17,67.30639876809657
18,67.24406368163011
19,67.22656241932295
20,67.16422747472647
21,67.16422747472647
22,67.16422747472647
23,67.16422747472647
24,67.16422747472647
25,66.93134419099123
26,66.93134419099123
27,66.93134419099123
28,66.43737370680958
29,66.34558733595189
30,65.93198758026
31,65.5004813944371
32,65.5004813944371
33,65.5004813944371
34,64.55845897058362
35,63.78084426586753
36,63.033702348729065
37,62.86866898558153
38,62.80633424854869
39,62.80633424854869
40,62.554105834783265
41,62.40855817173885
42,62.40855817173885
43,62.17985682848877
44,62.17985682848877
45,61.709359568198245
46,61.709359568198245
47,61.668892197072196
48,61.66671446577206
49,61.66671446577206
50,61.66671446577206
51,61.66671446577206
52,61.581562649207115
53,61.581562649207115
54,60.63895363602494
55,60.60504886821701
56,60.60504886821701
57,60.60504886821701
58,60.49543822525357
59,60.49543822525357
60,60.49543822525357
61,60.29077604090887
62,60.29077604090887
63,60.08277268132589
64,60.020437734380195
65,60.020437734380195
66,60.020437734380195
67,60.020437734380195
68,60.020437734380195
69,60.020437734380195
70,60.020437734380195
71,60.020437734380195
72,59.97029149899838
73,59.97029149899838
74,59.362616500525554
75,57.85179457239275
76,57.85179457239275
77,57.85179457239275
78,57.85179457239275
79,57.85179457239275
80,57.85179457239275
81,57.85179457239275
82,57.85179457239275
83,57.85179457239275
84,57.380007512681715
85,57.21077196362677
86,57.21077196362677
87,56.78536505535067
88,56.78536505535067
89,56.78536505535067
90,56.78536505535067
91,56.78536505535067
92,56.78536505535067
