epoch,fitness
0,723.4994073651177
1,538.1249403346752
2,309.12371287070954
3,298.1821040161084
4,290.93357042848965
5,290.93357042848965
6,287.01117421676236
7,282.1872728253315
8,280.1667469746546
9,280.1667469746546
10,280.1667469746546
11,280.1667469746546
12,280.154801295519
13,279.72780447558256
14,277.90990247190484
15,277.90990247190484
16,277.90990247190484
17,277.90990247190484
18,277.90990247190484
19,277.90990247190484
20,277.90990247190484
21,277.90990247190484
22,277.8258576529055
23,277.8258576529055
24,277.8258576529055
25,277.8258576529055
26,277.8258576529055
27,277.8258576529055
28,277.8258576529055
29,277.8258576529055
30,277.8258576529055
31,277.8258576529055
32,277.8258576529055
33,277.8258576529055
34,277.8258576529055
35,277.8258576529055
36,277.8258576529055
37,277.8258576529055
38,277.8258576529055
39,277.8258576529055
40,277.57606359379565
41,277.57606359379565
42,277.57606359379565
43,277.57606359379565
44,277.57606359379565
45,277.57606359379565
46,277.53159643195244
47,277.53159643195244
48,277.53159643195244
49,277.53159643195244
50,277.53159643195244
51,277.48854194914753
52,277.48854194914753
53,277.48854194914753
54,277.48854194914753
55,277.48854194914753
56,277.48854194914753
