epoch,fitness
0,744.498071789896
1,720.1388009412553
2,513.0151504474109
3,323.2917603115071
4,299.4739682284378
5,299.4739682284378
6,299.4739682284378
7,299.09172331822566
8,299.09172331822566
9,299.09172331822566
10,299.09172331822566
11,299.09172331822566
12,297.38286272962034
13,297.23613424126376
14,297.23613424126376
15,297.23613424126376
16,297.23613424126376
17,297.23613424126376
18,295.28471334894164
19,295.28471334894164
20,294.35571620774357
21,291.00528473569807
22,289.6782389019636
23,289.34671024373944
24,289.34671024373944
25,287.19734562388464
26,287.19734562388464
27,287.19734562388464
28,287.19734562388464
29,287.19734562388464
30,287.19734562388464
31,287.19734562388464
32,287.19734562388464
33,287.19734562388464
34,287.0531002285773
35,282.48213732874996
36,282.48213732874996
37,282.48213732874996
38,282.48213732874996
39,282.48213732874996
40,282.48213732874996
41,282.37836347823406
42,282.37836347823406
43,282.37836347823406
44,282.37836347823406
45,282.33115569413775
46,281.3291447639369
47,281.0414175702181
48,281.0414175702181
49,279.38690379805524
50,279.38690379805524
51,279.38690379805524
52,279.38690379805524
53,279.38690379805524
54,279.38690379805524
55,279.38690379805524
56,279.38690379805524
57,279.38690379805524
58,279.38690379805524
59,279.38690379805524
60,279.38690379805524
61,279.38690379805524
62,279.38690379805524
63,279.38690379805524
64,279.2189631094485
65,279.2189631094485
66,279.2189631094485
67,279.2189631094485
68,279.2189631094485
69,279.2189631094485
