epoch,fitness
0,1067.0852825331094
1,1067.0852825331094
2,744.5752367573762
3,476.8619312912127
4,425.39010916274236
5,419.1397777685348
6,417.7363025388541
7,413.84992424895313
8,413.84992424895313
9,413.84992424895313
10,413.84992424895313
11,412.0376194781143
12,409.7201030298419
13,408.87301420852117
14,408.87301420852117
15,408.87301420852117
16,408.87301420852117
17,408.87301420852117
18,404.8233067621459
19,404.8233067621459
20,404.8233067621459
21,404.8233067621459
22,399.36760436695556
23,399.36760436695556
24,399.36760436695556
25,399.36760436695556
26,399.36760436695556
27,398.5019845774233
28,398.5019845774233
29,398.5019845774233
30,398.5019845774233
31,398.5019845774233
32,394.78155052281215
33,394.78155052281215
34,392.8400697397124
35,392.8400697397124
36,392.8400697397124
37,392.8400697397124
38,392.8400697397124
39,392.79586543451614
40,392.79586543451614
41,392.79586543451614
42,392.79586543451614
43,392.79586543451614
44,392.79586543451614
45,392.79586543451614
46,392.79586543451614
47,392.79586543451614
48,392.79586543451614
49,392.79586543451614
50,392.79586543451614
51,392.79586543451614
52,392.79586543451614
53,392.79586543451614
54,392.79586543451614
55,392.79586543451614
56,392.79586543451614
57,392.79586543451614
58,392.79586543451614
59,392.79586543451614
60,392.79586543451614
61,392.79586543451614
62,391.72508527056027
63,391.72508527056027
64,391.72508527056027
65,391.72508527056027
66,391.72508527056027
67,391.72508527056027
68,391.72508527056027
