epoch,fitness
0,1147.1850790232515
1,904.2085074714474
2,439.36694620749574
3,428.0459750637821
4,428.0459750637821
5,425.3599478921747
6,419.2631560461934
7,417.59822708712716
8,414.31799192231415
9,414.31799192231415
10,413.24736733044205
11,413.24736733044205
12,413.24736733044205
13,413.24736733044205
14,412.561393023282
15,412.4275192393337
16,412.4275192393337
17,412.4275192393337
18,412.3507056871211
19,408.55539293612316
20,408.55539293612316
21,406.4425629550588
22,406.4425629550588
23,406.4425629550588
24,406.4425629550588
25,406.4425629550588
26,406.4425629550588
27,406.4425629550588
28,404.01811406069373
29,404.01811406069373
30,404.01811406069373
31,404.01811406069373
32,404.01811406069373
33,404.01811406069373
34,404.01811406069373
35,404.01811406069373
36,404.01811406069373
37,404.01811406069373
38,404.01811406069373
39,404.01811406069373
40,404.01811406069373
41,404.01811406069373
42,403.40828521916933
43,403.40828521916933
44,403.40828521916933
45,403.40828521916933
46,403.40828521916933
47,403.40828521916933
48,403.40828521916933
49,403.40828521916933
50,403.40828521916933
51,403.40828521916933
52,403.40828521916933
