epoch,fitness
0,951.4907112939692
1,658.4348529726644
2,626.1052877066898
3,472.55422868250156
4,464.49608896265283
5,462.83869304871735
6,436.4240818607714
7,435.7942196407086
8,398.53823023269234
9,398.53823023269234
10,398.53823023269234
11,398.53823023269234
12,398.53823023269234
13,398.2293830363739
14,398.2293830363739
15,396.6113351054076
16,396.6113351054076
17,396.6113351054076
18,396.4486380954473
19,396.4486380954473
20,396.4486380954473
21,396.4486380954473
22,395.59449877260164
23,395.59449877260164
24,395.59449877260164
25,395.59449877260164
26,395.36580981950743
27,395.0098513166504
28,393.977152102027
29,393.02594412745714
30,393.02594412745714
31,393.02594412745714
32,393.02594412745714
33,391.9508267366679
34,391.9508267366679
35,391.9508267366679
36,391.9508267366679
37,390.9787110084067
38,390.9787110084067
39,390.9787110084067
40,390.9787110084067
41,390.9787110084067
42,390.9787110084067
43,390.6539653789094
44,390.5982707053972
45,390.5729137360538
46,390.5729137360538
47,390.5729137360538
48,389.41427483837856
49,389.41427483837856
50,387.75645773802506
51,387.75645773802506
52,387.1216372984081
