epoch,fitness
0,852.8930331410636
1,679.4116771158037
2,377.6013098326557
3,375.26928788859766
4,375.26928788859766
5,375.26928788859766
6,374.67881988951723
7,373.0070018320385
8,372.25375621650363
9,372.25375621650363
10,370.84881244947934
11,369.81151747021994
12,368.73390553728245
13,368.73390553728245
14,368.73390553728245
15,368.73390553728245
16,368.73390553728245
17,368.73390553728245
18,368.0686960278994
19,368.0686960278994
20,365.06145936252847
21,363.2063002039997
22,363.2063002039997
23,363.2063002039997
24,359.392280899113
25,359.3745373635448
26,359.3745373635448
27,359.3745373635448
28,359.3241355363938
29,359.3241355363938
30,358.6294733792545
31,358.6294733792545
32,353.867620894101
33,353.867620894101
34,352.64232947627033
35,352.64232947627033
36,352.64232947627033
37,352.64232947627033
38,352.64232947627033
39,351.60567851372326
40,351.51378058201493
41,350.84068439876853
42,350.84068439876853
43,350.84068439876853
44,350.84068439876853
45,350.84068439876853
46,350.84068439876853
47,350.8067335237068
48,350.8067335237068
49,350.8067335237068
50,350.8067335237068
51,350.57758043565605
52,348.80331288769196
53,348.01745698211
54,347.50842965302155
55,347.50842965302155
56,347.50842965302155
57,347.50842965302155
58,347.50842965302155
59,345.41849123231924
60,345.41849123231924
61,345.41849123231924
