epoch,fitness
0,918.420610493153
1,830.2255055965077
2,667.284182036808
3,409.05016734280196
4,409.05016734280196
5,401.57928276287413
6,401.57928276287413
7,400.8781677110148
8,400.8781677110148
9,400.8781677110148
10,400.8781677110148
11,400.8781677110148
12,400.8781677110148
13,400.8781677110148
14,400.8781677110148
15,400.8781677110148
16,398.71238445026194
17,398.1072451899332
18,396.30224845924397
19,396.30224845924397
20,396.30224845924397
