epoch,fitness
0,1157.023327493447
1,824.6721697630707
2,732.3403106463898
3,462.01292947205104
4,422.636282860399
5,422.636282860399
6,422.636282860399
7,422.35932313240204
8,418.01556289981056
9,418.01556289981056
10,416.3314555618103
11,410.34492362450237
12,407.4262979133242
13,407.4262979133242
14,407.4262979133242
15,407.36770904542533
16,407.36770904542533
17,407.1385141555262
18,407.1385141555262
19,406.5229888977774
20,406.5229888977774
