epoch,fitness
0,231.4919808483607
1,215.67447825614877
2,215.28267791112097
3,204.74609142114866
4,203.26338256286263
5,168.72747839858937
6,150.76535264574278
7,149.18149809683518
8,147.0833740559734
9,147.0833740559734
10,147.0833740559734
11,147.0833740559734
12,145.17080212738207
13,144.88352742247986
14,144.67703139919922
15,144.57814353205046
16,143.26582355250306
17,141.22430287781313
18,140.94897999127227
19,140.94897999127227
20,140.94760592923814
21,140.85121680278976
22,140.85121680278976
23,140.85121680278976
24,140.85121680278976
25,140.85121680278976
26,140.85121680278976
27,140.85121680278976
28,140.85121680278976
29,140.85121680278976
30,140.85121680278976
31,140.85121680278976
32,140.85121680278976
33,140.85121680278976
34,140.85121680278976
35,140.85121680278976
36,140.808886802016
37,140.808886802016
38,140.808886802016
39,140.808886802016
40,140.7928609722056
41,140.7928609722056
42,140.7928609722056
43,140.7928609722056
44,140.7928609722056
45,140.7928609722056
46,140.7928609722056
47,140.7928609722056
48,140.7928609722056
49,140.7674975091312
50,140.7674975091312
51,140.7674975091312
52,140.7674975091312
53,140.7674975091312
54,140.7674975091312
55,140.7674975091312
56,140.7674975091312
57,140.7674975091312
58,140.7674975091312
59,140.7674975091312
60,140.7674975091312
61,140.7674975091312
62,140.52881219576943
63,138.72083621654156
64,138.72083621654156
65,138.72083621654156
