epoch,fitness
0,767.0790439158147
1,709.3453313516588
2,384.6553230741388
3,365.81779445460967
4,357.61789640323195
5,354.6339286072032
6,354.00887890056447
7,350.47703251850834
8,350.47703251850834
9,348.9396618286987
10,324.9925316469546
11,324.9925316469546
12,319.86109612600364
13,319.86109612600364
14,318.98091310174345
15,318.16888460631867
16,318.06970554135074
17,318.06970554135074
18,317.42680349823564
19,317.0879777847944
20,317.0879777847944
21,316.6839933268359
22,316.39723811439814
23,316.39723811439814
24,316.39723811439814
25,316.258271061952
26,316.258271061952
27,316.16149332392513
28,316.11074571226703
29,316.11074571226703
30,316.11074571226703
31,315.9916250930361
32,315.9916250930361
33,315.7558802539004
34,315.7558802539004
35,315.7558802539004
36,315.7558802539004
37,314.4139135085935
38,314.4139135085935
39,314.4139135085935
40,314.4139135085935
41,314.4139135085935
42,314.4139135085935
43,314.4139135085935
44,314.4139135085935
