epoch,fitness
0,199.46877577128853
1,197.3899459027444
2,197.3899459027444
3,194.4516705927419
4,151.42523274382444
5,145.01421005040183
6,139.99063240237294
7,139.99063240237294
8,139.24801709108
9,139.24801709108
10,139.10317005506855
11,138.91807723358335
12,138.91807723358335
13,138.8581208972451
14,137.7891716204881
15,137.7891716204881
16,137.39117995072175
17,137.39117995072175
18,137.34886451579226
19,135.56448373210736
20,135.56448373210736
21,135.56448373210736
22,135.56448373210736
23,135.5104686546667
24,135.5104686546667
25,135.40099578272498
26,135.40099578272498
27,133.947697192686
28,133.947697192686
29,133.84606152935635
30,133.84606152935635
31,133.84606152935635
32,133.76422888169864
33,133.76422888169864
34,133.76178155555166
35,133.76178155555166
36,133.76178155555166
37,133.76178155555166
38,133.76178155555166
39,133.76178155555166
40,133.76178155555166
41,133.76178155555166
42,133.76178155555166
43,133.76178155555166
44,133.76178155555166
45,133.76178155555166
46,133.76178155555166
47,133.76178155555166
48,133.76178155555166
49,133.76178155555166
50,133.76178155555166
51,133.76178155555166
52,133.76178155555166
53,133.76178155555166
54,133.76178155555166
55,133.76178155555166
56,133.76178155555166
57,133.76178155555166
58,133.76178155555166
59,133.76178155555166
60,133.76178155555166
61,133.76178155555166
62,133.76178155555166
63,133.76178155555166
64,133.76178155555166
65,133.76178155555166
