epoch,fitness
0,750.4282137954019
1,565.8126360347989
2,408.2604667611534
3,371.68714655840915
4,368.87147005259004
5,361.4396477726729
6,361.4396477726729
7,361.4396477726729
8,360.2689979475741
9,357.55127273468327
10,357.55127273468327
11,355.9747293994816
12,355.2682253313057
13,321.596290126404
14,315.2763109542184
15,315.2763109542184
16,315.2763109542184
17,315.2763109542184
18,315.16889769570827
19,315.16889769570827
20,315.16889769570827
21,315.16889769570827
22,315.16889769570827
23,315.16889769570827
24,314.3881609073889
25,312.8518832701835
26,312.8518832701835
27,312.8518832701835
28,312.8518832701835
29,312.8518832701835
30,312.8518832701835
31,312.8518832701835
32,312.8518832701835
33,312.8518832701835
34,312.8518832701835
35,312.48602645403577
36,311.88038752200947
37,311.88038752200947
38,311.346846343667
39,311.346846343667
40,311.346846343667
41,311.346846343667
42,311.0577797430057
43,311.0577797430057
44,311.0577797430057
45,311.0577797430057
46,311.0577797430057
47,311.0577797430057
48,311.0577797430057
49,311.0577797430057
50,311.0577797430057
51,311.0577797430057
52,310.690188594913
53,310.690188594913
54,310.690188594913
55,310.690188594913
