epoch,fitness
0,1132.9793855999308
1,1081.5362732792503
2,906.771611807377
3,805.2403498899473
4,735.1498341739701
5,634.1545008985194
6,591.3737699368834
7,569.8356155778927
8,543.249555829548
9,542.5696637094662
10,540.326284468793
11,540.326284468793
12,540.326284468793
13,540.326284468793
14,539.048874508491
15,539.048874508491
16,537.7541227587375
17,537.7541227587375
18,537.7238589221744
19,537.7238589221744
20,531.8883729574984
21,530.3440129301372
22,530.3440129301372
23,523.1201360237259
24,519.6397662735963
25,519.6397662735963
26,519.6397662735963
27,519.6397662735963
28,519.6397662735963
29,519.6397662735963
30,519.6397662735963
31,518.8881825859047
32,511.0265446402598
33,511.0265446402598
34,508.9737945061202
35,508.9737945061202
36,508.9737945061202
37,508.9737945061202
38,508.9737945061202
39,505.19156615649143
40,503.6891781864267
41,503.6891781864267
42,503.35820318098735
43,498.45888151477675
44,492.26963959466224
45,492.26963959466224
46,487.68057218069725
47,487.68057218069725
48,487.68057218069725
49,487.68057218069725
50,487.68057218069725
51,487.4806130230355
52,483.9753281462927
53,483.9753281462927
