epoch,fitness
0,929.622237827243
1,640.4395233663978
2,513.5120771520423
3,378.5066992183406
4,375.45766014495365
5,372.5356504790425
6,370.53039972469327
7,369.74984178905737
8,361.72749896835944
9,361.72749896835944
10,361.72749896835944
11,359.88267188516943
12,358.26590646339315
13,358.26590646339315
14,358.26590646339315
15,358.26590646339315
16,358.26590646339315
17,358.26590646339315
18,358.26590646339315
19,358.26590646339315
20,358.26590646339315
21,358.2100093195015
22,354.7950884603666
23,354.7950884603666
24,354.7950884603666
25,354.7950884603666
26,354.7950884603666
27,354.7950884603666
28,354.7950884603666
29,354.71608709423754
30,354.71608709423754
31,350.59732976716253
32,350.59732976716253
33,350.59732976716253
34,350.59732976716253
35,350.59732976716253
36,348.86275285528654
37,348.86275285528654
38,348.3256162520795
39,348.3256162520795
40,348.3256162520795
41,348.3256162520795
42,348.3256162520795
43,348.3256162520795
44,348.0594276296395
45,347.01820861575015
46,347.01820861575015
47,347.01820861575015
48,347.01820861575015
49,347.01820861575015
50,347.01820861575015
51,346.9210305004095
52,346.24714806835783
53,346.2190291375081
