epoch,fitness
0,731.2574426113952
1,731.2574426113952
2,720.247751200368
3,415.10442542740674
4,368.2332935690998
5,361.45996629249277
6,361.45996629249277
7,359.91138904587154
8,359.5970035243262
9,353.76076078948023
10,353.76076078948023
11,349.65795621082253
12,349.65795621082253
13,349.65795621082253
14,349.65795621082253
15,347.76770571809266
16,347.76770571809266
17,338.0456221765462
18,338.0456221765462
19,337.03005841010713
20,336.3481483451577
21,332.4471740042536
22,329.60519301882505
23,329.50608701393116
24,329.50608701393116
25,329.50608701393116
26,329.50608701393116
27,329.01704350793244
28,326.05474750572466
29,325.96313699768336
30,325.96313699768336
31,325.96313699768336
32,325.96313699768336
33,325.96313699768336
34,325.96313699768336
35,325.79742541056953
36,325.79742541056953
37,325.79742541056953
38,325.79742541056953
39,325.79742541056953
40,325.79742541056953
41,324.4619781153804
42,324.32641762782765
43,324.32641762782765
44,322.54884818683223
45,322.54884818683223
46,322.51516392647096
47,321.6381059558734
48,321.02082116469774
49,321.02082116469774
50,317.5061151763785
51,317.5061151763785
52,316.28039511000765
