epoch,fitness
0,690.4299838771011
1,592.3413586657414
2,491.8685679578922
3,383.4278602434751
4,368.0781652031068
5,367.87849051929396
6,353.81677651557715
7,344.2048829283393
8,339.84117149622335
9,339.84117149622335
10,339.5981420252945
11,339.5981420252945
12,335.97463967243584
13,331.7172185304379
14,331.7172185304379
15,331.5119039707825
16,331.5119039707825
17,329.7763641846357
18,329.2355855792118
19,328.2778918539027
20,328.2778918539027
21,328.2778918539027
22,328.2778918539027
23,328.2778918539027
24,328.2778918539027
25,327.75703087054114
26,326.7519829574894
27,326.7519829574894
28,326.7519829574894
29,326.7519829574894
30,326.7519829574894
31,326.7519829574894
32,323.9700483146112
33,323.9700483146112
34,321.9266595676651
35,321.9266595676651
36,321.9266595676651
37,321.5295745776944
38,321.5295745776944
39,321.5295745776944
40,319.9937837672919
41,318.79321545749445
42,318.79321545749445
43,318.79321545749445
44,315.4467844800228
45,315.2949453034257
46,315.2949453034257
47,315.2949453034257
48,315.2949453034257
49,314.7282843494266
50,314.7282843494266
51,314.7282843494266
52,314.7111466716945
53,314.7111466716945
54,314.7111466716945
55,314.7111466716945
56,312.9198842767446
57,312.9198842767446
58,312.9198842767446
59,312.9198842767446
60,312.9198842767446
61,312.9198842767446
62,311.8373858408911
63,308.48116973396577
64,307.96649227237816
65,307.96649227237816
66,307.96649227237816
67,307.96649227237816
68,307.3016502728167
