epoch,fitness
0,1045.4295466698218
1,741.6773250714238
2,527.1075159123454
3,522.3471859112117
4,520.9622736681966
5,516.4185513003771
6,513.4872180965225
7,511.6925703689886
8,511.3141125453927
9,511.3141125453927
10,510.35653491067563
11,510.2363320038163
12,509.6590090263899
13,509.64840516703936
14,509.5012058122707
15,509.5012058122707
16,509.5012058122707
17,508.9150370438136
18,508.32642584349804
19,505.7790200958028
20,505.7790200958028
21,505.42338342213174
22,505.42338342213174
23,504.36491887578245
24,504.36491887578245
25,504.36491887578245
26,503.3316515153824
27,503.3316515153824
28,501.1287577211041
29,501.1287577211041
30,501.1287577211041
31,501.1287577211041
32,500.50682707943804
33,499.6656581192334
34,499.4184584881211
35,498.53418343308067
36,498.53418343308067
37,498.53418343308067
38,498.3037655258611
39,497.6392508777924
40,497.6392508777924
41,496.9860896748572
42,496.9860896748572
43,495.7440213926037
44,494.7547225466911
45,494.7547225466911
46,494.7481676185319
47,494.65820171699556
48,494.65820171699556
49,494.65820171699556
50,494.65820171699556
