epoch,fitness
0,1055.4283389386076
1,759.8286685635697
2,687.0154670439393
3,501.39203629438066
4,471.49497769121024
5,471.49497769121024
6,471.49497769121024
7,471.49497769121024
8,469.42443903032836
9,466.85262993205146
10,464.6308546183225
11,460.01763643296306
12,454.88792469409066
13,450.7249407590645
14,450.29356252111074
15,449.3831190875228
16,449.3831190875228
17,449.3831190875228
18,449.3831190875228
19,449.3831190875228
20,449.3831190875228
21,449.3831190875228
22,449.3831190875228
23,449.3831190875228
24,449.3831190875228
25,449.3831190875228
26,449.3831190875228
27,449.3831190875228
28,449.3831190875228
29,449.3831190875228
30,449.3831190875228
31,449.3831190875228
32,449.3831190875228
33,449.3831190875228
34,449.3831190875228
35,449.3831190875228
36,449.3831190875228
37,449.3831190875228
38,449.3831190875228
39,449.3831190875228
40,449.3831190875228
41,449.3831190875228
42,449.3831190875228
43,449.3831190875228
44,449.3831190875228
45,449.3831190875228
46,449.3831190875228
47,449.3831190875228
48,449.3831190875228
49,449.3831190875228
50,449.3831190875228
51,449.3831190875228
52,449.3831190875228
53,449.3831190875228
54,449.3831190875228
55,449.3831190875228
56,449.3831190875228
57,449.3831190875228
58,449.3831190875228
59,449.3831190875228
60,449.3831190875228
61,449.3831190875228
62,449.3831190875228
63,449.3831190875228
64,449.3831190875228
65,449.3831190875228
66,449.3831190875228
67,449.3831190875228
68,449.3831190875228
69,449.3831190875228
70,449.3831190875228
71,449.3831190875228
72,449.3831190875228
73,449.3831190875228
74,449.3831190875228
75,449.3831190875228
76,449.3831190875228
77,449.3831190875228
78,449.3831190875228
79,449.3831190875228
80,449.3831190875228
81,449.3087032462974
82,449.3087032462974
83,449.3087032462974
84,449.3087032462974
85,449.3087032462974
86,449.3087032462974
87,449.3087032462974
88,449.3087032462974
89,449.3087032462974
90,449.3087032462974
91,449.3087032462974
92,449.3087032462974
