epoch,fitness
0,733.9213190210822
1,713.7237859426531
2,363.6365977586288
3,359.43463231634064
4,358.13515749340485
5,336.23934089427894
6,327.1807848164567
7,312.94125247022697
8,305.24796359092386
9,301.4410579476178
10,301.4410579476178
11,301.4410579476178
12,301.4410579476178
13,301.4410579476178
14,301.4410579476178
15,301.1045875681715
16,299.31571916399133
17,299.31571916399133
18,299.31571916399133
19,299.18239599743697
20,299.18239599743697
21,299.16894288211813
22,299.16894288211813
23,298.66034498650777
24,298.4622385935008
25,298.4622385935008
26,298.4622385935008
27,298.4622385935008
28,298.05760256086614
29,298.05760256086614
30,298.05760256086614
31,293.1436073486242
32,293.042658312419
33,293.042658312419
34,291.4976681666232
35,291.4976681666232
36,291.4976681666232
37,291.4976681666232
38,291.20789153394776
39,291.20789153394776
40,291.20789153394776
41,291.0741723539051
42,291.0741723539051
43,290.2028851079749
44,290.2028851079749
45,290.2028851079749
46,290.2028851079749
47,290.0435353680145
48,290.0435353680145
49,290.0435353680145
50,290.0435353680145
51,290.0435353680145
52,290.0435353680145
53,290.0435353680145
54,290.0435353680145
55,290.0435353680145
