epoch,fitness
0,755.0164603595234
1,704.9658711627868
2,704.9658711627868
3,641.8487221802699
4,354.25949981889147
5,354.06083174708414
6,347.2300122718162
7,343.3740429591414
8,343.3740429591414
9,342.88024522045595
10,334.2148223080812
11,332.8098935858956
12,332.8098935858956
13,332.8098935858956
14,332.35932863135093
15,330.7983419064202
16,330.7983419064202
17,330.7983419064202
18,330.7983419064202
19,330.40759606704415
20,329.210397349296
21,329.1302463448321
22,329.1302463448321
23,325.812675163705
24,323.42895603357704
25,323.42895603357704
26,323.419540063152
27,323.419540063152
28,323.419540063152
29,322.9488160353831
30,319.43528641772883
31,319.43528641772883
32,319.43528641772883
33,317.1909832165634
34,317.1909832165634
35,316.0522238780463
36,316.0522238780463
37,316.0522238780463
38,316.04967544172246
39,316.04967544172246
40,315.5511758545175
41,314.31923714458287
42,314.31923714458287
43,314.31923714458287
44,314.31923714458287
45,314.31923714458287
46,314.31923714458287
47,314.31923714458287
48,314.31923714458287
49,314.31923714458287
50,314.31923714458287
51,314.31923714458287
52,314.2332083001777
53,314.2332083001777
54,314.1799265166785
55,313.98548333917375
56,313.98548333917375
57,312.5052749637238
58,312.1610179551389
59,312.1610179551389
60,312.1610179551389
61,312.1610179551389
62,312.1610179551389
63,312.1610179551389
64,310.9661875552165
65,310.86217083923646
