epoch,fitness
0,713.6988380933465
1,677.5738741786352
2,635.8256301263482
3,571.6867946769894
4,555.0602458381801
5,353.6718599482887
6,320.3819131806492
7,310.1031419498898
8,303.8212197999681
9,303.8212197999681
10,303.8212197999681
11,303.8212197999681
12,303.8212197999681
13,303.8212197999681
14,300.9767918605494
15,300.9767918605494
16,300.9767918605494
17,300.9767918605494
18,300.9767918605494
19,300.9767918605494
20,300.9767918605494
21,299.02349755302737
22,299.02349755302737
23,299.02349755302737
24,297.044660116498
25,297.044660116498
26,297.044660116498
27,297.044660116498
28,297.044660116498
29,297.044660116498
30,297.044660116498
31,297.044660116498
32,297.044660116498
33,297.044660116498
34,297.044660116498
35,297.044660116498
36,293.8520338903446
37,293.8520338903446
38,293.8520338903446
39,293.7809852495957
40,293.7809852495957
41,293.7031215625818
42,293.7031215625818
43,293.7031215625818
44,292.3601780784646
45,292.3601780784646
46,289.6636025116476
47,288.00702505000294
48,288.00702505000294
49,288.00702505000294
50,288.00702505000294
51,288.00702505000294
52,288.00702505000294
53,288.00702505000294
54,286.21770142369905
55,286.21770142369905
56,286.21770142369905
57,286.21770142369905
58,286.21770142369905
59,286.21770142369905
60,286.01670202084654
61,286.01670202084654
62,286.01670202084654
63,286.00295877578935
64,286.00295877578935
65,286.00295877578935
66,286.00295877578935
67,286.00295877578935
68,286.00295877578935
69,286.00295877578935
70,285.95930134925044
71,285.95930134925044
72,285.95930134925044
73,285.92511124365365
74,282.7622034454181
