epoch,fitness
0,144.22427249438337
1,76.99075234182096
2,73.22846361446861
3,71.50212296780668
4,69.81027885735993
5,69.70495374562127
6,69.31904505175906
7,68.89219605634541
8,68.4006988175971
9,68.4006988175971
10,67.95785974978932
11,67.60235006868864
12,67.1773154305847
13,66.10403404445516
14,66.09463043071051
15,65.15406149548768
16,64.00754737430265
17,64.00754737430265
18,64.00754737430265
19,64.00754737430265
20,62.66817061271742
21,62.65334157780818
22,62.43528735544527
23,62.36640316706948
24,62.12571959844684
25,61.124759856193926
26,61.124759856193926
27,61.11867031285802
28,60.85757275283029
29,60.590721039345404
30,60.590721039345404
31,60.3998333350293
32,60.18564134655867
33,60.18564134655867
34,60.18564134655867
35,59.99475366237416
36,59.99475366237416
37,58.74039514709752
38,58.550146399402784
39,57.37588160444174
40,57.37588160444174
41,56.99229366673817
42,56.99229366673817
43,56.99229366673817
44,56.590053483961434
45,56.590053483961434
46,56.373116441970446
47,56.373116441970446
48,56.298434614848766
49,56.298434614848766
50,55.60836831409663
51,55.60836831409663
52,55.60836831409663
53,55.60836831409663
54,55.60836831409663
55,55.60836831409663
56,55.28136119384168
57,55.0904738449872
58,55.0904738449872
59,55.0904738449872
60,55.0904738449872
61,54.73377004074337
62,54.73377004074337
63,54.73377004074337
64,54.73377004074337
65,54.73377004074337
66,54.73377004074337
67,54.73377004074337
68,54.41314369348593
69,54.41314369348593
70,54.41314369348593
71,54.41314369348593
72,54.41314369348593
