epoch,fitness
0,231.39734327418705
1,224.75032020579278
2,217.74629502584477
3,217.74629502584477
4,212.77143835374224
5,212.77143835374224
6,206.26986560924144
7,187.40824166840358
8,187.40824166840358
9,183.613475529226
10,183.613475529226
11,183.613475529226
12,175.34476360146692
13,153.0084659176818
14,150.8198910813596
15,144.88457491067044
16,144.88457491067044
17,143.47714749838627
18,142.98347977470308
19,141.3309218847853
20,141.3309218847853
21,141.3309218847853
22,141.3309218847853
23,141.30482200640333
24,141.30482200640333
25,139.32836232587456
26,139.32836232587456
27,137.58541120907228
28,137.58541120907228
29,137.58541120907228
30,137.58541120907228
31,137.58541120907228
32,137.58541120907228
33,137.58541120907228
34,136.27093948039087
35,135.22467808838906
36,135.22467808838906
37,135.22467808838906
38,134.58042596687068
39,134.58042596687068
40,133.85268301877457
41,133.85268301877457
42,133.85268301877457
43,133.85268301877457
44,133.85268301877457
45,133.85268301877457
46,133.61876219616994
47,133.61876219616994
48,133.61876219616994
49,133.61876219616994
50,133.61876219616994
51,133.61876219616994
52,133.61876219616994
53,133.52986984668428
54,133.52986984668428
55,133.52986984668428
56,133.52986984668428
57,133.52986984668428
58,133.52986984668428
59,133.49949554114997
60,133.49949554114997
61,133.45302795783024
62,133.45302795783024
63,133.39528910470045
64,133.39528910470045
65,133.39528910470045
66,133.39528910470045
67,133.18288979991212
