epoch,fitness
0,332.11016831477133
1,307.7020401511292
2,307.7020401511292
3,285.82470588096743
4,178.72767500294256
5,178.72767500294256
6,178.72767500294256
7,177.25613741519754
8,176.79014484518828
9,176.79014484518828
10,176.63611804632762
11,176.63611804632762
12,176.1359857323735
13,174.88885305621812
14,174.88885305621812
15,174.88885305621812
16,174.88885305621812
17,174.8788496259328
18,174.8788496259328
19,174.87598147661558
20,174.78657521372895
21,174.78657521372895
22,174.78657521372895
23,174.77690325199222
24,174.77690325199222
25,174.77690325199222
26,174.77690325199222
27,174.77690325199222
28,174.77690325199222
29,174.77690325199222
30,174.77690325199222
31,174.77690325199222
32,174.77690325199222
33,174.71942191484268
34,174.71942191484268
35,174.71942191484268
36,174.71942191484268
37,174.71942191484268
38,174.71942191484268
39,174.71942191484268
40,174.71942191484268
41,174.61216833714178
42,174.61216833714178
43,174.61216833714178
44,174.61216833714178
45,174.61216833714178
46,174.35703671532013
47,174.35703671532013
48,174.35703671532013
49,174.35703671532013
50,174.35703671532013
51,174.35703671532013
52,174.35703671532013
53,174.35703671532013
54,174.35703671532013
55,174.35703671532013
56,174.35703671532013
57,174.35703671532013
58,174.35703671532013
59,174.35703671532013
60,174.35703671532013
61,174.35703671532013
62,174.35703671532013
63,174.35703671532013
64,174.35703671532013
65,174.35703671532013
66,174.35703671532013
67,174.35703671532013
68,174.35703671532013
69,174.35703671532013
70,174.2131377620702
71,174.2131377620702
72,174.2131377620702
73,174.2131377620702
74,174.2131377620702
75,174.2131377620702
76,174.2131377620702
