epoch,fitness
0,327.1291295713045
1,327.1291295713045
2,326.3986563203057
3,203.63892582428474
4,198.57708561644287
5,196.7105018762476
6,186.01839778143264
7,183.72749013772423
8,183.72749013772423
9,182.60240803203948
10,182.60240803203948
11,182.60240803203948
12,182.60240803203948
13,182.60240803203948
14,182.60240803203948
15,182.12670444445368
16,182.12670444445368
17,182.12670444445368
18,182.12670444445368
19,182.063150750369
20,182.063150750369
21,181.4697478758205
22,181.4697478758205
23,180.44942696670716
24,180.44942696670716
25,180.44942696670716
26,180.44942696670716
27,180.44942696670716
28,180.44942696670716
29,180.44942696670716
30,180.44942696670716
31,180.44942696670716
32,180.44942696670716
33,180.44942696670716
34,179.34361412714483
35,178.91793831662568
36,178.9126519352218
37,178.9126519352218
38,178.9126519352218
39,178.9126519352218
40,178.9126519352218
41,178.9126519352218
42,178.81247482066496
43,178.34431449479808
44,176.96671863868343
45,176.96671863868343
46,176.96671863868343
47,176.96671863868343
48,176.86163902496932
49,176.86163902496932
50,176.83323211262686
51,176.83323211262686
52,176.83323211262686
53,176.8100787147061
54,176.8100787147061
55,176.8100787147061
56,176.8100787147061
57,176.8100787147061
58,176.54907769034952
59,176.54907769034952
60,176.52385681267342
61,176.4908574265825
62,176.4908574265825
