epoch,fitness
0,1558.1599604821836
1,1093.4703692176686
2,750.1164164646605
3,734.2458967947744
4,733.1447964568107
5,732.4589896258797
6,731.7655357771924
7,730.0374476630064
8,655.1091369829352
9,655.1091369829352
10,654.2091216305378
11,653.8906918871288
12,653.8906918871288
13,653.8800860908289
14,653.8800860908289
15,639.5541690093409
16,639.5541690093409
17,639.5541690093409
18,639.5541690093409
19,639.5541690093409
20,639.5541690093409
21,639.5541690093409
22,639.5489449516534
23,639.5489449516534
24,639.5489449516534
25,639.5489449516534
26,639.5489449516534
27,639.5489449516534
28,639.5489449516534
29,639.5489449516534
30,639.5489449516534
31,639.3097811835765
32,639.3097811835765
33,639.3097811835765
34,639.3097811835765
35,639.3097811835765
36,638.9468841838901
37,638.9468841838901
38,637.5073360100594
39,637.5073360100594
40,637.5073360100594
