epoch,fitness
0,578.3667862815415
1,561.1016768100493
2,396.1839517775867
3,289.11489884413425
4,286.5185420341201
5,281.13581511040644
6,281.0292213551673
7,275.57011443633246
8,275.57011443633246
9,275.4752730313807
10,272.28576538171507
11,271.2152483554524
12,270.87567966769274
13,270.7446358591135
14,268.79422574155905
15,268.79422574155905
16,266.80110796605
17,265.5196273238866
18,265.37262125212106
19,265.37262125212106
20,265.37262125212106
21,265.37262125212106
22,264.8790530396584
23,264.8790530396584
24,263.2055510413407
25,262.57824551914865
26,262.35183523061175
27,262.35183523061175
28,261.9851511828753
29,261.5885752889161
30,261.5885752889161
31,260.7232959556503
32,259.6694483016666
33,259.6694483016666
34,258.83958980944294
35,258.83958980944294
36,258.3296057548268
37,258.3296057548268
38,258.3296057548268
39,258.3296057548268
40,258.3296057548268
41,257.5012886870952
42,256.87329877569795
43,255.9799130002332
44,255.9799130002332
45,255.67253786780054
46,254.9183491223099
47,254.9183491223099
48,254.9183491223099
49,254.9183491223099
50,254.9183491223099
51,254.43536819178001
52,254.43536819178001
53,254.43536819178001
54,254.43536819178001
55,252.9575970501627
56,252.65497533925992
57,252.65497533925992
58,252.65497533925992
59,252.41989479905436
