epoch,fitness
0,566.7167178631026
1,278.5468269955113
2,275.7458283357534
3,267.07444809109535
4,267.07444809109535
5,244.72189461890196
6,244.72189461890196
7,244.72189461890196
8,244.72189461890196
9,244.72189461890196
10,244.72189461890196
11,244.72189461890196
12,244.72189461890196
13,244.72189461890196
14,244.6979034077503
15,244.6979034077503
16,244.6979034077503
17,244.6979034077503
18,244.6979034077503
19,244.6979034077503
20,244.6979034077503
21,244.6979034077503
22,244.6979034077503
23,244.6979034077503
24,244.6979034077503
25,244.6979034077503
26,244.6979034077503
27,244.6979034077503
28,244.6979034077503
29,244.6979034077503
30,244.6979034077503
31,244.6979034077503
32,244.6979034077503
33,244.6979034077503
34,244.6979034077503
35,244.6979034077503
36,244.6979034077503
37,244.6979034077503
38,244.6979034077503
39,244.6979034077503
40,244.6979034077503
41,244.6979034077503
42,244.6979034077503
43,244.6979034077503
44,244.6979034077503
45,244.6979034077503
46,244.6979034077503
47,244.6979034077503
48,244.6979034077503
49,244.6979034077503
50,244.6979034077503
51,244.6979034077503
52,244.6979034077503
53,244.6979034077503
54,244.6979034077503
55,244.6979034077503
56,244.6979034077503
57,244.6979034077503
58,244.6979034077503
59,244.6979034077503
60,244.6979034077503
61,244.6979034077503
62,244.6979034077503
63,244.6979034077503
64,244.6979034077503
65,244.6979034077503
66,244.6979034077503
67,244.6979034077503
68,244.6979034077503
69,244.6979034077503
70,244.6979034077503
71,244.6979034077503
72,244.6979034077503
73,244.6979034077503
74,244.6979034077503
75,244.6979034077503
76,244.6979034077503
77,244.6979034077503
78,244.6979034077503
79,244.6979034077503
80,244.6979034077503
81,244.6979034077503
82,244.6979034077503
83,244.6979034077503
84,244.6979034077503
85,244.6979034077503
86,244.6979034077503
87,244.6979034077503
88,244.6979034077503
89,244.6979034077503
90,244.6979034077503
91,244.6979034077503
92,244.6979034077503
93,244.6979034077503
94,244.6979034077503
95,244.6979034077503
96,244.6979034077503
97,244.6979034077503
98,244.6979034077503
99,244.6979034077503
100,244.6979034077503
101,244.6979034077503
102,244.6979034077503
103,244.6979034077503
104,244.6979034077503
105,244.6979034077503
106,244.6979034077503
107,244.6979034077503
108,244.6979034077503
109,244.6979034077503
110,244.6979034077503
111,244.6979034077503
112,244.6979034077503
113,244.6979034077503
114,244.6979034077503
115,244.6979034077503
116,244.6979034077503
