epoch,fitness
0,942.3380502780304
1,851.5559691023518
2,495.06545254757975
3,477.83621600120745
4,472.4718332980359
5,469.00549248141493
6,467.27341634187906
7,466.545577358117
8,465.37617000725186
9,464.5611559146981
10,462.95259116608037
11,454.1222373581862
12,453.5248620529122
13,453.4925573974699
14,451.78435742421277
15,449.7205889014011
16,448.1926228381265
17,447.3328610521789
18,447.15492090498844
19,447.06614695788437
20,446.207798689538
21,443.4585054253166
22,443.4585054253166
23,443.4585054253166
24,443.4215002431397
25,443.4215002431397
26,443.4215002431397
27,443.4215002431397
28,442.26826678893383
29,442.26826678893383
30,442.26826678893383
31,442.2027284821385
32,441.8445924952682
33,441.14403141564173
34,441.14403141564173
35,441.007868496423
36,399.935864444596
37,399.4868739725904
38,398.8005168965321
39,393.6631585704414
40,393.6631585704414
41,393.6631585704414
42,393.4134637248055
43,391.50373379844797
44,390.83376831682693
45,390.83376831682693
46,390.83376831682693
47,390.83376831682693
48,390.51196634334383
49,390.51196634334383
50,390.51196634334383
51,390.51196634334383
52,390.38789109917434
53,390.38789109917434
54,390.14234473514585
55,390.14234473514585
56,389.61854792552066
57,389.61854792552066
58,388.7539936715578
59,388.7539936715578
