epoch,fitness
0,942.1565069337769
1,890.3590395321417
2,561.6952912850196
3,441.9823059336723
4,441.9823059336723
5,441.9823059336723
6,438.9417150350693
7,438.2220066622793
8,437.82609027996824
9,437.82609027996824
10,436.2622656631184
11,434.61549853219395
12,434.61549853219395
13,434.61549853219395
14,434.61549853219395
15,434.61549853219395
16,430.2748551657066
17,430.2748551657066
18,429.41270802614775
19,429.19772927846344
20,428.3303078432716
21,427.6149861070634
22,427.02933285996085
23,426.6337034405701
24,426.6337034405701
25,426.6337034405701
26,426.6337034405701
27,426.2406154082073
28,425.4456135817297
29,425.01655201412456
30,424.88041690652165
31,424.88041690652165
32,424.5932506492081
33,424.5932506492081
34,424.28608033536966
35,424.28608033536966
36,423.32822943532454
37,423.32822943532454
38,422.8913222110261
39,422.8913222110261
40,422.8913222110261
41,422.8913222110261
42,422.05705894734473
43,422.05705894734473
44,422.05705894734473
45,422.05705894734473
46,422.05705894734473
47,421.9746108983388
48,421.9746108983388
49,421.45548502223767
50,421.3738104339623
51,421.3738104339623
52,419.73031357287806
53,419.73031357287806
54,419.2333292114163
55,419.2333292114163
56,419.2333292114163
