epoch,fitness
0,1523.3502802771313
1,1093.646755583833
2,745.0922855354906
3,742.5655092959988
4,742.5655092959988
5,741.3970889732392
6,738.9193427809813
7,737.5863938700944
8,736.1644587643256
9,731.2239620027646
10,727.001769874311
11,726.2083114695481
12,725.3704858033461
13,723.5013845499051
14,721.3837809764423
15,721.3837809764423
16,721.3837809764423
17,719.9378261265256
18,719.8533122101601
19,718.8061367572445
20,718.4722382713161
21,718.2531104872801
22,715.4740355316364
23,715.4740355316364
24,715.4740355316364
25,714.7047464693225
26,714.0808540164312
27,711.3809854137678
28,708.6638936948949
29,708.2289457038412
30,708.0759973021034
31,706.5546339106518
32,706.447925239001
33,705.4223193196226
34,705.2426521141196
35,705.0365931604899
36,705.0362675217349
37,704.7203038604819
38,704.7203038604819
39,704.1185381390924
40,703.0804817551863
41,702.7002807729862
42,702.3014700132504
43,702.3014700132504
44,702.1185661690906
45,701.6929918229845
46,701.6929918229845
47,701.6929918229845
48,701.6929918229845
