epoch,fitness
0,1575.1109809147174
1,1073.5629375802941
2,746.8154362154901
3,746.8154362154901
4,740.3215398570451
5,736.5677566588781
6,736.1906828829775
7,731.0137221286834
8,731.0137221286834
9,731.0137221286834
10,731.0137221286834
11,730.6701160765208
12,728.3935199129704
13,727.1277986221347
14,725.6703549897292
15,724.5854706411424
16,724.5854706411424
17,723.817691511316
18,723.3749773221429
19,723.3749773221429
20,723.2303111386957
21,722.9786321596985
22,722.5354597232612
23,721.9977306471692
24,721.8865530693099
25,721.6893209694153
26,721.1432902105847
27,719.7424042829683
28,719.7424042829683
29,719.4441912380219
30,719.4441912380219
31,719.4441912380219
32,718.5658041080736
33,718.0378449422532
34,718.0378449422532
35,718.0378449422532
36,716.9605278817389
37,715.8854950467521
38,715.7512464348679
39,715.2558268679527
40,715.2558268679527
41,715.2558268679527
42,715.2558268679527
43,715.2558268679527
44,713.7583564083922
