epoch,fitness
0,1584.0603441125008
1,744.0621060464558
2,743.6870630766979
3,721.2578212663341
4,719.0342007380267
5,718.7569027886899
6,718.2884670412647
7,716.506077758583
8,716.0144752618728
9,712.458972895948
10,710.3907247071818
11,710.3907247071818
12,710.3907247071818
13,710.0833805180174
14,710.0833805180174
15,708.1743816798388
16,708.0459789468822
17,708.0459789468822
18,708.0459789468822
19,708.0459789468822
20,706.4524463020313
21,704.9271770675244
22,704.9271770675244
23,704.1941360704888
24,704.1941360704888
25,704.1941360704888
26,703.9310280248991
27,703.9310280248991
28,703.781181610898
29,703.781181610898
30,703.3925908440054
31,702.9742490737251
32,702.9742490737251
33,702.9742490737251
34,702.9079078024693
35,702.9079078024693
36,702.6722253059012
37,702.6722253059012
38,702.2891748562884
39,702.1251269709717
40,701.1583624530768
41,701.1583624530768
42,700.0074130389847
43,700.0074130389847
44,700.0074130389847
45,700.0074130389847
46,700.0074130389847
47,700.0074130389847
48,700.0074130389847
49,698.3880939834902
50,697.3977379297895
51,697.3300920913341
52,697.3300920913341
53,697.3300920913341
54,697.1998106983555
55,696.0973669624067
56,696.0973669624067
57,696.0973669624067
58,696.0973669624067
