epoch,fitness
0,776.1602478804964
1,642.2701524896053
2,324.9047330533954
3,311.7913892923098
4,306.34428878652926
5,306.34428878652926
6,302.22567840669535
7,302.22567840669535
8,298.37899488805795
9,298.37899488805795
10,298.34210771157143
11,296.6980462855434
12,296.44044625254116
13,295.6520214848256
14,295.6520214848256
15,295.6520214848256
16,294.15856155862076
17,294.15856155862076
18,291.96132049662134
19,291.96132049662134
20,291.96132049662134
21,288.86519524990007
22,287.20390557664183
23,287.20390557664183
24,285.65007607030674
25,285.65007607030674
26,285.65007607030674
27,285.65007607030674
28,285.65007607030674
29,285.65007607030674
30,283.06102660913535
31,282.99252395941915
32,282.99252395941915
33,282.99252395941915
34,282.99252395941915
35,282.99252395941915
36,282.99252395941915
37,282.99252395941915
38,282.99252395941915
39,282.99252395941915
40,282.99252395941915
41,282.99252395941915
42,282.84903862833806
43,282.84903862833806
44,282.84903862833806
45,282.84903862833806
46,282.84903862833806
47,282.84903862833806
48,282.84903862833806
49,282.84903862833806
50,282.84903862833806
51,282.84903862833806
52,282.84903862833806
53,282.84903862833806
54,282.84903862833806
55,282.84903862833806
56,282.84853189673487
57,282.84853189673487
58,282.8084339215699
59,282.8084339215699
60,282.8084339215699
61,282.40293492713533
62,282.40293492713533
63,282.40293492713533
64,282.40293492713533
65,282.40293492713533
66,282.40293492713533
67,282.40293492713533
68,282.40293492713533
69,282.3782411369241
