epoch,fitness
0,1418859.7696693675
1,455.2061311033118
2,439.5996686768823
3,438.8400196910088
4,329.01974774077956
5,329.01974774077956
6,326.76508346387044
7,326.76508346387044
8,324.45069745520107
9,324.27203531804844
10,323.67380266164577
11,323.67380266164577
12,323.67380266164577
13,323.67380266164577
14,323.67380266164577
15,323.1293626293809
16,323.1293626293809
17,323.1293626293809
18,323.1293626293809
19,323.1293626293809
20,323.1293626293809
21,322.9891218140734
22,322.9891218140734
23,322.9891218140734
24,322.9891218140734
25,322.9891218140734
26,322.59125187076296
27,322.59125187076296
28,322.59125187076296
29,322.59125187076296
30,322.59125187076296
31,322.59125187076296
32,322.59125187076296
33,322.59125187076296
34,322.59125187076296
35,322.59125187076296
36,322.59125187076296
37,322.59125187076296
38,322.59125187076296
39,322.11584334398833
40,321.92966870432633
41,321.92966870432633
42,321.92966870432633
43,321.92966870432633
44,321.8221620061398
45,321.8221620061398
46,321.8221620061398
47,321.8221620061398
48,321.8221620061398
49,321.8221620061398
50,321.8221620061398
51,321.8221620061398
52,321.8221620061398
53,321.8221620061398
54,321.8221620061398
55,321.8221620061398
56,321.8221620061398
57,321.8221620061398
58,321.4631277136603
59,321.35714000898827
60,321.35714000898827
61,321.35714000898827
62,321.35714000898827
63,321.2981036155579
64,321.2981036155579
65,321.2647535368709
66,321.2647535368709
67,321.0274819108796
68,321.0274819108796
69,320.9813396651746
70,320.9813396651746
71,320.9813396651746
72,320.9813396651746
73,320.9813396651746
74,320.9813396651746
75,320.9813396651746
76,320.9813396651746
77,320.9813396651746
78,320.9813396651746
79,320.9813396651746
80,320.9813396651746
81,320.9813396651746
82,320.9813396651746
83,320.9813396651746
84,320.9813396651746
85,320.9813396651746
86,320.9813396651746
87,320.9813396651746
88,320.9813396651746
89,320.9813396651746
90,320.9813396651746
91,320.9813396651746
92,320.9813396651746
93,320.9345516890858
94,320.9345516890858
95,320.9345516890858
96,320.9345516890858
97,320.9345516890858
98,320.9345516890858
99,320.9345516890858
100,320.9345516890858
101,320.9345516890858
102,320.9345516890858
103,320.9345516890858
104,320.9345516890858
105,320.9345516890858
106,320.9345516890858
107,320.86114813387616
108,320.86114813387616
109,320.86114813387616
110,320.82878878850863
111,320.82878878850863
112,320.7155896032744
113,320.7155896032744
114,320.7155896032744
