epoch,fitness
0,1226.2125865595335
1,1224.0394328100674
2,650.9784786236208
3,603.7090064034754
4,589.7632419899205
5,584.6519928150141
6,578.5787545984299
7,578.5787545984299
8,578.2582125617513
9,576.1029046164141
10,576.1029046164141
11,574.670964635589
12,574.670964635589
13,570.2505503780372
14,570.2505503780372
15,567.710442675567
16,567.710442675567
17,567.710442675567
18,567.710442675567
19,567.5843903474336
20,560.7218826507108
21,560.7218826507108
22,556.4618670966352
23,556.4618670966352
24,556.4618670966352
25,552.3540786598745
26,552.3540786598745
27,552.3540786598745
28,550.9271761631645
29,546.2981865855127
30,546.2981865855127
31,546.2981865855127
32,546.2981865855127
33,542.1029814535425
34,542.1029814535425
35,540.362283831777
36,540.362283831777
37,540.18315590142
38,539.559208567007
39,535.5218682549136
40,535.5023056078187
41,533.4845870428095
42,533.4845870428095
43,533.4845870428095
44,533.4845870428095
45,533.4845870428095
46,533.4657324507225
47,533.4657324507225
48,528.6164293056609
