epoch,fitness
0,1144.8237665976317
1,1117.989979306496
2,690.3080585426592
3,493.8862878021122
4,443.4722972029268
5,434.74293262091453
6,434.74293262091453
7,434.14341624343257
8,434.14341624343257
9,434.14341624343257
10,434.14341624343257
11,434.14341624343257
12,434.14341624343257
13,431.7845050098355
14,431.20608410019935
15,430.32660119878136
16,427.4849707886684
17,424.95073126513995
18,424.95073126513995
19,424.95073126513995
20,422.9326988507402
21,421.3396278935892
22,421.3396278935892
23,421.3396278935892
24,421.3396278935892
25,421.3396278935892
26,419.4634557837394
27,419.4589135020129
28,419.4589135020129
29,419.4589135020129
30,419.4589135020129
31,417.2347659569015
32,417.2347659569015
33,412.20189652097855
34,412.20189652097855
35,412.20189652097855
36,410.4876633977212
37,410.4876633977212
38,410.4876633977212
39,410.4876633977212
40,410.4876633977212
41,410.4876633977212
42,410.4876633977212
43,410.4876633977212
44,410.4876633977212
45,410.4876633977212
46,410.3286314174106
47,410.3286314174106
48,410.3286314174106
49,409.7599458239368
50,407.2981452387088
51,404.0970006907811
52,404.0970006907811
53,403.66401956609053
54,403.5347018382328
55,403.4184004906071
56,403.4184004906071
57,403.4184004906071
58,403.4184004906071
59,403.4184004906071
60,403.4184004906071
61,403.4184004906071
62,403.4184004906071
63,403.4184004906071
64,403.4184004906071
65,403.4184004906071
