epoch,fitness
0,1192324.1505999898
1,564.9122397012867
2,434.9909073859814
3,434.9909073859814
4,433.47309214755074
5,333.906952308081
6,323.25003146454196
7,323.25003146454196
8,323.25003146454196
9,323.25003146454196
10,323.1769856146883
11,322.46443274906306
12,322.414331566499
13,322.099433528867
14,322.099433528867
15,322.099433528867
16,322.099433528867
17,322.099433528867
18,322.099433528867
19,322.099433528867
20,322.099433528867
21,322.099433528867
22,322.099433528867
23,322.099433528867
24,322.099433528867
25,322.099433528867
26,322.099433528867
27,322.099433528867
28,322.0246510415267
29,322.0246510415267
30,322.0246510415267
31,322.0246510415267
32,322.0246510415267
33,321.4337169354228
34,321.4337169354228
35,321.4337169354228
36,321.4337169354228
37,321.4337169354228
38,321.4337169354228
39,321.4337169354228
40,321.0612578677652
41,321.0612578677652
42,321.0612578677652
43,321.0612578677652
44,321.0612578677652
45,321.0612578677652
46,321.0612578677652
47,321.0612578677652
48,321.0612578677652
49,321.0612578677652
50,321.0612578677652
51,321.0612578677652
52,321.0612578677652
53,321.0612578677652
54,321.0612578677652
55,321.0612578677652
56,321.0612578677652
57,321.0612578677652
58,321.0612578677652
59,321.03591689307876
60,321.03591689307876
61,321.03591689307876
62,321.03591689307876
63,321.03591689307876
64,321.03591689307876
65,321.03591689307876
66,321.03591689307876
67,321.03591689307876
68,321.03591689307876
69,321.03591689307876
70,320.92761359183146
71,320.84223107465084
72,320.84223107465084
73,320.84223107465084
74,320.84223107465084
75,320.84223107465084
76,320.80618370753325
77,320.80618370753325
78,320.80618370753325
79,320.80618370753325
80,320.80618370753325
81,320.80618370753325
82,320.80618370753325
83,320.80618370753325
84,320.80618370753325
85,320.80618370753325
86,320.80618370753325
87,320.80618370753325
88,320.5961491923049
89,320.5961491923049
90,320.5961491923049
91,320.5961491923049
92,320.5961491923049
93,320.5961491923049
94,320.5961491923049
95,320.5012622638009
96,320.5012622638009
97,320.5012622638009
98,320.5012622638009
99,320.5012622638009
100,320.5012622638009
101,320.5012622638009
102,320.5012622638009
103,320.5012622638009
104,320.5012622638009
105,320.5012622638009
106,320.5012622638009
107,320.5012622638009
108,320.5012622638009
109,320.5012622638009
110,320.5012622638009
111,320.5012622638009
112,320.5012622638009
113,320.5012622638009
