epoch,fitness
0,1965891.4351990607
1,9832.402337344995
2,440.67492968338337
3,407.61163022663214
4,407.61163022663214
5,407.61163022663214
6,407.61163022663214
7,407.61163022663214
8,407.61163022663214
9,407.1538010268775
10,407.1538010268775
11,407.1538010268775
12,407.1538010268775
13,407.0609746356562
14,407.0609746356562
15,407.0609746356562
16,407.0609746356562
17,407.0609746356562
18,406.81263488300243
19,406.81263488300243
20,406.6391422660417
21,406.6391422660417
22,406.6391422660417
23,406.6391422660417
24,406.6391422660417
25,406.61845182509
26,406.61845182509
27,406.61845182509
28,406.31167575920244
29,406.31167575920244
30,406.31167575920244
31,406.31167575920244
32,406.31167575920244
33,406.31167575920244
34,406.31167575920244
35,406.31167575920244
36,406.31167575920244
37,406.31167575920244
38,406.31167575920244
39,406.31167575920244
40,406.31167575920244
41,406.31167575920244
42,406.31167575920244
43,406.31167575920244
44,406.31167575920244
45,406.31167575920244
46,406.31167575920244
47,406.31167575920244
48,406.31167575920244
49,406.31167575920244
50,406.31167575920244
51,406.31167575920244
52,406.31167575920244
53,406.31167575920244
54,406.31167575920244
55,406.31167575920244
56,406.31167575920244
57,406.31167575920244
58,406.31167575920244
59,406.31167575920244
60,406.31167575920244
61,406.31167575920244
62,406.31167575920244
63,406.31167575920244
64,406.1006757693514
65,406.1006757693514
66,406.1006757693514
67,406.1006757693514
68,406.1006757693514
69,406.1006757693514
70,406.1006757693514
71,406.1006757693514
72,406.1006757693514
73,406.1006757693514
74,406.1006757693514
75,406.1006757693514
76,406.1006757693514
77,406.1006757693514
78,406.1006757693514
79,406.1006757693514
80,406.1006757693514
81,406.1006757693514
82,406.1006757693514
83,406.1006757693514
84,406.1006757693514
85,406.1006757693514
86,406.1006757693514
87,406.1006757693514
88,406.1006757693514
89,406.1006757693514
90,406.1006757693514
91,406.0513597489663
92,406.0513597489663
93,406.0513597489663
94,406.0513597489663
95,406.0513597489663
96,406.0513597489663
97,406.0513597489663
98,406.0513597489663
99,406.0513597489663
100,406.0513597489663
101,406.0513597489663
102,406.0513597489663
