epoch,fitness
0,1363.2892134384886
1,1121.7302994306096
2,783.6667422658987
3,746.4898958189666
4,693.8241528986849
5,693.182616487342
6,686.3190390991294
7,686.3190390991294
8,675.0977409259881
9,652.2443698681747
10,647.8152252804592
11,647.8152252804592
12,647.8152252804592
13,647.6787117832606
14,647.6787117832606
15,647.02023555511
16,647.02023555511
17,645.9828765996664
18,645.9828765996664
19,645.9828765996664
20,645.9828765996664
21,645.9828765996664
22,644.658943829249
23,644.658943829249
24,644.658943829249
25,644.1202738897315
26,633.5546754245172
27,633.5546754245172
28,633.1244106861127
29,632.7700783649258
30,632.7177985774168
31,631.4090292980089
32,631.4090292980089
33,631.4090292980089
34,629.9164177849514
35,629.9164177849514
36,629.3608907816225
37,628.4286412216845
38,628.0195577296201
39,624.1801853532786
40,624.1801853532786
41,624.1801853532786
42,624.147681160575
43,623.7702106478715
44,623.7702106478715
45,623.7702106478715
46,623.7702106478715
47,623.7702106478715
