epoch,fitness
0,1198.8470777426114
1,1193.4533345553775
2,1004.5111527419573
3,496.0161925374743
4,494.1137552776514
5,491.78487783124103
6,482.9779069667337
7,482.9779069667337
8,482.9779069667337
9,482.9779069667337
10,478.7526891801117
11,478.7526891801117
12,478.2808660332861
13,470.50295069212257
14,468.9922009130166
15,468.9922009130166
16,468.9922009130166
17,468.9922009130166
18,468.7489853283106
19,468.7489853283106
