epoch,fitness
0,215.45187772129552
1,215.45187772129552
2,202.27919487594704
3,202.27919487594704
4,201.67065314058067
5,199.938638949473
6,199.938638949473
7,199.938638949473
8,199.938638949473
9,199.938638949473
10,199.938638949473
11,178.87044109293484
12,161.11314845257186
13,155.2036818515515
14,149.7837862655956
15,149.7837862655956
16,147.64229262376816
17,144.4258178275826
18,144.4258178275826
19,144.3496690065647
20,144.3496690065647
21,144.3496690065647
22,144.3496690065647
23,144.33849561398466
24,144.2068865106602
25,144.2068865106602
26,142.52774742593883
27,142.49504705520113
28,142.40125346125888
29,142.40125346125888
30,142.40125346125888
31,142.40125346125888
32,142.40125346125888
33,142.32214440466632
34,142.32214440466632
35,140.78852126448564
36,140.78852126448564
37,140.78852126448564
38,140.78852126448564
39,140.78852126448564
40,140.78852126448564
41,140.78852126448564
42,140.78852126448564
43,139.90287917347888
44,139.90287917347888
45,139.56617552494833
46,139.56617552494833
47,139.56617552494833
48,139.56617552494833
49,138.96883235656017
50,138.96883235656017
51,138.96883235656017
52,137.93381514635155
53,137.81691721784424
54,137.81691721784424
55,136.07063340470717
56,136.07063340470717
57,136.07063340470717
58,136.07063340470717
59,136.07063340470717
60,136.07063340470717
61,136.07063340470717
62,136.07063340470717
63,136.07063340470717
64,136.07063340470717
65,136.07063340470717
66,136.07063340470717
67,135.8832288707462
68,135.8832288707462
69,135.8832288707462
70,135.8832288707462
