epoch,fitness
0,742.5477922068644
1,577.437887338513
2,471.90612635510274
3,355.6581337400896
4,352.40877297020745
5,350.0529228218762
6,350.0529228218762
7,348.4273038824134
8,346.3649138848361
9,346.12412222833905
10,344.6711483877734
11,344.6711483877734
12,344.6711483877734
13,341.798157440504
14,341.78102140466046
15,340.8801029063608
16,340.8801029063608
17,340.43638222130414
18,340.43638222130414
19,340.43638222130414
20,340.43638222130414
21,339.28664895395156
22,339.28664895395156
23,338.24681298450093
24,338.0172504926514
25,338.0172504926514
26,336.8794321764707
27,335.27250865146664
28,335.27250865146664
29,334.47747317447045
30,334.47747317447045
31,333.9761191917147
32,333.9761191917147
33,333.5724613155744
34,333.2062830160708
35,332.5753850685342
36,331.07277862332523
37,331.07277862332523
38,331.07277862332523
39,331.07277862332523
40,330.0408354948777
41,329.41181133886846
42,329.41181133886846
43,328.9830540117193
44,328.9830540117193
45,328.4231361395982
46,328.4231361395982
47,328.1344968612096
48,328.0857646511309
49,327.7214762969809
50,327.33378096643946
51,327.33378096643946
52,327.33378096643946
53,326.4531220612543
54,326.4531220612543
55,326.4531220612543
56,324.27849893544766
