epoch,fitness
0,733.4986011222979
1,447.46126728358405
2,373.86038248739436
3,366.67048691619755
4,361.6953523600909
5,360.0262807683219
6,358.12808410749017
7,356.7670787012907
8,355.98573564147654
9,354.4896176381507
10,354.4896176381507
11,351.03979862272064
12,351.03979862272064
13,350.9886134941572
14,350.3379807382261
15,350.3379807382261
16,349.9379430388709
17,349.1563272703132
18,348.50364946626206
19,348.50364946626206
20,348.22624753904586
21,348.22624753904586
22,347.8657630745411
23,347.8657630745411
24,345.27940726195436
25,345.27940726195436
26,344.87123447087424
27,344.65782244996564
28,343.58031374536387
29,343.58031374536387
30,343.2908206468251
31,341.30972426074555
32,341.30972426074555
33,341.30972426074555
34,341.30972426074555
35,341.30972426074555
36,341.30972426074555
37,340.97998573880614
38,340.97998573880614
39,340.97998573880614
40,340.97998573880614
41,340.71111065191093
42,340.6742938944206
43,339.6213458209295
44,339.4668882122155
45,339.3905405166253
46,338.94771950547005
47,338.91713822030783
48,338.91713822030783
49,338.34425804614676
50,338.34425804614676
51,338.34425804614676
52,337.615354055255
53,337.615354055255
54,337.615354055255
55,337.615354055255
