epoch,fitness
0,743.4178775712023
1,515.4441513235847
2,423.99453737580376
3,361.0095571010679
4,361.0095571010679
5,350.89864475778927
6,350.89864475778927
7,350.34612066587397
8,350.34612066587397
9,349.46215977262864
10,345.4961522422844
11,345.4961522422844
12,345.4961522422844
13,319.8906259628142
14,319.0233944709264
15,318.0024649273107
16,318.0024649273107
17,317.22244758918725
18,317.22244758918725
19,317.22244758918725
20,316.3845721323994
21,315.5160541230204
22,314.42638043201987
23,314.42638043201987
24,314.42638043201987
25,312.19389147645177
26,312.06421301180364
27,312.06421301180364
28,312.06421301180364
29,311.94106611618446
30,311.6957595759698
31,311.6957595759698
32,311.6957595759698
33,311.6957595759698
34,311.6957595759698
35,311.6957595759698
36,311.6957595759698
37,311.6957595759698
38,311.6957595759698
39,311.6893164793402
40,311.60637476259353
41,311.60637476259353
42,311.60637476259353
43,311.60637476259353
44,311.60637476259353
45,311.60637476259353
46,310.5813393170654
47,310.5813393170654
48,310.22080605977374
49,309.83866016850834
50,309.83866016850834
51,309.83866016850834
52,309.83866016850834
53,308.88866013874105
54,308.88866013874105
55,308.4337884892595
56,308.4337884892595
57,308.4337884892595
