epoch,fitness
0,733.2015478060624
1,641.8027480527428
2,355.26512699113016
3,303.1202332826
4,303.1202332826
5,291.50344249506156
6,289.7245362585008
7,289.7245362585008
8,289.39733887704114
9,288.1877959459375
10,288.1877959459375
11,288.1877959459375
12,287.04816315884034
13,286.34655245555894
14,284.2132310403531
15,284.1881578115911
16,282.1943517302152
17,282.1943517302152
18,281.82508120520913
19,281.79612412055855
20,281.7448829984655
21,279.59309935701657
22,279.59309935701657
23,279.03829367711853
24,279.03829367711853
25,278.3905038383439
26,278.3905038383439
27,278.3905038383439
28,278.3905038383439
29,278.3905038383439
30,278.3905038383439
31,278.3905038383439
32,277.1898930466343
33,276.94377865299805
34,276.94377865299805
35,276.94377865299805
36,276.91064061349647
37,276.91064061349647
38,276.91064061349647
39,276.91064061349647
40,276.91064061349647
41,276.91064061349647
42,276.91064061349647
43,276.91064061349647
44,276.91064061349647
45,276.91064061349647
46,276.91064061349647
47,276.91064061349647
48,276.91064061349647
49,276.91064061349647
50,276.91064061349647
51,276.91064061349647
52,276.91064061349647
53,276.91064061349647
54,276.91064061349647
55,276.91064061349647
56,276.91064061349647
57,276.91064061349647
