epoch,fitness
0,416.4999398683349
1,295.33317585121506
2,230.67515753569768
3,214.26690392489024
4,214.2071750200396
5,212.57654413067576
6,194.87285061205156
7,193.59046810915805
8,192.60681509033935
9,192.3456299370578
10,191.55412187050896
11,191.4795257050122
12,191.4795257050122
13,190.91992183051673
14,190.91992183051673
15,190.22027122265953
16,190.22027122265953
17,189.81405780337724
18,189.81405780337724
19,189.2898902520717
20,189.2898902520717
21,189.2898902520717
22,189.2898902520717
23,189.2898902520717
24,189.2898902520717
25,189.2898902520717
26,189.03917136100063
27,188.51834863346167
28,188.39541697217246
29,188.39541697217246
30,187.58419234645024
31,187.4542932653962
32,187.4542932653962
33,187.04807982822783
34,187.04807982822783
35,187.04807982822783
36,187.01602001980996
37,186.3976363751631
38,186.3560772367429
39,185.94298724622965
40,185.37970238938524
41,185.37970238938524
42,185.37970238938524
43,185.37970238938524
44,185.00716693205155
45,185.0027406144431
46,184.04032368053342
47,184.04032368053342
48,184.04032368053342
49,183.8515926788611
50,183.8515926788611
