epoch,fitness
0,1669.3361548241764
1,1495.0971397769993
2,734.8521094350458
3,563.68449150093
4,524.0346957866951
5,511.1560505477935
6,506.8490916084313
7,501.5900984149494
8,498.8623903556841
9,498.8623903556841
10,498.0100111987669
11,493.8728044685132
12,493.32073414250465
13,489.03575466645293
14,488.9078663306809
15,488.9078663306809
16,488.9078663306809
17,485.1823785139746
18,485.1823785139746
19,485.1823785139746
20,485.1823785139746
21,485.1823785139746
22,483.79491933770385
23,483.79491933770385
24,482.5189331061198
25,482.3801330324775
26,478.62109965692554
27,478.62109965692554
28,478.62109965692554
29,478.62109965692554
30,478.62109965692554
31,478.62109965692554
32,478.62109965692554
33,478.25248097528214
34,476.19278265722386
35,476.19278265722386
36,475.2657323267559
37,474.52989343341085
38,474.52989343341085
39,474.52989343341085
40,474.37008993733997
41,474.37008993733997
42,472.12345844188434
43,472.12345844188434
44,472.12345844188434
45,472.12345844188434
46,472.12345844188434
47,472.12345844188434
48,472.12345844188434
49,472.12345844188434
50,472.12345844188434
51,472.12345844188434
52,472.12345844188434
53,472.12345844188434
54,472.12345844188434
55,472.12345844188434
56,472.12345844188434
57,472.12345844188434
58,472.12345844188434
