epoch,fitness
0,1178.654725217722
1,891.5737257840866
2,804.9520447455169
3,602.5517644550334
4,602.5517644550334
5,595.3174898010157
6,592.6319256000514
7,592.2623669497555
8,586.4185530679903
9,586.4185530679903
10,586.4185530679903
11,586.2385252371497
12,584.2890824431252
13,584.2890824431252
14,583.2102847879552
15,582.093152492817
16,582.093152492817
17,580.8835593067904
18,580.8835593067904
19,580.8835593067904
20,575.9269987940327
21,571.4719811988465
22,571.4719811988465
23,570.5202026409838
24,567.9987878294044
25,567.9987878294044
26,567.8855337229804
27,567.8855337229804
28,567.4698619180364
29,567.4698619180364
30,565.1183914540874
31,564.6607799701687
32,556.6272688551317
33,556.6272688551317
34,555.9635820297736
35,552.5681874732281
36,552.5681874732281
37,552.5681874732281
38,552.5681874732281
39,552.5681874732281
40,552.5681874732281
41,552.4620089266905
42,552.0610977153276
43,551.8093037381535
44,550.0781634253776
45,550.0781634253776
46,550.0781634253776
47,550.0781634253776
48,550.0781634253776
49,550.0781634253776
50,549.2475009996763
51,549.2475009996763
52,548.8299978788169
53,548.8299978788169
54,548.8299978788169
55,548.3980747404783
56,548.3980747404783
57,548.3980747404783
58,548.1339569513735
59,547.6628365990754
60,547.5415378613565
61,547.5415378613565
62,547.5415378613565
63,547.1845850251669
64,546.9597077726046
65,546.9597077726046
66,546.9597077726046
67,546.9597077726046
68,546.9597077726046
