epoch,fitness
0,1157.3580244326852
1,796.8056737187175
2,633.3406299157201
3,608.9443388534265
4,590.6175416490477
5,588.994240119421
6,588.8627425819216
7,587.6246344565409
8,585.7328858970424
9,585.3611812129004
10,585.3611812129004
11,585.3611812129004
12,585.3611812129004
13,585.3611812129004
14,585.3611812129004
15,579.8933789901499
16,578.8088754826553
17,577.7468908599473
18,576.8773776554659
19,576.8773776554659
20,576.3746189804607
21,575.0394532561124
22,573.5408656188531
23,572.6772193124232
24,572.6772193124232
25,572.2731994902526
26,571.4572992815703
27,571.4572992815703
28,569.4331304116608
29,569.1644477133849
30,568.4755336718741
31,568.4755336718741
32,568.4755336718741
33,567.4558701557419
34,565.0849460413673
35,565.0849460413673
36,564.2685727337125
37,562.500374636292
38,561.8038875869927
39,561.8038875869927
40,559.8782291956533
41,559.8782291956533
42,559.8782291956533
43,559.8782291956533
44,559.8782291956533
45,559.2802981325505
46,558.0837624295443
47,558.0837624295443
48,558.0837624295443
49,558.0837624295443
50,558.0837624295443
51,558.0837624295443
