epoch,fitness
0,1387.613927325062
1,659.3060836040887
2,645.4879165610802
3,645.4879165610802
4,631.8157800060137
5,567.771220200584
6,567.771220200584
7,567.771220200584
8,567.771220200584
9,562.1801758912795
10,562.1801758912795
11,562.1801758912795
12,562.1801758912795
13,562.1801758912795
14,562.1801758912795
15,562.1801758912795
16,562.1801758912795
17,562.1801758912795
18,562.1801758912795
19,562.1801758912795
20,562.1801758912795
21,562.1801758912795
22,562.1801758912795
23,562.1801758912795
24,562.1801758912795
25,562.1801758912795
26,562.1801758912795
27,562.1801758912795
28,562.0949962243353
29,562.0949962243353
30,562.0949962243353
31,562.0949962243353
32,562.0949962243353
33,562.0949962243353
34,562.0949962243353
35,562.0949962243353
36,562.0949962243353
37,562.0949962243353
38,562.0949962243353
39,562.0949962243353
40,562.0949962243353
41,562.0949962243353
42,562.0949962243353
43,562.0949962243353
44,562.0949962243353
45,562.0949962243353
46,562.0949962243353
47,562.0949962243353
48,562.0949962243353
49,562.0949962243353
50,562.0949962243353
51,562.0949962243353
52,562.0949962243353
53,562.0949962243353
54,562.0949962243353
55,562.0949962243353
56,562.0949962243353
57,562.0949962243353
58,562.0949962243353
59,562.0949962243353
60,562.0949962243353
61,562.0949962243353
62,562.0949962243353
63,562.0949962243353
64,562.0949962243353
65,562.0949962243353
66,562.0949962243353
67,562.0949962243353
68,562.0949962243353
69,562.0949962243353
70,562.0949962243353
71,562.0949962243353
72,562.0949962243353
73,562.0949962243353
74,562.0949962243353
75,562.0949962243353
76,562.0949962243353
77,562.0949962243353
78,562.0949962243353
79,562.0949962243353
80,562.0949962243353
81,562.0949962243353
82,562.0949962243353
83,562.0949962243353
84,562.0949962243353
85,562.0949962243353
86,562.0949962243353
