epoch,fitness
0,1372.0290418654636
1,1257.1776243911042
2,1098.9464113177019
3,668.399790438554
4,661.3977949793825
5,652.5624954468573
6,648.9632971722253
7,647.2654614223907
8,647.2654614223907
9,647.0654929009108
10,643.560964527759
11,643.3597248820764
12,643.3004929917686
13,640.3856581897762
14,640.0534799652285
15,639.7481084194518
16,638.6282931334507
17,636.9368535395749
18,636.1832322042831
19,636.116943328448
20,635.1467474462137
21,630.1707856291788
22,628.9802270923313
23,628.9802270923313
24,628.9802270923313
25,628.9802270923313
26,627.6091193967679
27,627.5767626085434
28,626.0366725246566
29,625.3029031654413
30,624.5254537876395
31,624.5254537876395
32,624.5254537876395
33,622.2921632441544
34,622.2921632441544
35,621.7963646084816
36,621.7230679353439
37,617.9022379967508
38,617.9022379967508
39,617.9022379967508
40,612.186808237101
41,612.186808237101
42,612.186808237101
43,610.3158637043947
44,610.1014665234802
45,609.6635375262758
46,609.5536105995208
47,608.0991646075427
48,608.0991646075427
49,607.7256406202558
50,607.5065704943838
51,607.5065704943838
