epoch,fitness
0,963.3331161385879
1,708.0864161303954
2,673.1199530828525
3,432.8297914381655
4,419.6617096790895
5,419.6617096790895
6,419.6617096790895
7,414.91372442181626
8,413.15103544892406
9,408.6597576055171
10,399.7198672945444
11,395.3289789431324
12,395.3289789431324
13,395.3289789431324
14,395.3289789431324
15,391.24536442822307
16,391.24536442822307
17,391.24536442822307
18,390.42023480044145
19,390.42023480044145
20,390.42023480044145
21,390.42023480044145
22,390.42023480044145
23,390.42023480044145
24,390.42023480044145
25,390.42023480044145
26,390.42023480044145
27,390.42023480044145
28,390.42023480044145
29,390.42023480044145
30,390.42023480044145
31,390.42023480044145
32,390.42023480044145
33,390.42023480044145
34,390.42023480044145
35,390.42023480044145
36,390.42023480044145
37,390.42023480044145
38,390.42023480044145
39,390.42023480044145
40,390.42023480044145
41,390.42023480044145
42,390.42023480044145
43,390.42023480044145
44,390.42023480044145
45,390.42023480044145
46,390.42023480044145
47,390.42023480044145
48,390.42023480044145
49,390.42023480044145
50,390.42023480044145
51,390.42023480044145
52,390.31284544838377
53,390.31284544838377
54,390.31284544838377
55,390.31284544838377
56,390.31284544838377
57,390.31284544838377
58,390.31284544838377
59,390.31284544838377
60,390.31284544838377
61,390.31284544838377
62,390.31284544838377
63,390.31284544838377
64,390.31284544838377
65,390.31284544838377
66,390.31284544838377
67,390.31284544838377
68,390.31284544838377
69,390.31284544838377
70,390.31284544838377
71,390.31284544838377
72,390.31284544838377
73,390.31284544838377
74,390.31284544838377
75,390.31284544838377
76,390.31284544838377
77,390.31284544838377
78,390.31284544838377
79,390.31284544838377
80,390.31284544838377
81,390.31284544838377
82,390.31284544838377
83,390.31284544838377
84,390.31284544838377
85,390.31284544838377
86,390.31284544838377
87,390.31284544838377
88,390.31284544838377
89,390.31284544838377
90,390.31284544838377
91,390.31284544838377
92,390.31284544838377
93,390.31284544838377
94,390.31284544838377
95,390.31284544838377
96,390.31284544838377
97,390.31284544838377
98,390.31284544838377
99,390.31284544838377
100,390.31284544838377
101,390.31284544838377
102,390.31284544838377
103,390.31284544838377
104,390.31284544838377
105,390.31284544838377
106,390.31284544838377
107,390.31284544838377
108,390.31284544838377
