epoch,fitness
0,936.9827143819623
1,813.5058793132644
2,476.0568023041789
3,450.10941431993257
4,442.9614085185975
5,442.58406549197434
6,441.62553925536093
7,441.62553925536093
8,440.71824177772896
9,440.5059916074921
10,440.35523623347115
11,439.9585757974993
12,438.2400491798671
13,436.69912156952597
14,436.69912156952597
15,436.69912156952597
16,435.6791373411126
17,435.6791373411126
18,435.6791373411126
19,435.5836429534154
20,435.19382149526746
21,434.6627233052218
22,434.6627233052218
23,433.63167105107885
24,433.4887519605762
25,433.15397565901736
26,433.15397565901736
27,433.04072940087366
28,432.4584523503435
29,432.21173762045566
30,431.9236076277393
31,431.4949983671362
32,431.4949983671362
33,431.4949983671362
34,431.4949983671362
35,431.4949983671362
36,431.3021139065958
37,430.93955371297767
38,430.93955371297767
39,430.71922527638526
40,430.71922527638526
41,428.867535417271
42,428.867535417271
43,428.867535417271
44,428.867535417271
45,427.2288687051103
46,427.07755997658285
47,427.0153207115791
48,426.6975463429105
49,426.6975463429105
50,426.6975463429105
51,426.6975463429105
52,426.440416544607
53,426.37511938082633
54,426.0804362823159
55,425.69757634513616
56,425.6587741421887
57,425.6587741421887
