epoch,fitness
0,748.7790309876552
1,738.9166443550016
2,665.7941019805562
3,423.6466254106207
4,356.85771167865204
5,332.9905437629823
6,316.8852324826334
7,316.4672705563464
8,312.3798758143787
9,311.7184573022128
10,308.6498781736731
11,308.1545486934116
12,308.1545486934116
13,308.1545486934116
14,306.8578913459497
15,304.44922002915104
16,304.44922002915104
17,304.44922002915104
18,304.44922002915104
19,304.44922002915104
20,304.44922002915104
21,304.44922002915104
22,304.44922002915104
23,304.44922002915104
24,304.44922002915104
25,304.44922002915104
26,304.2879772966769
27,304.2879772966769
28,304.2879772966769
29,304.2879772966769
30,304.2879772966769
31,304.2879772966769
32,304.2879772966769
33,304.2879772966769
34,304.2879772966769
35,304.2879772966769
36,304.25688996726655
37,303.6223988073093
38,303.6223988073093
39,303.6223988073093
40,303.6223988073093
41,303.6223988073093
42,303.6223988073093
43,303.60282921679317
44,303.5835563777822
45,303.5835563777822
46,303.1801319360652
47,303.1801319360652
48,299.6891356803228
49,299.6891356803228
50,297.46945984715484
51,297.46945984715484
52,297.3598036200152
53,297.3598036200152
54,297.3598036200152
55,297.20047362426345
56,297.20047362426345
57,297.20047362426345
58,295.670109208956
59,295.670109208956
60,295.670109208956
61,295.670109208956
62,295.670109208956
63,295.670109208956
64,295.670109208956
65,295.670109208956
66,295.670109208956
67,295.670109208956
68,295.06534515594547
69,295.06534515594547
70,295.06534515594547
71,295.06534515594547
72,295.06534515594547
73,295.06534515594547
74,295.06534515594547
75,295.06534515594547
76,291.21003059242304
