epoch,fitness
0,497.1687382734385
1,479.03345067306924
2,466.958647246965
3,429.9395540643628
4,428.2757128005184
5,375.2086827559475
6,261.25025296259446
7,248.28131753598035
8,239.24957359363134
9,237.51471750304142
10,237.51471750304142
11,233.4095345043195
12,232.52590827563392
13,230.64658409746372
14,230.64658409746372
15,230.64658409746372
16,230.64658409746372
17,230.64658409746372
18,230.64658409746372
19,230.64658409746372
20,230.64658409746372
21,230.64658409746372
22,230.64658409746372
23,230.64658409746372
24,230.64658409746372
25,230.64658409746372
26,230.64658409746372
27,230.64658409746372
28,230.64658409746372
29,230.64658409746372
30,230.4886020066398
31,230.4886020066398
32,230.4886020066398
33,230.4886020066398
34,230.4886020066398
35,230.4886020066398
36,230.4886020066398
37,230.4886020066398
38,230.4886020066398
39,230.4886020066398
40,230.4886020066398
41,230.4886020066398
42,230.4886020066398
43,230.4886020066398
44,230.4886020066398
45,230.4886020066398
46,230.4886020066398
47,230.41347635313682
48,230.41347635313682
49,230.41347635313682
50,230.41347635313682
51,230.41347635313682
52,230.41347635313682
53,230.41347635313682
54,230.41347635313682
55,230.41347635313682
56,228.78894650550475
57,228.78894650550475
58,228.78894650550475
59,228.78894650550475
60,228.78894650550475
61,228.78894650550475
62,228.78894650550475
