epoch,fitness
0,1090.5074099885903
1,1013.0531589593965
2,816.684306815174
3,686.5561097649431
4,592.8749477750163
5,586.4145983782895
6,583.2199626764152
7,573.8276560717394
8,571.5155443815086
9,570.2205042693535
10,569.8344242179826
11,566.6474915841221
12,560.0937801479251
13,560.0937801479251
14,558.1292707367602
15,556.3582232830273
16,555.5254142868818
17,554.7390958186546
18,508.17365210233396
19,508.1314369895116
20,508.1314369895116
21,506.67238046385836
22,506.38656638387937
23,506.24807493167236
24,505.69757066629654
25,504.89984099678674
26,504.89984099678674
27,504.8845106830936
28,503.65890444539224
29,503.65890444539224
30,503.37371093714364
31,503.37371093714364
32,503.03996784051327
33,503.03996784051327
34,503.03996784051327
35,503.03996784051327
36,503.03996784051327
37,503.03996784051327
38,503.0069601103588
39,502.08628005179236
40,501.4649813252869
41,501.38931214580526
42,501.38931214580526
43,501.38931214580526
44,500.5451432858681
45,500.5451432858681
46,500.482935494119
47,499.781302062017
48,498.0368020294457
49,498.0368020294457
50,497.55804757986704
51,497.55804757986704
52,497.55804757986704
53,497.55804757986704
54,497.55804757986704
55,497.55804757986704
