epoch,fitness
0,1054.9869275794256
1,962.669768667116
2,597.5267044054386
3,531.7190545284636
4,528.3588489534113
5,520.7277066399271
6,519.0606748456596
7,517.9309169492105
8,517.9309169492105
9,517.9309169492105
10,516.7732088844657
11,505.9701730200672
12,505.9701730200672
13,503.08147371928413
14,501.34157747504247
15,501.34157747504247
16,501.00717176337514
17,500.1071296143486
18,498.71930279855167
19,498.71930279855167
20,495.7759342470058
21,495.7759342470058
22,495.7759342470058
23,494.011722246136
24,493.44898427783716
25,492.82539646510946
26,492.82539646510946
27,492.82539646510946
28,491.9276640460514
29,491.9276640460514
30,491.39711572520457
31,491.249134141804
32,491.249134141804
33,491.09870099905726
34,488.75511935763603
35,488.59119506589263
36,488.59119506589263
37,488.59119506589263
38,488.59119506589263
39,488.59119506589263
40,488.20275450803024
41,488.20275450803024
42,488.20275450803024
43,488.20275450803024
44,488.20275450803024
45,486.63353301867636
46,486.47638842219044
47,486.47638842219044
48,485.7582663348196
49,485.17182480555937
50,481.9057233650658
