epoch,fitness
0,864.2973322389286
1,857.8699871249369
2,856.9338880140823
3,713.0317578930106
4,612.6240493310821
5,438.30998416266965
6,362.8387630882466
7,360.7184569228839
8,357.8785340404114
9,354.8609403921598
10,352.60867902894296
11,348.19111776737844
12,347.8464465411811
13,347.8464465411811
14,347.8464465411811
15,347.8464465411811
16,347.8464465411811
17,347.51012477839697
18,347.51012477839697
19,347.2412203938243
20,347.2412203938243
21,347.2412203938243
22,347.2412203938243
23,346.46720581920493
24,346.46720581920493
25,346.46720581920493
26,346.46720581920493
27,346.46720581920493
28,345.8505655235504
29,345.42463962252987
30,343.3445036694199
31,339.17302445205814
32,339.17302445205814
33,339.17302445205814
34,339.17302445205814
35,339.17302445205814
36,339.17302445205814
37,339.17302445205814
38,339.17302445205814
39,339.17302445205814
40,339.17302445205814
41,339.17302445205814
42,339.17302445205814
43,339.17302445205814
44,339.17302445205814
45,339.17302445205814
46,339.08985208623835
47,337.37778734846114
48,337.37778734846114
49,337.37778734846114
50,337.37778734846114
51,337.37778734846114
52,337.37778734846114
53,337.1669363021306
54,337.1669363021306
55,337.1669363021306
56,337.1669363021306
57,337.1669363021306
58,337.1669363021306
59,337.1669363021306
60,337.1669363021306
61,337.1669363021306
62,337.1669363021306
63,337.1619229648201
64,337.1619229648201
65,336.92050615712924
66,336.92050615712924
67,336.92050615712924
68,336.92050615712924
