epoch,fitness
0,132.89213671810913
1,95.16229101576336
2,73.97855018733392
3,73.14026105247764
4,72.49299508707985
5,72.49299508707985
6,72.42476766272344
7,72.42476766272344
8,72.13478333687769
9,72.13478333687769
10,72.13478333687769
11,72.13478333687769
12,72.13478333687769
13,71.96470333131174
14,71.13673394720821
15,70.31965021732704
16,69.94060137847393
17,69.72463953170433
18,69.69482368933576
19,68.84827293630097
20,68.84827293630097
21,68.33591156912583
22,68.33591156912583
23,67.08048702324501
24,67.08048702324501
25,67.02853028518274
26,67.02853028518274
27,67.02853028518274
28,67.02853028518274
29,67.02853028518274
30,67.02853028518274
31,67.02853028518274
32,67.02853028518274
33,67.02853028518274
34,67.02853028518274
35,66.92440067990708
36,66.92440067990708
37,66.92440067990708
38,66.14770919182416
39,66.14770919182416
40,66.14770919182416
41,64.46702448504003
42,64.46702448504003
43,63.90109770981262
44,63.83082809319582
45,63.586248022575255
46,63.586248022575255
47,63.028253712075696
48,62.536149224602944
49,62.536149224602944
50,62.29156920226459
51,62.219392288206606
52,62.219392288206606
53,60.47297178632362
54,60.47297178632362
55,60.28522444919027
56,60.2716269354918
57,60.2716269354918
58,60.2716269354918
59,60.2716269354918
60,60.2716269354918
61,60.2716269354918
62,59.77047739867369
63,59.77047739867369
64,59.77047739867369
65,59.77047739867369
66,59.77047739867369
67,59.77047739867369
68,59.77047739867369
69,59.77047739867369
70,59.77047739867369
71,59.723605765273604
72,59.723605765273604
73,59.64076451482252
74,59.55498972076353
75,59.51864173273335
76,59.090883751177685
77,58.75866307667677
78,58.75866307667677
79,58.28932094073579
80,58.28932094073579
81,58.28932094073579
82,58.07896647001083
83,58.07896647001083
84,58.07896647001083
85,58.07896647001083
86,58.07896647001083
87,57.812018330560264
88,57.812018330560264
89,57.812018330560264
90,57.812018330560264
91,57.812018330560264
92,57.812018330560264
93,57.812018330560264
94,57.812018330560264
95,57.727336241307604
96,57.727336241307604
97,57.727336241307604
98,57.727336241307604
99,57.727336241307604
100,57.727336241307604
101,57.727336241307604
102,57.50855160902667
103,57.50855160902667
104,57.38555635821175
105,57.38555635821175
106,57.2916141268922
