epoch,fitness
0,214.72702840235453
1,213.34339484102406
2,167.76455098737122
3,146.12933186480535
4,140.0762345191819
5,138.60024110982246
6,138.60024110982246
7,138.45392438265227
8,138.45392438265227
9,136.56023472644256
10,136.56023472644256
11,136.56023472644256
12,136.56023472644256
13,136.56023472644256
14,136.56023472644256
15,136.56023472644256
16,136.56023472644256
17,136.56023472644256
18,136.56023472644256
19,136.56023472644256
20,136.56023472644256
21,136.56023472644256
22,136.56023472644256
23,136.56023472644256
24,136.56023472644256
25,136.4688160874264
26,136.4688160874264
27,136.4688160874264
28,136.4688160874264
29,136.4688160874264
30,136.4688160874264
31,136.4688160874264
32,136.4688160874264
33,136.4688160874264
34,136.4688160874264
35,136.4688160874264
36,136.4688160874264
37,136.4688160874264
38,136.4688160874264
39,136.4688160874264
40,136.4688160874264
41,136.4688160874264
42,136.4688160874264
43,136.44337710049618
44,136.324275628225
45,136.324275628225
46,136.324275628225
47,136.324275628225
48,136.324275628225
49,136.324275628225
50,136.324275628225
51,136.324275628225
52,136.324275628225
53,136.324275628225
54,136.324275628225
55,136.324275628225
56,136.324275628225
57,136.324275628225
58,136.324275628225
59,136.324275628225
60,136.324275628225
61,136.324275628225
62,136.324275628225
63,136.324275628225
