epoch,fitness
0,114.0811894144214
1,112.8001885728439
2,112.27768105756235
3,112.27768105756235
4,105.68606877310958
5,105.68606877310958
6,105.07362115567786
7,104.61323511462611
8,104.01501606792516
9,104.01501606792516
10,104.01501606792516
11,104.01501606792516
12,104.0026611777193
13,90.34398483729123
14,88.69377988279795
15,88.45483201096386
16,88.45483201096386
17,88.45483201096386
18,88.45483201096386
19,88.45483201096386
20,88.45483201096386
21,88.45483201096386
22,88.45483201096386
23,88.39172090613734
24,88.39172090613734
25,88.39172090613734
26,88.39172090613734
27,88.39172090613734
28,88.39172090613734
29,88.39172090613734
30,88.39172090613734
31,88.39172090613734
32,88.35394047310687
33,88.30850329063715
34,88.21788301721243
35,88.21788301721243
36,88.1105756931532
37,88.1105756931532
38,88.1105756931532
39,88.1105756931532
40,88.1105756931532
41,88.1105756931532
42,88.1105756931532
43,88.06820052431586
44,88.06820052431586
45,88.06820052431586
46,88.00101743823596
47,88.00101743823596
48,88.00101743823596
49,88.00101743823596
50,88.00101743823596
51,88.00101743823596
52,88.00101743823596
53,88.00101743823596
54,87.99048828999338
55,87.99048828999338
56,87.99048828999338
57,87.97402864318474
58,87.97402864318474
59,87.92131749567892
60,87.92131749567892
61,87.92131749567892
62,87.92131749567892
63,87.92131749567892
64,87.92131749567892
65,87.84985082805173
66,87.8094390681374
67,87.8094390681374
68,87.8094390681374
69,87.8094390681374
70,87.8094390681374
71,87.8094390681374
72,87.8094390681374
73,87.8094390681374
74,87.8094390681374
75,87.8094390681374
76,87.75532235758348
77,87.75532235758348
78,87.75532235758348
79,87.75532235758348
80,87.73253833666206
81,87.73253833666206
82,87.68500807731272
83,87.68500807731272
84,87.68500807731272
85,87.68500807731272
86,87.68500807731272
87,87.68500807731272
88,87.68500807731272
89,87.68500807731272
90,87.68500807731272
91,87.68500807731272
92,86.82875590742314
