epoch,fitness
0,1179.193353967574
1,1155.0949446007417
2,1155.0949446007417
3,1154.6164661724981
4,663.7812642563065
5,575.9677866258045
6,564.932194830076
7,564.932194830076
8,509.84440151644833
9,508.9565846003991
10,508.9565846003991
11,508.4868266232281
12,508.4868266232281
13,508.4868266232281
14,508.4868266232281
15,508.4868266232281
16,508.4868266232281
17,508.4868266232281
18,508.4868266232281
19,508.4868266232281
20,508.4868266232281
21,508.4868266232281
22,508.4868266232281
23,508.4868266232281
24,508.4868266232281
25,508.4868266232281
26,508.4868266232281
27,508.4868266232281
28,508.4868266232281
29,508.4868266232281
30,508.4868266232281
31,508.4868266232281
32,508.4868266232281
33,508.4868266232281
34,508.4868266232281
35,508.4868266232281
36,508.4868266232281
37,508.4868266232281
38,508.4868266232281
39,508.4868266232281
40,508.4868266232281
41,508.4868266232281
42,508.4868266232281
43,508.4868266232281
44,508.4868266232281
45,508.4868266232281
46,508.4868266232281
47,508.4868266232281
48,508.4868266232281
49,508.4868266232281
50,508.4868266232281
51,508.4868266232281
52,508.4868266232281
53,508.4868266232281
54,508.4868266232281
55,508.4868266232281
56,508.4868266232281
57,508.4868266232281
58,508.4868266232281
59,508.4868266232281
60,508.4868266232281
61,508.4868266232281
62,508.4868266232281
63,508.4868266232281
64,508.4868266232281
65,508.4868266232281
66,508.4868266232281
67,508.4868266232281
68,508.4868266232281
69,508.4868266232281
70,508.4868266232281
71,508.40409884348384
72,508.40409884348384
73,508.40409884348384
74,508.40409884348384
75,508.40409884348384
76,508.40409884348384
77,508.40409884348384
78,508.40409884348384
79,508.40409884348384
80,508.40409884348384
81,508.40409884348384
82,508.40409884348384
83,508.40409884348384
84,508.40409884348384
85,508.40409884348384
86,508.40409884348384
87,508.40409884348384
88,508.40409884348384
89,508.40409884348384
90,508.40409884348384
91,508.40409884348384
92,508.40409884348384
