epoch,fitness
0,2441258.823692798
1,566.3447765210337
2,566.3447765210337
3,566.3447765210337
4,412.9212507167968
5,412.52472453372206
6,409.17191334432306
7,409.17191334432306
8,409.17191334432306
9,409.17191334432306
10,408.33513541285254
11,407.6490711098269
12,407.6490711098269
13,407.4930048158908
14,407.4930048158908
15,407.45056452167836
16,406.9605528252542
17,406.9605528252542
18,406.9605528252542
19,406.9605528252542
20,406.9605528252542
21,406.9605528252542
22,406.9605528252542
23,406.9605528252542
24,406.9605528252542
25,406.9605528252542
26,406.9605528252542
27,406.9605528252542
28,406.9605528252542
29,406.9605528252542
30,406.9605528252542
31,406.766358353321
32,406.766358353321
33,406.766358353321
34,406.766358353321
35,406.7227801315388
36,406.7227801315388
37,406.7227801315388
38,406.7227801315388
39,406.7227801315388
40,406.7227801315388
41,406.7227801315388
42,406.7227801315388
43,406.59234611073737
44,406.59234611073737
45,406.59234611073737
46,406.59234611073737
47,406.59234611073737
48,406.59234611073737
49,406.59234611073737
50,406.59234611073737
51,406.59234611073737
52,406.59234611073737
53,406.59234611073737
54,406.59234611073737
55,406.59234611073737
56,406.59234611073737
57,406.59234611073737
58,406.59234611073737
59,406.59234611073737
60,406.59234611073737
61,406.59234611073737
62,406.59234611073737
63,406.44038979378723
64,406.44038979378723
65,406.44038979378723
66,406.44038979378723
67,406.44038979378723
68,406.44038979378723
69,406.44038979378723
70,406.44038979378723
71,406.2911648863179
72,406.2911648863179
73,406.2911648863179
74,406.2911648863179
75,406.2911648863179
76,406.2911648863179
77,406.2911648863179
78,406.2911648863179
79,406.2911648863179
80,406.2911648863179
81,406.2911648863179
82,406.2911648863179
83,406.2911648863179
84,406.2911648863179
85,406.2911648863179
86,406.2911648863179
87,406.2911648863179
88,406.2911648863179
89,406.2911648863179
90,406.2911648863179
91,406.2911648863179
92,406.2911648863179
93,406.2911648863179
94,406.2911648863179
95,406.2911648863179
96,406.2911648863179
97,406.2911648863179
98,406.2911648863179
99,406.2911648863179
100,406.2911648863179
101,406.2911648863179
102,406.2911648863179
103,406.2911648863179
