epoch,fitness
0,281.87037853853917
1,259.9900260483446
2,226.66607388656712
3,161.16814922565834
4,154.2880322303029
5,152.51373810824336
6,150.05251091018735
7,149.97493394301284
8,148.78254561740337
9,148.1203276291158
10,148.1203276291158
11,147.94805151073467
12,146.927469886355
13,146.927469886355
14,146.19663893232337
15,146.19663893232337
16,146.19663893232337
17,146.19663893232337
18,146.09260291809125
19,145.30103747206343
20,144.8501963841621
21,144.8501963841621
22,144.77261947889716
23,144.40219351442136
24,144.40219351442136
25,143.9059120430497
26,143.9059120430497
27,143.12119245205108
28,142.70903501371316
29,141.92592134371577
30,141.05892354182026
31,140.80273584430185
32,140.2531943206539
33,139.93409830031393
34,139.6218459180378
35,139.6218459180378
36,139.38747636578606
37,139.0724136870383
38,139.0724136870383
39,138.43211369477606
40,137.5774668015373
41,137.5774668015373
42,137.3802642847666
43,137.3802642847666
44,137.3802642847666
45,136.53363696404065
46,136.53363696404065
47,136.53363696404065
48,136.34938835995294
49,136.12168388775768
50,134.8815142090344
51,134.8815142090344
52,133.4077697912789
53,132.77929826854356
54,132.77929826854356
55,132.3060452061914
56,132.3060452061914
57,132.3060452061914
58,132.3060452061914
59,131.9975738976958
60,131.9975738976958
61,131.74491921329422
62,131.61569004802323
