epoch,fitness
0,219.036283625402
1,212.15087697176085
2,152.6377117507494
3,151.79633272730393
4,146.13003037062273
5,146.13003037062273
6,146.13003037062273
7,146.13003037062273
8,142.55789102161356
9,142.55789102161356
10,141.1185276974113
11,141.1185276974113
12,140.66489856771724
13,140.66489856771724
14,140.62975057880377
15,140.62975057880377
16,140.62975057880377
17,139.02595115538716
18,139.02595115538716
19,139.02595115538716
20,139.02595115538716
21,139.02595115538716
22,138.96180132835894
23,137.04434579358085
24,137.04434579358085
25,137.04434579358085
26,136.9430268986975
27,136.9430268986975
28,136.9430268986975
29,136.9430268986975
30,136.9430268986975
31,136.9430268986975
32,135.43564067628245
33,135.42661875148457
34,135.11149100788595
35,135.05418191671478
36,135.05418191671478
37,135.05418191671478
38,135.05418191671478
39,135.05418191671478
40,135.05418191671478
41,133.70419002891757
42,133.70419002891757
43,133.61217916218988
44,133.48762040954614
45,133.48762040954614
46,133.48762040954614
47,133.48762040954614
48,133.48762040954614
49,133.2019355782916
50,133.2019355782916
51,133.2019355782916
52,133.2019355782916
53,133.2019355782916
54,133.2019355782916
55,133.2019355782916
56,133.2019355782916
57,133.2019355782916
58,133.2019355782916
59,133.2019355782916
60,133.2019355782916
61,133.2019355782916
