epoch,fitness
0,211.27802294143873
1,211.27802294143873
2,211.27802294143873
3,203.99238907153958
4,203.6291515310982
5,203.6291515310982
6,201.97550870686115
7,147.72086190806274
8,138.93098046510013
9,137.82350859018766
10,137.82350859018766
11,137.82350859018766
12,135.3801942975813
13,135.3801942975813
14,135.3801942975813
15,135.24077555090184
16,135.24077555090184
17,134.3450779840942
18,132.4095368243548
19,132.4095368243548
20,132.4095368243548
21,132.4095368243548
22,132.4095368243548
23,132.4095368243548
24,132.4095368243548
25,132.4095368243548
26,132.4095368243548
27,132.4095368243548
28,132.4095368243548
29,132.38509358485132
30,132.3431893202457
31,132.3431893202457
32,132.3431893202457
33,132.3431893202457
34,132.3431893202457
35,132.3431893202457
36,132.3431893202457
37,132.3431893202457
38,132.3431893202457
39,132.3431893202457
40,132.3431893202457
41,132.3431893202457
42,132.3431893202457
43,132.3431893202457
44,132.3431893202457
45,132.3431893202457
46,132.3431893202457
47,132.3431893202457
48,132.3431893202457
49,132.3431893202457
50,132.3431893202457
51,132.3431893202457
52,132.3431893202457
53,132.30846331156684
54,132.30846331156684
55,132.30846331156684
56,132.30846331156684
57,132.30846331156684
58,132.2684538554678
59,132.2684538554678
60,132.2684538554678
61,132.18488249077026
62,132.18488249077026
63,132.18488249077026
64,132.18488249077026
65,132.18488249077026
66,132.18488249077026
67,132.18488249077026
68,132.1689618168277
69,132.1689618168277
70,132.1689618168277
71,132.1689618168277
72,132.1420697603855
73,132.1420697603855
74,132.06865580964737
75,131.93352965929634
76,131.93352965929634
77,131.93352965929634
78,131.93352965929634
79,131.93352965929634
80,131.93352965929634
81,131.93352965929634
82,131.93352965929634
