epoch,fitness
0,758.5870332720856
1,532.5637806454105
2,368.4201792174442
3,319.0502540345865
4,303.5798920054373
5,303.5234140859488
6,299.7537265324166
7,299.7537265324166
8,299.0198656563621
9,293.37845405457665
10,293.37845405457665
11,289.71559680221975
12,289.71559680221975
13,289.71559680221975
14,289.71559680221975
15,289.71559680221975
16,289.71559680221975
17,287.6623991470564
18,287.6623991470564
19,287.6623991470564
20,287.6623991470564
21,287.100773279976
22,287.100773279976
23,287.100773279976
24,285.79085953814587
25,285.39982402469354
26,285.0300428926391
27,285.0300428926391
28,285.0300428926391
29,281.90786537221044
30,281.90786537221044
31,281.90786537221044
32,281.82210200241
33,281.7271881879881
34,281.7271881879881
35,281.5089757942666
36,281.5089757942666
37,281.5089757942666
38,281.5089757942666
39,281.5089757942666
40,281.5089757942666
41,281.37997371526694
42,281.3797131544317
43,281.2896492719596
44,281.247212293706
45,281.247212293706
46,281.247212293706
47,281.247212293706
48,281.247212293706
49,281.247212293706
50,281.247212293706
51,280.38328405681915
52,280.38328405681915
53,280.38328405681915
54,279.99000890656015
55,279.99000890656015
56,278.3692713081446
