epoch,fitness
0,1083.1927513145288
1,725.0185032712932
2,540.8308735913262
3,525.9544064634899
4,519.0349629151918
5,513.0866985600076
6,513.0866985600076
7,511.76230870536546
8,508.7261773912783
9,508.7261773912783
10,507.6564180709852
11,507.6564180709852
12,506.9876624036276
13,505.070747658126
14,505.070747658126
15,505.070747658126
16,497.8394846656277
17,496.0039984980706
18,496.0039984980706
19,495.06664731425974
20,494.47631087835384
21,493.4463366539859
22,491.9691969403591
23,491.66048453095704
24,491.56835538842387
25,487.4276998662878
26,485.6052384550003
27,483.88251259964056
28,483.88251259964056
29,483.88251259964056
30,483.88251259964056
31,483.88251259964056
32,483.88251259964056
33,483.88251259964056
34,483.88251259964056
35,483.88251259964056
36,483.10545040530525
37,483.10545040530525
38,482.59716429945087
39,482.59716429945087
40,482.48382822273805
41,481.6427140509381
42,481.5483934046519
43,480.4539165328111
44,480.24324370948165
45,479.6452219429631
46,479.6452219429631
47,478.8389679182366
48,478.8389679182366
49,478.8389679182366
50,478.8389679182366
51,478.8389679182366
52,478.65262172140393
53,478.06648888558703
54,478.06648888558703
