epoch,fitness
0,1547.7733098891076
1,1413.4468229960617
2,1012.1852511774271
3,794.6956667905621
4,754.9538696255714
5,752.6221311894651
6,751.3625727826102
7,748.0523822911347
8,748.0523822911347
9,747.9864268692656
10,747.723424273453
11,747.6480468277546
12,747.1506548726882
13,747.1506548726882
14,747.1506548726882
15,746.4412215596053
16,746.4412215596053
17,746.1300781774402
18,746.1300781774402
