epoch,fitness
0,955.9642785556341
1,573.605957294993
2,458.9912764316111
3,457.2908953510205
4,449.4685004840691
5,445.53011499251227
6,441.55416816214284
7,441.55416816214284
8,441.3986063872571
9,440.6950948155458
10,439.84222000667
11,439.84222000667
12,439.84222000667
13,439.84222000667
14,439.84222000667
15,439.1913033485983
16,439.1913033485983
17,438.59428780200943
18,438.59428780200943
19,438.18584857341966
20,438.18584857341966
21,438.18584857341966
22,435.20210890186416
23,435.1157796366403
24,434.52365447038505
25,434.52365447038505
26,431.75670917045625
27,431.75670917045625
28,431.75670917045625
29,431.0836197427186
30,431.04732174621563
31,431.04452474632484
32,431.04452474632484
33,431.04452474632484
34,430.46432724092637
35,429.51847828450997
36,429.51847828450997
37,427.7846105602314
38,426.4685551566903
39,426.3101518821778
40,426.042585223806
41,425.6788642243354
42,425.6788642243354
43,425.6788642243354
44,424.3531828984372
45,424.1880300313169
46,424.1880300313169
47,424.1880300313169
48,423.6650842560711
49,423.172399424999
50,422.72532632102684
51,422.72532632102684
52,421.8376810836846
53,421.51213057497466
54,421.34308591192786
55,421.34308591192786
56,421.34308591192786
57,421.34308591192786
58,421.1088379610482
59,421.1088379610482
60,417.04987528119494
61,399.7697677236306
62,399.7697677236306
63,399.7697677236306
64,399.7697677236306
65,399.46940107965276
66,399.46940107965276
