epoch,fitness
0,972.0963111532816
1,674.8013946597406
2,469.97878579667434
3,451.61642460433654
4,438.46724363365263
5,435.9637164953405
6,414.6540971093395
7,409.57685027572586
8,409.57685027572586
9,409.57685027572586
10,409.57685027572586
11,409.3292420999877
12,409.2588605281331
13,409.2588605281331
14,406.7638577451673
15,406.7638577451673
16,406.57177146668914
17,402.0283525539681
18,402.0283525539681
19,401.6867122127547
20,401.6867122127547
21,401.6867122127547
22,401.6867122127547
23,401.6867122127547
24,401.65852622022555
25,401.5744464837619
26,401.5744464837619
27,400.7756804462044
28,400.7462820444603
29,400.7462820444603
30,400.7462820444603
31,400.35961023562214
32,400.35961023562214
33,400.35961023562214
34,400.35961023562214
35,399.882588021187
36,398.3834655072163
37,398.3834655072163
38,398.3834655072163
39,398.26608949083027
40,398.26608949083027
41,398.26268367318545
42,398.26268367318545
