epoch,fitness
0,1373.8545512648454
1,1318.5215527427326
2,738.1214000113921
3,678.117979828868
4,662.4951295909094
5,659.4731036918196
6,659.460041488293
7,656.8021246435493
8,654.341527867326
9,653.4876114681958
10,652.2560788590882
11,652.0828063061266
12,651.7235943988052
13,650.1756288016768
14,649.6288495246714
15,649.4303743414886
16,648.9453885613309
17,647.422136060244
18,647.422136060244
19,647.422136060244
20,647.422136060244
21,647.0854603546023
22,646.8691412125048
23,644.6935516047713
24,644.0641874760175
25,643.2808017531453
26,642.9835848321195
27,642.5146493827452
28,640.9750437651458
29,640.9750437651458
30,640.1696249793662
31,639.6963581331515
32,639.5412270836044
33,637.8473606765905
34,637.8473606765905
35,637.5758273807382
36,637.4296410776564
37,636.5872527386031
38,634.7674502074285
39,634.760223007214
40,633.1650364384275
41,633.1650364384275
