epoch,fitness
0,1548.2420204620666
1,1329.1999250495371
2,841.9577424618236
3,744.582597132434
4,733.2509326369712
5,733.2509326369712
6,732.5667217930132
7,731.0610235819329
8,724.0533683235934
9,723.8365564109582
10,722.3083725766818
11,719.7415098247533
12,719.7415098247533
13,719.7415098247533
14,719.6768041739705
15,716.8028983388039
16,716.6773799300784
17,716.6773799300784
18,716.6773799300784
19,716.6773799300784
20,715.4616811753734
21,715.4616811753734
22,715.4616811753734
23,714.2635491861346
24,714.0969552907596
25,712.1366384611397
26,710.8133116947429
27,703.8630903464574
28,703.8630903464574
29,703.8630903464574
30,703.8630903464574
31,703.7207605555022
32,703.298432849951
33,703.298432849951
34,703.0884379077557
35,702.4867210124216
36,701.6945099456185
37,701.6945099456185
38,701.5079932530255
39,701.4980939252877
40,701.4980939252877
41,701.4980939252877
42,701.4980939252877
43,701.4980939252877
44,701.4980939252877
45,700.4814186307522
46,700.4814186307522
47,700.4814186307522
48,700.4814186307522
