epoch,fitness
0,1562.7967491179966
1,1176.3654588832367
2,752.1554369089706
3,730.767312008931
4,727.1698000790229
5,722.2988964477316
6,710.8174709645637
7,682.9176724399387
8,680.1412372067884
9,680.1412372067884
10,679.589634523983
11,679.4951856328396
12,679.2111658474284
13,678.1906750535996
14,678.1906750535996
15,678.1906750535996
16,678.1906750535996
17,675.2188535928041
18,675.2188535928041
19,675.2188535928041
20,674.1820173458351
21,667.0505342676241
22,653.3253048127565
23,653.3253048127565
24,653.3253048127565
25,650.98529433161
26,649.6247375409763
27,648.0512577557905
28,648.0512577557905
29,648.0512577557905
30,648.0512577557905
31,648.0512577557905
32,648.0257875133951
33,648.0257875133951
34,648.0257875133951
35,648.0257875133951
36,648.0257875133951
37,647.1563440454632
38,647.1563440454632
39,646.4777199423595
40,645.5957524584821
41,645.4551114097902
