epoch,fitness
0,316.69302252473653
1,316.69302252473653
2,316.69302252473653
3,289.5130155964953
4,289.5130155964953
5,286.82169888698553
6,212.26095408567505
7,205.39641655594374
8,201.8947602394959
9,201.73586144653117
10,201.73586144653117
11,183.93854884608032
12,179.44255162464435
13,179.44255162464435
14,177.0757079491046
15,177.0757079491046
16,177.0757079491046
17,177.0757079491046
18,177.0757079491046
19,177.0757079491046
20,177.0757079491046
21,177.0757079491046
22,177.0757079491046
23,177.0757079491046
24,177.0757079491046
25,177.0757079491046
26,177.0757079491046
27,177.0757079491046
28,177.0757079491046
29,177.0757079491046
30,177.0757079491046
31,177.03248186833457
32,177.03248186833457
33,177.03248186833457
34,177.01155612968813
35,177.01155612968813
36,177.01155612968813
37,177.01155612968813
38,177.01155612968813
39,177.01155612968813
40,177.01155612968813
41,177.01155612968813
42,177.01155612968813
43,177.01155612968813
44,177.01155612968813
45,177.01155612968813
46,177.01155612968813
47,177.01155612968813
48,177.01155612968813
49,177.01155612968813
50,177.01155612968813
51,176.84568963841673
52,176.84568963841673
53,176.84568963841673
54,176.84568963841673
55,176.84568963841673
56,175.92486949371988
57,175.92486949371988
58,175.92486949371988
59,175.92486949371988
60,175.92486949371988
61,175.92486949371988
62,175.92486949371988
