epoch,fitness
0,938.5303516968778
1,860.0458825936016
2,602.5709862009853
3,589.1019010731516
4,513.8053501412354
5,509.6971865969995
6,499.39381891897443
7,461.24698498759176
8,437.40745120100047
9,435.3135729778347
10,434.181825144284
11,433.1141074829807
12,433.1141074829807
13,428.33125210388226
14,428.130660331575
15,428.130660331575
16,427.7430764356095
17,427.7430764356095
18,427.0870946893454
19,425.906609197758
20,425.8581838679218
21,425.5303360052713
22,424.5740352456741
23,423.7739037119553
24,423.7739037119553
25,423.7739037119553
26,423.7739037119553
27,422.8954666545595
28,422.8954666545595
29,422.82193960652006
30,422.82193960652006
31,421.9037738176139
32,421.9037738176139
33,421.9037738176139
34,420.3986279324661
35,420.1131440424393
36,418.50066102237884
37,418.50066102237884
38,418.50066102237884
39,417.6333826418977
40,417.56147625751936
41,417.56147625751936
42,417.56147625751936
43,416.5565401640872
44,416.5565401640872
45,416.5565401640872
46,416.5565401640872
47,416.45398561201733
48,416.25734837821113
49,416.1623945924132
50,415.9700591378502
51,415.59216024561186
52,415.59216024561186
53,415.1727977565106
54,415.1727977565106
55,413.955336982026
56,413.955336982026
57,413.955336982026
58,413.955336982026
59,413.955336982026
60,413.955336982026
61,413.84293417420673
62,413.84293417420673
63,413.7451951968224
64,413.68136049265865
65,413.68136049265865
