epoch,fitness
0,940.7593974886033
1,705.1526300282816
2,562.0244990495298
3,444.9657362859032
4,444.9657362859032
5,439.0778256887271
6,439.0778256887271
7,436.9714050996445
8,436.9714050996445
9,436.9714050996445
10,436.6971463263548
11,430.07259893029897
12,427.5054862548604
13,427.5054862548604
14,427.5054862548604
15,426.67688656644225
16,426.67688656644225
17,426.67688656644225
18,426.0815156622037
19,422.3067781485661
20,422.3067781485661
21,422.3067781485661
22,422.0139699131758
23,421.6322810230268
24,421.6322810230268
25,421.60462570378667
26,420.6816046940946
27,419.3516750951013
28,419.3516750951013
29,419.3516750951013
30,418.51815865202224
31,418.51815865202224
32,418.51815865202224
33,416.4312354660018
34,416.2128121293098
35,416.2128121293098
36,416.2128121293098
37,416.20973360395567
38,415.97147789601377
39,415.97147789601377
40,415.87721401258375
41,415.2987288723618
42,414.0175691933314
43,413.95987504131097
44,413.95987504131097
45,413.7903229098468
46,412.8733645883089
47,412.8206145647175
48,412.8206145647175
49,412.8206145647175
50,411.84221796411765
51,411.84221796411765
52,410.8553236290545
53,410.2129313139178
54,410.2129313139178
55,410.2129313139178
56,410.2129313139178
