epoch,fitness
0,1202.385934698213
1,810.0991441787344
2,713.181968302955
3,584.9058803796504
4,575.3703667982896
5,569.3765230849317
6,569.3765230849317
7,565.1059827016851
8,563.8796669985918
9,562.753510485596
10,561.9299148574781
11,561.8594601052284
12,560.6083871427907
13,560.6083871427907
14,560.6083871427907
15,558.7907727667128
16,558.7907727667128
17,558.5240726579877
18,556.7100518872398
19,556.7058194252184
20,556.3753606981564
21,556.3753606981564
22,555.7171257433552
23,555.7171257433552
24,555.7171257433552
25,555.7171257433552
26,553.6391521775047
27,553.6391521775047
28,553.6391521775047
29,553.6391521775047
30,553.1878258136095
31,552.2392494563009
32,551.1645576789822
33,551.1645576789822
34,550.5529926737777
35,549.8133811172725
36,549.8133811172725
37,549.8133811172725
38,547.9087596027186
39,547.9087596027186
40,547.9087596027186
41,547.6654938309048
42,547.6654938309048
43,546.9927763020501
44,546.9927763020501
45,546.9520370710978
46,544.859303897168
47,544.53094013935
48,544.53094013935
49,544.53094013935
50,544.53094013935
