epoch,fitness
0,1047.8862111743874
1,1007.1248117942896
2,652.6794356199758
3,606.8905848862994
4,582.6688397456269
5,569.9306451235134
6,559.8227871561392
7,548.2755285648703
8,537.825844383989
9,537.825844383989
10,537.825844383989
11,537.825844383989
12,537.825844383989
13,537.37646271773
14,536.7294293179943
15,533.4978039373481
16,529.0869958797015
17,527.3425782377369
18,527.2068336179801
19,527.2068336179801
20,527.2068336179801
21,526.2305193205418
22,526.2305193205418
23,526.0050462023815
24,523.9287615483779
25,523.9287615483779
26,523.9287615483779
27,523.5225236106396
28,523.5225236106396
29,523.251750820335
30,522.9057000209858
31,522.4289409718965
32,522.0519906397719
33,521.9686128656778
34,521.8221994655746
35,520.558492317929
36,517.4832918499511
37,517.4832918499511
38,516.5381920815171
39,513.3556284269389
40,513.3556284269389
41,511.47768022069044
42,511.47768022069044
43,511.2193528517069
44,510.63616795569146
45,510.63616795569146
46,508.57894304793444
47,507.0353628639837
48,507.0353628639837
49,505.5542484764438
50,505.1384970880256
51,503.989393638772
