epoch,fitness
0,1210.164171116705
1,1034.7141570504275
2,793.6588334298793
3,643.5388357863601
4,637.9091837139069
5,635.3305297415104
6,635.1186726195324
7,635.1186726195324
8,633.3116802466454
9,631.573067967267
10,629.6475898370234
11,629.5936047048393
12,629.2400436398284
13,628.1774573314701
14,628.1774573314701
15,628.1774573314701
16,628.1774573314701
17,627.931582224937
18,627.1104467669762
19,627.1104467669762
20,627.1104467669762
21,627.1104467669762
