epoch,fitness
0,416.41248674651155
1,396.0150337222429
2,326.95484554871
3,246.15664962234993
4,234.39845671014416
5,229.81603054490657
6,229.37869183500314
7,212.17617420164476
8,212.17617420164476
9,211.23079681678396
10,211.18161337882094
11,210.82253437068448
12,209.67701350240714
13,209.6158663372771
14,209.20898263051984
15,195.93504239349392
16,195.25929492402162
17,195.25929492402162
18,194.65999421395446
19,193.7883765249632
20,192.39918445253033
21,192.39918445253033
22,192.39918445253033
23,192.39918445253033
24,192.39918445253033
25,191.06201008076758
26,191.06201008076758
27,191.06201008076758
28,191.06201008076758
29,191.06201008076758
30,191.06201008076758
31,190.7178568358319
32,190.7178568358319
33,190.7178568358319
34,190.5976961081386
35,190.5976961081386
36,188.41221523268055
37,188.36302031289256
38,187.8681821196766
39,187.8681821196766
40,187.8681821196766
41,187.8681821196766
42,187.86761545210186
43,187.86761545210186
44,187.58295964824762
45,187.25262644519233
46,187.25262644519233
47,187.12321589309204
48,184.05795604336427
49,184.05795604336427
50,184.05795604336427
51,184.05795604336427
52,184.05795604336427
