epoch,fitness
0,476.16466684037954
1,476.16466684037954
2,370.7864194295235
3,301.4087652819167
4,255.65636768909016
5,247.85689105982198
6,243.72469088626804
7,241.64714957580108
8,241.6438818267996
9,241.6438818267996
10,241.6438818267996
11,241.6438818267996
12,240.64747429577122
13,240.64747429577122
14,240.64747429577122
15,240.58169020497533
16,240.58169020497533
17,240.58169020497533
18,238.69418484808511
19,238.69418484808511
20,238.25336458100298
21,238.25336458100298
22,237.87261666607927
23,237.87261666607927
24,237.87261666607927
25,237.87261666607927
26,237.81301218257417
27,237.81301218257417
28,237.81301218257417
29,237.81301218257417
30,237.79972455542907
31,237.73889387778732
32,237.73889387778732
33,237.73889387778732
34,237.73889387778732
35,237.73889387778732
36,237.73889387778732
37,237.73889387778732
38,237.73889387778732
39,237.73889387778732
40,237.73889387778732
41,237.33280677019474
42,237.33280677019474
43,237.33280677019474
44,237.33280677019474
45,237.33280677019474
46,237.33280677019474
47,237.13113650513156
48,237.13113650513156
49,235.61875615412518
50,235.61875615412518
51,235.61875615412518
52,235.61875615412518
53,234.28151955791103
54,234.28151955791103
55,234.28151955791103
56,234.28151955791103
57,234.19424161274617
58,234.19424161274617
59,234.12332849061542
60,234.08688635568248
61,234.08688635568248
62,234.08688635568248
63,233.83902864833175
64,233.64245379657348
65,233.45037019141634
66,232.51320565518864
67,232.51320565518864
68,232.175788990671
