epoch,fitness
0,1625.3055760051257
1,1570.4299252013595
2,904.8802565302594
3,693.6059511434171
4,582.7549037686821
5,539.8421838040163
6,535.0613004778675
7,534.437228774377
8,533.2864985444418
9,531.0032181123377
10,531.0032181123377
11,531.0032181123377
12,531.0032181123377
13,531.0032181123377
14,531.0032181123377
15,531.0032181123377
16,531.0032181123377
17,531.0032181123377
18,529.0851464737876
19,529.0851464737876
20,528.7788552860304
21,528.7788552860304
22,522.9930407090437
23,522.9930407090437
24,522.9930407090437
25,522.9930407090437
26,522.8375960006531
27,522.8375960006531
28,521.1115867424579
29,521.0339975449999
30,521.0339975449999
31,521.0339975449999
32,521.0339975449999
33,521.0339975449999
34,520.9882841048789
35,520.9882841048789
36,520.9882841048789
37,520.9882841048789
38,517.0738289894042
39,517.0738289894042
40,517.0738289894042
41,517.0738289894042
42,517.0738289894042
43,517.0738289894042
44,517.0738289894042
45,517.0738289894042
46,517.0738289894042
47,517.0738289894042
48,517.0738289894042
49,517.0738289894042
