epoch,fitness
0,378.4449238540215
1,308.91259723360145
2,308.91259723360145
3,308.8292472291995
4,308.8292472291995
5,308.8292472291995
6,308.8292472291995
7,286.9579855346232
8,239.91500500189753
9,220.7706924249665
10,210.74462862973897
11,209.73627705780788
12,204.02821107291325
13,204.02821107291325
14,204.02821107291325
15,201.93512146960055
16,201.93512146960055
17,201.61708205177547
18,201.61708205177547
19,201.61708205177547
20,201.61708205177547
21,201.61708205177547
22,201.61708205177547
23,201.61708205177547
24,201.3589318689518
25,201.3589318689518
26,201.3589318689518
27,201.22685850919262
28,201.22685850919262
29,201.22685850919262
30,201.22685850919262
31,201.22685850919262
32,201.22685850919262
33,199.9053004915112
34,199.9053004915112
35,199.9053004915112
36,199.9053004915112
37,199.9053004915112
38,198.43159276346736
39,198.43159276346736
40,198.43159276346736
41,198.43159276346736
42,198.43159276346736
43,194.02353499919454
44,194.02353499919454
45,194.02353499919454
46,194.02353499919454
47,194.02353499919454
48,194.02353499919454
49,194.02353499919454
50,194.02353499919454
51,194.02353499919454
52,194.02353499919454
53,194.02353499919454
54,194.02353499919454
55,194.02353499919454
56,194.02353499919454
57,194.02353499919454
58,194.02353499919454
59,194.02353499919454
60,193.7272013443979
61,193.7272013443979
62,193.7272013443979
63,193.7272013443979
64,193.7272013443979
65,193.7272013443979
66,193.6480112889279
