epoch,fitness
0,336.970901211249
1,313.98903925715484
2,313.98903925715484
3,308.8298410866323
4,194.72945530684436
5,194.72945530684436
6,193.02757544644294
7,193.02757544644294
8,192.57429946066793
9,185.67075746480828
10,185.67075746480828
11,184.2623244504801
12,184.2623244504801
13,183.8453942566555
14,183.8453942566555
15,183.8453942566555
16,182.7401678673176
17,180.34987374877377
18,180.2705233108082
19,180.2705233108082
20,180.2705233108082
21,180.2705233108082
22,180.2705233108082
23,180.2705233108082
24,180.2705233108082
25,180.2705233108082
26,180.2705233108082
27,180.2705233108082
28,180.2705233108082
29,180.2705233108082
30,180.2705233108082
31,180.2541217601966
32,180.20464184905032
33,180.20464184905032
34,180.20464184905032
35,180.20464184905032
36,180.20464184905032
37,180.20464184905032
38,180.01020888007278
39,180.01020888007278
40,180.01020888007278
41,180.01020888007278
42,180.01020888007278
43,178.63224985269193
44,178.63224985269193
45,178.63224985269193
46,178.63224985269193
47,178.63224985269193
48,178.63224985269193
49,178.63224985269193
50,178.63224985269193
51,178.51481009694234
52,178.51481009694234
53,178.51481009694234
54,177.70847924672836
55,177.70847924672836
56,177.70847924672836
57,177.70847924672836
58,177.70847924672836
59,177.70847924672836
60,177.70847924672836
61,176.1096045497622
62,176.1096045497622
63,176.07736102998678
64,176.07736102998678
65,176.07736102998678
66,176.07736102998678
67,176.07736102998678
68,176.07736102998678
69,176.07736102998678
70,176.0091708230272
71,176.0091708230272
72,176.0091708230272
73,176.0091708230272
74,176.0091708230272
75,176.0091708230272
76,176.0091708230272
77,176.0091708230272
78,175.96970096731872
