epoch,fitness
0,415.92747282554456
1,328.46885854128715
2,244.3566016251883
3,220.28728181512824
4,216.22325876805934
5,213.50960413632856
6,213.17546611148916
7,211.51074924176885
8,211.51074924176885
9,210.7471204846035
10,210.7471204846035
11,210.7471204846035
12,210.7471204846035
13,210.7471204846035
14,209.46856368754396
15,209.04107597829835
16,209.04107597829835
17,209.01347273194855
18,208.07348667574962
19,207.5271989800097
20,207.44993772967055
21,207.29261478735953
22,207.29261478735953
23,206.60100995101052
24,206.13702032536517
25,204.28597814819943
26,204.14937420142294
27,203.23177534975392
28,203.143017257003
29,203.143017257003
30,203.143017257003
31,203.143017257003
32,202.42192622551593
33,202.41922244385847
34,202.25020664845596
35,201.72473600301845
36,201.1809249663617
37,200.50709820002078
38,200.50709820002078
39,200.50709820002078
40,199.52216560743227
41,199.52216560743227
42,199.13410532777436
43,199.13410532777436
44,198.98591874097002
45,198.98591874097002
46,198.07256318702787
47,198.07256318702787
48,198.07256318702787
49,198.07256318702787
50,197.75006885399011
51,197.45605717570118
52,197.20664890999936
53,197.20664890999936
54,197.20664890999936
55,197.03430606635018
56,196.27956106828975
57,196.27956106828975
58,196.27956106828975
