epoch,fitness
0,866.9318005967065
1,851.0727819315856
2,851.0727819315856
3,841.132922436516
4,829.4763555394126
5,371.6947199361117
6,371.6947199361117
7,371.6947199361117
8,371.2232699579156
9,368.5640501927011
10,368.5640501927011
11,368.5640501927011
12,367.1079469643321
13,367.1079469643321
14,366.97735990558346
15,365.9924469039541
16,365.9924469039541
17,365.9924469039541
18,365.9924469039541
19,365.9924469039541
20,362.9042867970834
21,362.9042867970834
22,362.9042867970834
23,362.9042867970834
24,362.9042867970834
25,362.7519517792891
26,362.7519517792891
27,362.7519517792891
28,362.7519517792891
29,361.1946229116028
30,361.1946229116028
31,354.81011396052077
32,354.446127187971
33,354.446127187971
34,354.446127187971
35,353.63033489510866
36,353.63033489510866
37,353.63033489510866
38,353.63033489510866
39,353.63033489510866
40,353.63033489510866
41,353.63033489510866
42,353.63033489510866
43,353.63033489510866
44,352.0298029696954
45,352.0298029696954
46,352.0298029696954
47,352.00510261751157
48,351.8825422162858
49,351.1223414957292
50,351.1223414957292
51,351.1223414957292
52,351.1223414957292
53,350.7475299049106
54,350.7475299049106
55,350.7475299049106
56,349.5137803880635
57,349.5137803880635
58,349.5137803880635
59,349.5137803880635
60,349.5137803880635
61,349.5137803880635
62,346.4132319041434
63,346.4132319041434
64,346.4132319041434
