epoch,fitness
0,146.65522377337396
1,134.44179199129786
2,104.16820088316462
3,78.44688215280436
4,73.22149714904103
5,72.22061224389087
6,71.20419752393808
7,71.20419752393808
8,71.20419752393808
9,70.70504721121239
10,70.70504721121239
11,70.70504721121239
12,70.70504721121239
13,70.70504721121239
14,70.3969747492805
15,70.31676987642085
16,68.24158315386626
17,67.65210768083924
18,67.49386092579516
19,67.49386092579516
20,67.1205927473689
21,66.9855120513529
22,66.2632302987958
23,66.2632302987958
24,66.17489021754024
25,66.17489021754024
26,65.92440854567621
27,65.92440854567621
28,64.65693148162386
29,64.27835386895514
30,63.7343287458472
31,63.7343287458472
32,63.582611386958135
33,62.927472330109936
34,62.927472330109936
35,62.927472330109936
36,62.37520181783922
37,62.37520181783922
38,62.37520181783922
39,62.27185361393337
40,62.269183379378994
41,61.91185321646489
42,61.91185321646489
43,61.91185321646489
44,61.72811245805697
45,61.72811245805697
46,61.72811245805697
47,61.72811245805697
48,61.72811245805697
49,61.72811245805697
50,61.49406800057309
51,61.49406800057309
52,61.49406800057309
53,60.97940600511941
54,60.97940600511941
55,60.763450407181985
56,60.61026759499136
57,60.61026759499136
58,60.61026759499136
59,60.563974278194685
60,60.15067200115753
61,60.15067200115753
62,60.070835967082395
63,60.070835967082395
64,60.070835967082395
65,60.070835967082395
66,60.070835967082395
67,59.98617614476447
68,59.760047641144446
69,59.760047641144446
70,59.760047641144446
71,59.760047641144446
72,58.42864236576901
