epoch,fitness
0,1072.193860813722
1,630.436854727606
2,522.4227692522558
3,518.4999852656839
4,518.4999852656839
5,514.381881760719
6,513.2696024014937
7,512.132385863808
8,512.0773165958944
9,510.64375781189796
10,509.81878309340345
11,509.5878893088125
12,509.38553925730315
13,508.99667875307625
14,508.99667875307625
15,508.99667875307625
16,507.14144175591275
17,505.8984324998995
18,505.8984324998995
19,505.8984324998995
20,505.8984324998995
21,504.60737039455427
22,503.5763821627139
23,502.3121318108004
24,502.3121318108004
25,502.24429837927187
26,502.17558255889594
27,499.79929377483006
28,499.79929377483006
29,499.79929377483006
30,499.79929377483006
31,499.53004645899415
32,499.53004645899415
33,497.58815568403224
34,497.58815568403224
35,497.58815568403224
36,497.35523583668214
37,496.91571145927617
38,496.3310931188866
39,495.8432794117213
40,495.47841081809185
41,494.8958292601953
42,494.8958292601953
43,494.60989446404915
44,493.6671305471217
45,493.6671305471217
46,493.20194299552094
47,493.20194299552094
48,491.9264173908005
49,491.9264173908005
50,491.54873446355884
51,490.2473558225677
52,490.2473558225677
