epoch,fitness
0,349.494604359654
1,312.763011366877
2,265.55551871542315
3,225.49309588647336
4,187.22035412354737
5,187.22035412354737
6,184.37101249753636
7,181.75745309611838
8,181.75745309611838
9,181.75745309611838
10,181.75745309611838
11,181.75745309611838
12,181.75745309611838
13,181.51691381139165
14,180.57045299675502
15,180.162774443474
16,180.0388846654035
17,178.64601326397937
18,178.09423817927347
19,178.09423817927347
20,177.5625366627812
21,176.83659352639145
22,176.83659352639145
23,176.83659352639145
24,176.83659352639145
25,176.83659352639145
26,176.83659352639145
27,176.76824169920712
28,176.71054738871666
29,176.71054738871666
30,176.71054738871666
31,176.71054738871666
32,176.71054738871666
33,176.71054738871666
34,176.71054738871666
35,176.71054738871666
36,176.71054738871666
37,176.71054738871666
38,176.71054738871666
39,176.71054738871666
40,176.71054738871666
41,176.71054738871666
42,176.71054738871666
43,176.58272307295658
44,176.58272307295658
45,176.30054399521805
46,176.30054399521805
47,176.30054399521805
48,176.30054399521805
49,176.30054399521805
50,176.30054399521805
51,176.30054399521805
52,176.30054399521805
53,176.30054399521805
54,176.30054399521805
55,176.2622541804526
56,176.2622541804526
57,176.2622541804526
58,176.2622541804526
59,176.2622541804526
