epoch,fitness
0,333.75142213969445
1,315.75644747577115
2,300.04022328325794
3,297.23393790195314
4,294.0888620529337
5,294.0888620529337
6,209.66421187661362
7,208.71900935559557
8,207.59489903126928
9,205.979379072736
10,196.10311122984908
11,196.10311122984908
12,196.10311122984908
13,196.10311122984908
14,194.0960814637194
15,194.0960814637194
16,193.98875375456447
17,192.26027511660996
18,192.26027511660996
19,192.26027511660996
20,191.490708899453
21,191.490708899453
22,189.07561122359806
23,189.07561122359806
24,189.07561122359806
25,189.07561122359806
26,189.07561122359806
27,189.07561122359806
28,189.07561122359806
29,189.07561122359806
30,189.07561122359806
31,187.64058349588103
32,185.93204466170295
33,185.93204466170295
34,185.93204466170295
35,185.93204466170295
36,185.93204466170295
37,185.93204466170295
38,184.15385223065286
39,184.15385223065286
40,184.04338467416275
41,184.04338467416275
42,184.04338467416275
43,184.04338467416275
44,183.63952182311124
45,183.26577256611196
46,183.26577256611196
47,182.86662609537697
48,182.86662609537697
49,182.86662609537697
50,180.5791214896936
51,180.5791214896936
52,180.5791214896936
53,180.5791214896936
54,180.5791214896936
55,180.5791214896936
56,180.5791214896936
57,180.5791214896936
58,180.5791214896936
59,180.55459940645568
60,180.55459940645568
61,180.55459940645568
62,180.55459940645568
63,180.55459940645568
64,180.47828233166274
65,180.47762519164965
66,180.47762519164965
67,180.47762519164965
68,180.47762519164965
69,180.47762519164965
70,180.46725976267462
71,180.46725976267462
72,180.46725976267462
73,180.46725976267462
74,180.46725976267462
75,180.46725976267462
76,179.11489959624586
77,179.11489959624586
78,179.11489959624586
79,179.09199975907495
