epoch,fitness
0,1054.4601004633366
1,652.1973642415496
2,545.4477711355621
3,538.1360388990154
4,531.4531646640096
5,468.6382548464381
6,463.86719980104283
7,463.86719980104283
8,453.75453779883367
9,453.75453779883367
10,453.75453779883367
11,453.75453779883367
12,453.75453779883367
13,453.4126927304634
14,453.4126927304634
15,453.4126927304634
16,453.4126927304634
17,451.8934601384688
18,451.8934601384688
19,451.8934601384688
20,451.8934601384688
21,451.33817039304614
22,451.33817039304614
23,449.4525784916959
24,449.4525784916959
25,448.0314159073117
26,448.0314159073117
27,448.0314159073117
28,447.87056585480127
29,446.3761464605058
30,446.3556727889722
31,446.3556727889722
32,446.1455476104902
33,445.87689481335696
34,445.87689481335696
35,445.87689481335696
36,445.87689481335696
37,445.7025575130018
38,445.7025575130018
