epoch,fitness
0,1077.471026981117
1,906.5940675743919
2,583.9449412571519
3,528.4764345913923
4,514.2991486091407
5,512.8863151719403
6,508.9940038241969
7,502.35784208379096
8,486.3574109238783
9,486.3574109238783
10,485.7704930460588
11,485.7704930460588
12,485.7704930460588
13,485.6039190432557
14,485.6039190432557
15,485.6039190432557
16,485.01735276324365
17,485.01735276324365
18,485.01735276324365
19,484.9428247750831
20,482.6958764768057
21,481.53313023242214
22,481.53313023242214
23,481.35819085258805
24,481.1552492023231
25,481.1552492023231
26,481.1552492023231
27,480.9943977252056
28,480.9943977252056
29,480.9943977252056
30,480.38187483493283
31,479.72680364986724
32,479.4609773380686
33,478.30630989493886
34,478.2682165414366
35,477.9714426355805
36,477.9714426355805
37,477.9714426355805
38,460.5763079358354
39,460.5763079358354
40,460.5763079358354
41,460.5763079358354
42,460.5763079358354
43,460.5763079358354
44,460.5763079358354
45,460.5763079358354
46,460.5763079358354
47,451.74884244083506
48,451.2824947437237
49,451.2824947437237
50,450.71097944606396
51,450.71097944606396
52,450.71097944606396
53,450.57567022082503
54,450.57567022082503
55,450.57567022082503
56,450.01536997388723
57,449.71178947485663
58,449.01728862533497
59,449.01728862533497
60,448.74828375869185
