epoch,fitness
0,1196.5280097854904
1,895.9312037393241
2,697.1332461514977
3,617.4617171191283
4,613.1548686938033
5,608.5706969646951
6,603.5366784324654
7,603.5366784324654
8,603.5366784324654
9,601.594958201016
10,599.60829814
11,599.60829814
12,599.0395840595595
13,599.0395840595595
14,598.129450384482
15,597.2452830729684
16,597.2452830729684
17,597.2452830729684
18,596.3245639905288
19,596.3245639905288
