epoch,fitness
0,949.71650893502
1,722.5672900360465
2,587.2746280104857
3,509.14706942770846
4,489.3870100346952
5,473.9402848733478
6,460.92779606499715
7,460.92779606499715
8,460.92779606499715
9,459.4898733028013
10,458.80133942472247
11,458.4025900544593
12,458.2102020576166
13,457.2875743501575
14,457.2875743501575
15,456.9468925563885
16,456.8312330266737
17,456.02643821091385
18,456.02643821091385
19,454.35469330643855
20,454.35469330643855
21,454.35469330643855
