epoch,fitness
0,535.322687286352
1,514.8489766862244
2,282.24533802339624
3,278.07923189064917
4,265.7844739457236
5,260.1905310976465
6,252.8860936527674
7,247.70605572014918
8,247.70605572014918
9,246.61474522299775
10,244.69100160600553
11,244.69100160600553
12,244.69100160600553
13,244.69100160600553
14,244.69100160600553
15,244.69100160600553
16,244.69100160600553
17,244.69100160600553
18,243.4629044485219
19,243.4629044485219
20,243.4629044485219
21,243.4629044485219
22,243.4629044485219
23,243.4629044485219
24,243.2969441904034
25,243.2969441904034
26,243.2969441904034
27,243.2969441904034
28,243.2969441904034
29,243.2969441904034
30,243.2969441904034
31,243.2969441904034
32,243.2969441904034
33,243.2969441904034
34,243.2969441904034
35,243.2969441904034
36,242.71743118761614
37,242.71743118761614
38,242.71743118761614
39,242.71743118761614
40,242.71743118761614
41,242.71743118761614
42,242.52357346805033
43,242.52357346805033
44,242.52357346805033
45,241.72285987172467
46,241.72285987172467
47,241.72285987172467
48,241.72285987172467
49,241.72285987172467
50,241.72285987172467
51,241.72285987172467
52,241.72285987172467
53,241.72285987172467
54,241.72285987172467
55,241.40315970455103
56,241.40315970455103
57,241.34461406531435
58,241.34461406531435
59,241.34461406531435
60,241.34461406531435
61,241.34461406531435
62,241.34461406531435
63,241.34461406531435
64,241.3134223662316
65,241.18187215293509
66,241.18187215293509
67,239.26484927310776
68,239.26484927310776
69,239.26484927310776
70,238.04920994081778
71,238.04920994081778
72,238.04920994081778
