epoch,fitness
0,1624.6887019083479
1,1569.9710097833722
2,1478.6154271037567
3,1124.180800270439
4,946.704249129657
5,646.5981263683083
6,548.4316279947365
7,548.4316279947365
8,546.4228464515052
9,546.4228464515052
10,546.4228464515052
11,545.0031625443343
12,538.7449328639846
13,524.2920189522247
14,524.2920189522247
15,521.2101145333739
16,515.2439912929296
17,515.2439912929296
18,514.8965279940974
19,514.8965279940974
20,514.8965279940974
21,514.8965279940974
22,514.8965279940974
23,514.8965279940974
24,514.8965279940974
25,514.8965279940974
26,513.9652703186708
27,513.9652703186708
28,513.9652703186708
29,513.9652703186708
30,513.9652703186708
31,509.71544101598226
32,509.71544101598226
33,509.71544101598226
34,503.40034006064985
35,503.40034006064985
36,503.40034006064985
37,503.40034006064985
38,503.40034006064985
39,503.40034006064985
40,503.40034006064985
41,503.40034006064985
42,503.40034006064985
43,503.40034006064985
44,503.40034006064985
45,503.40034006064985
46,503.40034006064985
47,503.40034006064985
48,503.40034006064985
49,501.6154040131275
50,501.6154040131275
51,501.6154040131275
52,501.6154040131275
53,501.6154040131275
