epoch,fitness
0,1555.5324826694546
1,1105.7754488653684
2,805.7062536048435
3,766.2438074143461
4,756.7458681791632
5,755.884934088414
6,754.0371332775475
7,751.3262151331462
8,744.4250868051971
9,740.6973040948353
10,739.4776459616671
11,736.9765883633643
12,736.9765883633643
13,736.9765883633643
14,736.9765883633643
15,736.9765883633643
16,736.6687295591631
17,736.1268197784376
18,736.1268197784376
19,733.8602837656273
20,732.3991426094083
21,732.3991426094083
22,719.3000502303336
23,719.0800644472619
24,717.6823236766438
25,714.9266282037124
26,707.0644249564622
27,675.7041756857465
28,675.7041756857465
29,673.0258866812363
30,673.0258866812363
31,673.0258866812363
32,669.5101020723048
33,669.2944126521354
34,669.2944126521354
35,666.2550383281549
36,666.2550383281549
37,666.2550383281549
38,666.2550383281549
