epoch,fitness
0,575.7335418068194
1,397.8245926063096
2,288.7900912263731
3,282.98616328093755
4,282.5495045918327
5,279.397668843814
6,278.80833176089857
7,276.9655854381052
8,276.05474574973516
9,275.1054192952538
10,274.22788061177584
11,274.0889585599609
12,272.945852382864
13,271.0688068744178
14,270.55996944993547
15,270.55996944993547
16,269.1248875413316
17,268.18702639095505
18,267.9532744911656
19,267.15644968165407
20,267.15644968165407
21,266.45046136649836
22,265.6718117651645
23,263.9606631513667
24,263.4518196353541
25,260.8201746395447
26,260.8201746395447
27,260.8201746395447
28,260.59663110796873
29,260.37091568332295
30,259.6635202717671
31,259.51363098735214
32,259.51363098735214
33,259.4538981858419
34,258.7055569111619
35,258.7055569111619
36,258.27204146161324
37,257.97569557823607
38,257.97569557823607
39,257.7075747081557
40,257.7075747081557
41,257.42672343506257
42,256.3793831183484
43,256.3793831183484
44,255.2735087007469
45,254.97328850562795
46,254.7304718803001
47,254.7304718803001
48,254.0151185060864
49,253.99132997935277
50,251.47553377361004
51,251.47553377361004
52,251.40137079412958
53,251.2063257353344
54,250.8854776593536
55,250.8854776593536
56,250.8854776593536
