epoch,fitness
0,1220.576162663997
1,986.4354036097396
2,493.13534536477687
3,473.95351009769234
4,470.2387516434904
5,463.2675004082652
6,463.2675004082652
7,463.2675004082652
8,463.2675004082652
9,463.2675004082652
10,461.4434462076835
11,461.4434462076835
12,461.4434462076835
13,461.4434462076835
14,461.2040219702761
15,461.2040219702761
16,460.0994464639285
17,460.0994464639285
18,460.0994464639285
19,459.100912830845
20,459.100912830845
21,457.4770427906663
22,457.4770427906663
23,456.5706686774459
24,456.5706686774459
25,456.5706686774459
26,456.5706686774459
27,456.5706686774459
28,455.11752964128453
29,455.11752964128453
30,455.11752964128453
31,455.11752964128453
32,455.11752964128453
33,455.11752964128453
34,455.11752964128453
35,455.11752964128453
36,455.11752964128453
37,452.77375429373836
38,450.36315322797236
39,450.2649180268107
40,448.91224112859715
41,448.91224112859715
42,448.91224112859715
43,448.91224112859715
44,448.91224112859715
45,448.91224112859715
46,448.91224112859715
47,448.91224112859715
48,448.91224112859715
49,446.4267126415301
50,446.4267126415301
51,446.4267126415301
52,446.4267126415301
