epoch,fitness
0,853.2580579797624
1,682.2692055763214
2,373.29369661638293
3,372.1427082917227
4,365.3544719984374
5,364.3131835456534
6,364.3131835456534
7,364.3131835456534
8,364.3131835456534
9,364.3131835456534
10,359.4044516475641
11,359.4044516475641
12,357.17398132443066
13,355.06076968103963
14,355.06076968103963
15,353.6758806950741
16,353.56841418577005
17,353.56841418577005
18,353.56841418577005
19,353.56841418577005
20,353.56841418577005
21,348.53399405196035
22,348.53399405196035
23,348.53399405196035
24,346.1796302957417
25,346.04480912674666
26,346.04480912674666
27,346.04480912674666
28,344.9914666165893
29,344.9914666165893
30,344.7407957209916
31,344.7407957209916
32,344.7407957209916
33,344.7407957209916
34,343.469856827661
35,343.469856827661
36,343.469856827661
37,343.469856827661
38,343.469856827661
39,343.469856827661
40,342.28804154660486
41,342.28804154660486
42,339.19831205909406
43,339.19831205909406
44,339.19831205909406
45,335.53603520421365
46,335.53603520421365
47,335.53603520421365
48,335.53603520421365
49,335.53603520421365
50,332.801415908579
51,332.801415908579
52,330.7091165908651
53,330.5142250150647
54,329.19499230341773
55,327.103495342124
56,326.91010340124984
57,326.91010340124984
58,326.91010340124984
59,326.5868538300834
60,326.5868538300834
61,326.5868538300834
62,326.5868538300834
63,326.51024945197634
64,326.51024945197634
65,326.4237272892012
66,326.20632679313746
67,324.2022169802994
68,324.2022169802994
69,324.2022169802994
70,324.2022169802994
