epoch,fitness
0,954.4052971127766
1,691.0228769647046
2,507.23326411148685
3,463.2627116213899
4,458.3057178358547
5,455.5995231395668
6,455.58920179434773
7,451.8310668349406
8,451.8310668349406
9,451.8280256070628
10,451.39908332370504
11,445.20663330366904
12,445.20663330366904
13,445.20663330366904
14,445.20663330366904
15,444.7463521206
16,444.7463521206
17,444.7463521206
18,444.223630826006
19,443.58971509302694
20,442.4683698296263
21,442.4683698296263
22,442.4683698296263
23,442.4683698296263
24,442.4683698296263
25,442.1863531801142
26,442.1863531801142
27,441.4408094865395
28,440.03393229847853
29,440.03393229847853
30,440.03393229847853
31,440.03393229847853
32,439.92947652791236
33,438.80580633396346
34,438.80580633396346
35,438.1962712570014
36,438.1962712570014
37,435.9375136915799
38,435.9266684684087
39,435.7876634332816
40,434.47261581865274
41,433.2596931143529
42,430.4969086211404
43,430.4969086211404
44,429.6616435752357
45,429.3978120183839
46,429.0293482199168
47,428.64311894210783
48,428.64311894210783
49,428.17416897019484
50,428.17416897019484
51,428.17416897019484
52,426.7324349306302
53,426.3609188816862
54,426.3609188816862
55,426.3609188816862
