epoch,fitness
0,593.0200509363914
1,559.3528353502627
2,411.93820631474097
3,298.33512881554503
4,260.2235437287139
5,254.33440086613845
6,253.91011884024493
7,250.57469054010386
8,250.57469054010386
9,250.45467603498818
10,250.45467603498818
11,250.45467603498818
12,250.45467603498818
13,250.45467603498818
14,250.41594126135524
15,250.41594126135524
16,250.41594126135524
17,250.41594126135524
18,250.39615744114394
19,250.39615744114394
20,250.39615744114394
21,250.39615744114394
22,249.99586630180772
23,249.99586630180772
24,249.99586630180772
25,249.78771184437878
26,249.2211816639604
27,248.5922470824646
28,248.25210792055404
29,248.25210792055404
30,248.25210792055404
31,247.666860752186
32,246.89746969105943
33,246.89746969105943
34,246.89746969105943
35,246.89746969105943
36,246.89746969105943
37,246.89746969105943
38,246.37803675827718
39,246.37803675827718
40,246.37803675827718
41,246.37803675827718
42,245.99134613729223
43,245.99134613729223
44,245.69981355948175
45,245.69981355948175
46,245.30070575878733
47,244.860758652568
48,244.72912600953322
49,244.72912600953322
50,243.66129765623813
51,243.66129765623813
52,243.66129765623813
53,243.66129765623813
54,243.33408197457894
55,243.30323744491832
56,243.30323744491832
57,242.7263703419883
58,242.7263703419883
59,242.7263703419883
60,242.7263703419883
61,242.7263703419883
62,242.7263703419883
63,242.7263703419883
