epoch,fitness
0,561.0514285923032
1,425.211138019469
2,334.3696860358041
3,285.41332427040413
4,280.9088197812831
5,279.2007136623109
6,276.33678128962055
7,274.7578481432067
8,274.52623530591734
9,273.3421256404426
10,270.74688415953113
11,269.68377162058795
12,267.7582690118492
13,267.7582690118492
14,266.108203802464
15,265.70542905692986
16,264.7363769048154
17,263.1763128292032
18,261.9836446692248
19,259.79243587095226
20,259.79243587095226
21,259.11665318706986
22,258.99529459278295
23,258.99529459278295
24,258.99529459278295
25,257.4118536723218
26,257.31154608653685
27,255.7722367819615
28,255.6036753895293
29,255.44142018013977
30,254.58638418520908
31,254.58638418520908
32,254.58553690227737
33,254.1286525449928
34,252.88312771544733
35,252.88312771544733
36,252.88312771544733
37,252.88312771544733
38,252.20403759833928
39,252.20403759833928
40,252.20403759833928
41,251.88851059668178
42,251.66727512906883
43,251.37852780572908
44,251.37852780572908
45,251.37852780572908
46,251.37852780572908
47,251.29845056775252
48,251.2161927452202
49,251.1347032769286
50,251.1347032769286
51,251.1347032769286
52,250.99022699646457
53,250.66856829697244
54,250.66856829697244
55,250.66856829697244
56,250.66856829697244
57,250.23873380821783
58,250.23873380821783
59,250.23873380821783
60,250.23873380821783
61,249.68038267267355
62,249.33462176325048
63,249.10255325046876
