epoch,fitness
0,865.4421894544465
1,811.1797525249817
2,527.933917328155
3,425.4047664812172
4,415.63751682373356
5,409.1560023552602
6,409.1560023552602
7,409.1560023552602
8,404.8448324585239
9,396.30551156846684
10,396.1694625075232
11,396.1694625075232
12,392.1605903110777
13,388.73779480912395
14,388.73779480912395
15,388.32335138033386
16,388.32335138033386
17,388.17842346860147
18,386.97491411989046
19,385.04907863185684
20,385.04907863185684
