epoch,fitness
0,1066.6028161181023
1,785.6419528804088
2,628.0325432289259
3,590.2899479188281
4,558.096112459123
5,545.720845286953
6,545.2921730080201
7,544.6754453377625
8,544.6754453377625
9,542.7341867687278
10,542.1917373446444
11,540.4041624785904
12,540.4041624785904
13,540.4041624785904
14,539.155446846525
15,539.0370293184468
16,536.5316094720778
17,535.9543898837105
18,535.6787888989228
19,535.6787888989228
20,534.7731883521468
21,534.7731883521468
22,534.6415731760305
23,533.2068013299884
24,533.2068013299884
25,527.7471281572138
26,525.9152763827901
27,524.7464628396892
28,521.904246697122
29,519.3448007728455
30,518.9536929984035
31,518.2414803640177
32,517.6484180628358
33,516.6927979510864
34,516.669657788549
35,516.669657788549
36,516.2114328829286
37,516.2114328829286
38,515.9036495859472
39,515.4528825715263
40,513.9736813980941
41,513.9736813980941
42,513.9736813980941
43,512.8114019648629
44,509.6365554159456
45,509.5548359899733
46,509.5548359899733
47,509.5548359899733
48,509.5548359899733
49,508.7816387646541
50,508.3278772074751
