epoch,fitness
0,287.2978593305791
1,278.93572138980267
2,195.6288430599852
3,173.87072403716033
4,171.03177866617716
5,165.9000800562284
6,163.46941991000756
7,156.7087141578618
8,151.13758326126074
9,149.42328043002573
10,147.0252187723901
11,145.71669025713786
12,145.0827239727215
13,144.34878121746058
14,144.08789108580416
15,143.3231354463383
16,143.14278913463082
17,142.4036360695511
18,141.7414216940014
19,141.2701314418162
20,141.0291904571755
21,138.81437181827258
22,138.80196720546948
23,138.66933931831164
24,138.66933931831164
25,138.32657007036886
26,138.32657007036886
27,138.12864875843013
28,136.98008261856717
29,136.91424125151414
30,136.91424125151414
31,136.91424125151414
32,136.29292219009645
33,136.1588222920483
34,136.1588222920483
35,135.77902674953472
36,135.76258825747405
37,135.50982082784108
38,134.89539072699603
39,134.89539072699603
40,134.89539072699603
41,133.96074733514865
42,133.63283967313345
43,133.18179917420693
44,133.13219441054054
45,132.44003265268267
46,131.84836342489817
47,131.15039336519143
48,130.68695203500312
49,130.68695203500312
50,130.68695203500312
51,130.68695203500312
52,130.39527573544433
53,129.7144218634252
54,129.52919518079108
55,129.52919518079108
56,128.92035311360002
57,128.58887290300905
58,128.58887290300905
59,128.54732835093606
60,128.54732835093606
61,128.11790993508595
62,127.92849297163988
63,127.81759973949424
64,127.32437349070695
65,127.32437349070695
66,126.89829509149381
