epoch,fitness
0,285.95468186303304
1,248.86287748702964
2,170.4366831421629
3,162.08698772951746
4,156.3145868236905
5,149.02633552962348
6,148.1624350338909
7,148.1624350338909
8,147.7676104886542
9,147.7676104886542
10,147.7676104886542
11,147.18378655353672
12,146.26760498680912
13,145.04967842034083
14,144.53527877903352
15,144.26150692674176
16,144.02026941543272
17,143.92968738923608
18,143.92968738923608
19,143.69039376784974
20,142.9623099000122
21,142.61063377060665
22,142.40891985032164
23,142.40891985032164
24,141.0782444064054
25,140.44214119803684
26,140.301942959039
27,140.301942959039
28,140.1807931384811
29,139.3409657914114
30,139.3409657914114
31,138.9922342905664
32,137.8357762743177
33,137.70828666451752
34,137.29973325999092
35,137.29973325999092
36,137.2395825204842
37,136.80375975483884
38,136.80375975483884
39,135.19318274713862
40,135.16891695996264
41,135.16891695996264
42,135.16891695996264
43,135.06449079402864
44,134.97048199191002
45,134.97048199191002
46,133.72977670294136
47,133.72977670294136
48,133.72977670294136
49,133.72977670294136
50,133.64981298973683
51,133.64981298973683
52,132.821240163427
53,132.821240163427
54,132.821240163427
55,132.6772092034898
56,132.22998711235076
57,131.77535763567022
58,131.13780023050595
59,130.38967645070352
60,128.81277799334146
61,128.81277799334146
62,128.81277799334146
63,127.76275097401755
64,127.76275097401755
65,127.76275097401755
66,127.56153488740976
67,127.56153488740976
68,127.41722354453616
69,127.41722354453616
70,127.12579888135383
71,125.28716552950063
72,125.01556765769375
73,124.69810184927991
74,123.99905294629971
75,122.96703165630278
76,122.96703165630278
77,122.3061283157626
78,122.12772215751467
79,122.12772215751467
