epoch,fitness
0,288.62438091320934
1,192.61516290307463
2,157.3610316580865
3,150.78094743277362
4,150.42985974980994
5,149.74375715344428
6,148.0243521199185
7,147.49185643233702
8,146.89276614958487
9,144.54506762143205
10,144.35306316309857
11,143.76789501384857
12,141.37003137350166
13,141.1520332303312
14,141.1520332303312
15,139.95170676226522
16,139.0594439487323
17,138.70061929942096
18,138.4665035156458
19,137.89208541584313
20,136.67324398800363
21,136.67324398800363
22,136.19658472980012
23,136.19658472980012
24,136.01357000195483
25,135.28795186522223
26,135.0970683523573
27,133.64515879427958
28,132.9821774296805
29,132.9821774296805
30,132.9821774296805
31,132.9821774296805
32,132.9821774296805
33,132.9821774296805
34,132.9821774296805
35,132.9821774296805
36,132.93961346254753
37,132.93961346254753
38,132.93245110734654
39,130.59229719561984
40,130.59229719561984
41,130.51947779836047
42,130.37237552485382
43,129.97591993614964
44,128.70928455906113
45,127.92180846619583
46,127.88225151700081
47,127.88225151700081
48,127.51270623073647
49,127.51270623073647
50,127.42599781142076
51,127.42599781142076
52,127.36808532929138
53,126.50295994044582
54,126.50295994044582
55,126.44137888295472
56,125.85783939541757
57,125.64585381584375
58,125.64585381584375
59,125.39519999010436
60,125.39519999010436
61,125.00130983176834
62,125.00130983176834
