epoch,fitness
0,480.9759790110976
1,444.3377813899945
2,442.1642803406763
3,421.5770734243954
4,421.5770734243954
5,421.5770734243954
6,394.3584658272074
7,241.46231554654457
8,234.63999648415822
9,234.63999648415822
10,233.0352436525732
11,231.4153309015594
12,230.45320634578272
13,230.45320634578272
14,230.45320634578272
15,230.45320634578272
16,230.45320634578272
17,230.3245407743433
18,229.86618026388544
19,229.86618026388544
20,229.86618026388544
21,229.09295788259462
22,228.7253141762187
23,228.7253141762187
24,228.49636116948284
25,228.42727670739538
26,228.42727670739538
27,228.37038060894147
28,228.2926722758862
29,228.2792599123179
30,228.2792599123179
31,228.2792599123179
32,228.2792599123179
33,228.2792599123179
34,228.2792599123179
35,228.2792599123179
36,228.2792599123179
37,228.2792599123179
38,228.2792599123179
39,228.2792599123179
40,225.36961141483516
41,225.36961141483516
42,225.36961141483516
43,225.36961141483516
44,225.36961141483516
45,225.36961141483516
46,225.36961141483516
47,225.36961141483516
48,225.36961141483516
49,225.36961141483516
50,225.36961141483516
51,225.36961141483516
52,225.36961141483516
53,225.36961141483516
54,225.36961141483516
55,225.36961141483516
56,225.36961141483516
57,225.36961141483516
58,225.36961141483516
59,225.36961141483516
60,225.36961141483516
61,225.36961141483516
62,225.36961141483516
63,225.36961141483516
64,225.36961141483516
65,225.36961141483516
66,225.36961141483516
67,225.36961141483516
68,225.36961141483516
69,225.36961141483516
70,225.28925210880317
71,225.28925210880317
72,225.28925210880317
73,225.03584119657978
74,225.03584119657978
75,225.03584119657978
