epoch,fitness
0,500.9959476254979
1,473.6744194245403
2,403.06904849621066
3,322.67741689238454
4,266.8353387154962
5,252.25863716559434
6,241.05408530328526
7,238.1930917028289
8,238.1930917028289
9,238.1930917028289
10,237.63837960746577
11,236.14785770749867
12,236.14785770749867
13,236.14785770749867
14,236.14785770749867
15,234.30431909892226
16,234.30431909892226
17,234.30431909892226
18,234.30431909892226
19,234.30431909892226
20,231.761370364866
21,231.761370364866
22,231.761370364866
23,231.761370364866
24,231.761370364866
25,231.761370364866
26,231.6691016424617
27,231.6691016424617
28,231.6691016424617
29,231.6691016424617
30,231.6691016424617
31,231.6691016424617
32,231.6691016424617
33,231.37343565151411
34,230.71317176666278
35,228.3490399940997
36,228.3490399940997
37,228.3490399940997
38,228.3490399940997
39,228.3490399940997
40,228.3490399940997
41,228.3490399940997
42,228.3490399940997
43,228.3490399940997
44,228.3490399940997
45,228.3490399940997
46,228.3490399940997
47,228.3490399940997
48,228.3490399940997
49,228.3490399940997
50,228.3490399940997
51,228.3490399940997
52,228.3490399940997
53,228.3490399940997
54,228.3490399940997
55,228.32801638719678
56,228.32801638719678
57,228.32801638719678
58,228.32801638719678
