epoch,fitness
0,123.28331015116467
1,123.28331015116467
2,108.46900671850285
3,108.46900671850285
4,108.46900671850285
5,102.15377091784094
6,98.07214493602532
7,97.70426698344241
8,94.72759182198637
9,94.72759182198637
10,93.94189224483041
11,93.94189224483041
12,92.5906608411627
13,92.5906608411627
14,92.5906608411627
15,92.52088519225327
16,91.72650279966788
17,88.94623599051916
18,88.94623599051916
19,88.91323252427678
20,88.91323252427678
21,88.87845109197329
22,88.87845109197329
23,88.87845109197329
24,88.87845109197329
25,88.81248054752194
26,88.81248054752194
27,88.81248054752194
28,88.53654339442512
29,88.53654339442512
30,88.53654339442512
31,88.51813073218094
32,88.51813073218094
33,88.51813073218094
34,88.51813073218094
35,88.51813073218094
36,88.50598236606368
37,88.50598236606368
38,88.50598236606368
39,88.39491681997461
40,88.39491681997461
41,88.39491681997461
42,88.39491681997461
43,88.39491681997461
44,88.39491681997461
45,88.39491681997461
46,88.39491681997461
47,88.39491681997461
48,88.39491681997461
49,88.39491681997461
50,88.39491681997461
51,88.39491681997461
52,88.39491681997461
53,88.39491681997461
54,88.39491681997461
55,88.39491681997461
56,88.29506606651597
57,88.29506606651597
58,88.29506606651597
59,88.29506606651597
60,88.29506606651597
61,88.29506606651597
62,88.29506606651597
63,88.29506606651597
64,88.29506606651597
65,88.29506606651597
66,88.29506606651597
67,88.29506606651597
68,88.29506606651597
69,88.29506606651597
70,88.29506606651597
71,88.25922124291517
72,88.25045686889584
73,88.25045686889584
74,88.25045686889584
75,88.25045686889584
76,88.25045686889584
77,88.25045686889584
78,88.25045686889584
79,88.25045686889584
80,88.25045686889584
81,88.25045686889584
82,88.25045686889584
