epoch,fitness
0,121.64112539181978
1,121.64112539181978
2,113.08382174763418
3,112.29223701929148
4,95.75460291650954
5,93.28747086167628
6,91.18192098075161
7,91.18192098075161
8,90.50212043735681
9,88.56566633359027
10,88.56566633359027
11,88.56566633359027
12,88.28088391714059
13,88.07446054391345
14,88.07446054391345
15,88.07446054391345
16,88.07446054391345
17,88.07446054391345
18,88.07446054391345
19,88.07446054391345
20,88.07446054391345
21,87.94980751824207
22,87.94980751824207
23,87.94980751824207
24,87.94980751824207
25,86.93313800642906
26,86.93313800642906
27,86.46447531246302
28,86.46447531246302
29,86.46447531246302
30,86.46447531246302
31,86.46447531246302
32,86.46447531246302
33,86.46447531246302
34,86.46447531246302
35,86.46447531246302
36,86.46447531246302
37,86.46447531246302
38,86.46447531246302
39,86.46447531246302
40,86.46447531246302
41,86.46447531246302
42,86.46447531246302
43,86.46447531246302
44,86.46447531246302
45,86.46447531246302
46,86.46447531246302
47,86.46447531246302
48,86.46447531246302
49,86.46447531246302
50,86.46447531246302
51,86.46447531246302
52,86.46447531246302
53,86.46447531246302
54,86.46447531246302
55,86.45596239169247
56,86.45596239169247
57,86.45596239169247
58,86.45596239169247
59,86.45596239169247
60,86.45596239169247
61,86.45596239169247
62,86.45596239169247
63,86.45596239169247
64,86.45596239169247
65,86.45596239169247
66,86.45596239169247
67,86.45596239169247
68,86.45596239169247
69,86.45596239169247
70,86.41655714443009
71,86.40606426910341
72,86.40606426910341
73,86.40606426910341
74,86.40606426910341
75,86.40606426910341
76,86.3708734266722
77,86.3708734266722
78,86.3708734266722
79,86.3708734266722
80,86.3708734266722
81,86.3708734266722
82,86.3708734266722
83,86.3708734266722
84,86.3708734266722
85,86.3708734266722
