epoch,fitness
0,719.6621128794628
1,617.5958457514654
2,330.58834971922516
3,306.0002892515938
4,306.0002892515938
5,306.0002892515938
6,306.0002892515938
7,304.2191910434529
8,304.2191910434529
9,303.1906011781653
10,303.1906011781653
11,303.1906011781653
12,303.0378607521369
13,303.0378607521369
14,300.80874834850346
15,300.80874834850346
16,300.80874834850346
17,300.80874834850346
18,300.80874834850346
19,300.80874834850346
20,299.0531136443305
21,299.0531136443305
22,299.0531136443305
23,294.4100762182106
24,294.1310198882912
25,290.3632623790374
26,290.3632623790374
27,289.3706795319058
28,289.08511405795923
29,289.08511405795923
30,289.08511405795923
31,287.0035029988623
32,287.0035029988623
33,287.0035029988623
34,287.0035029988623
35,287.0035029988623
36,287.0035029988623
37,287.0035029988623
38,287.0035029988623
39,287.0035029988623
40,287.0035029988623
41,287.0035029988623
42,287.0035029988623
43,287.0035029988623
44,286.9906596398726
45,286.9906596398726
46,286.9906596398726
47,286.9906596398726
48,286.1834974981762
49,286.1834974981762
50,286.1834974981762
51,286.1834974981762
52,286.1834974981762
53,285.91846992979293
54,285.91846992979293
55,285.91846992979293
56,285.91846992979293
57,285.91846992979293
58,285.91846992979293
59,285.91846992979293
60,285.7225806262769
61,284.8660462977638
62,284.8660462977638
63,284.7140391124309
64,284.7140391124309
65,284.7140391124309
66,284.7140391124309
67,284.7140391124309
68,284.7140391124309
69,284.7140391124309
70,283.19347951275313
71,283.1206137768161
72,283.1206137768161
73,283.1206137768161
