epoch,fitness
0,731.5418244720938
1,708.4182595537818
2,708.4182595537818
3,666.225865601228
4,663.3621947286086
5,407.0446240953415
6,401.33095260422334
7,371.36316554863305
8,371.36316554863305
9,371.36316554863305
10,371.36316554863305
11,370.76750503838866
12,365.7122656037323
13,365.7122656037323
14,365.7122656037323
15,356.19465763433817
16,353.32712216168545
17,347.9029456128816
18,347.9029456128816
19,347.9029456128816
20,347.9029456128816
21,347.9029456128816
22,347.9029456128816
23,346.10553004188347
24,346.10553004188347
25,346.10553004188347
26,345.3254355465181
27,345.1822577109238
28,345.1822577109238
29,343.3831360368021
30,341.657726149738
31,341.657726149738
32,341.657726149738
33,341.657726149738
34,336.0556853049983
35,331.62720572892306
36,331.62720572892306
37,331.62720572892306
38,331.62720572892306
39,331.62720572892306
40,331.62720572892306
41,331.62720572892306
42,331.62720572892306
43,330.85066619623933
44,330.85066619623933
45,330.85066619623933
46,330.06487351543115
47,330.0639124204002
48,330.0639124204002
49,330.0639124204002
50,328.2714579917979
51,328.2714579917979
52,328.2714579917979
53,327.55525029921336
54,327.55525029921336
55,327.55525029921336
56,327.55525029921336
57,327.55525029921336
58,327.55525029921336
59,327.55525029921336
