epoch,fitness
0,1564.5218227467615
1,1270.9651624005594
2,781.1061463982655
3,747.7512638787381
4,737.8565182625078
5,737.8565182625078
6,733.9142201833487
7,733.9142201833487
8,733.9142201833487
9,733.4467753283895
10,731.294531867373
11,730.8682618792451
12,730.1061826411166
13,730.1061826411166
14,730.1061826411166
15,730.1061826411166
16,730.1061826411166
17,730.1061826411166
18,730.1061826411166
