epoch,fitness
0,1254.040221187002
1,1180.4376585721361
2,698.2821916692758
3,489.9598100089926
4,474.0372584636286
5,459.4441206018448
6,452.9428286958507
7,442.89284073479627
8,442.89284073479627
9,442.89284073479627
10,442.89284073479627
11,442.89284073479627
12,442.89284073479627
13,438.1024059954917
14,438.1024059954917
15,438.1024059954917
16,438.1024059954917
17,438.1024059954917
18,438.1024059954917
19,438.1024059954917
20,438.1024059954917
21,438.1024059954917
22,438.1024059954917
23,438.02842742135095
24,438.02842742135095
25,438.02842742135095
26,438.02842742135095
27,438.02842742135095
28,438.02842742135095
29,438.02842742135095
30,438.02842742135095
31,438.02842742135095
32,438.02842742135095
33,438.02842742135095
34,438.02842742135095
35,437.8022293764441
36,437.8022293764441
37,437.8022293764441
38,437.8022293764441
39,437.8022293764441
40,437.8022293764441
41,435.16891913771843
42,435.16891913771843
43,431.14961145546596
44,431.14961145546596
45,431.14961145546596
46,431.14961145546596
47,431.14961145546596
48,431.14961145546596
49,431.14961145546596
50,431.14961145546596
51,431.14961145546596
52,431.14961145546596
53,431.14961145546596
54,431.14961145546596
55,431.14961145546596
