epoch,fitness
0,1191.7181608493293
1,1120.824395469209
2,1073.8889565957465
3,1059.7288572455088
4,441.6737509486853
5,438.1445137384375
6,405.14344115274275
7,405.14344115274275
8,405.14344115274275
9,405.14344115274275
10,405.14344115274275
11,405.14344115274275
12,405.14344115274275
13,405.14344115274275
14,405.14344115274275
15,405.14344115274275
16,405.14344115274275
17,405.14344115274275
18,405.14344115274275
19,402.7715432865822
20,402.7715432865822
21,402.7715432865822
22,402.7715432865822
23,402.7715432865822
24,402.7715432865822
25,402.652501747553
26,402.652501747553
27,402.56585643907965
28,402.56585643907965
29,402.56585643907965
30,402.54059913589725
31,401.0955827518834
32,398.89162772949373
33,398.89162772949373
34,397.80901670797704
35,397.80901670797704
36,397.80901670797704
37,395.74404566124326
38,395.74404566124326
39,395.74404566124326
40,395.6879167367099
41,389.00202833172494
42,389.00202833172494
43,384.33488854489536
44,384.33488854489536
45,383.9128602068467
46,383.9128602068467
47,383.9128602068467
48,383.88755474469826
49,383.88755474469826
50,383.88755474469826
51,383.01292143440315
52,383.01292143440315
53,383.01292143440315
54,383.01292143440315
55,383.01292143440315
56,383.01292143440315
57,383.01292143440315
58,383.01292143440315
59,383.01292143440315
60,383.01292143440315
61,383.01292143440315
62,383.01292143440315
63,380.9245295103311
64,380.9245295103311
65,380.9245295103311
66,380.9245295103311
67,380.9245295103311
68,380.9245295103311
69,380.9245295103311
