epoch,fitness
0,1165.8817452531569
1,1144.3673597678348
2,797.4534182643225
3,456.63420769391166
4,440.3032658505601
5,426.2848800277369
6,426.2848800277369
7,426.2848800277369
8,424.1543218828591
9,424.1543218828591
10,424.1543218828591
11,421.86615260851465
12,421.44811114612514
13,421.44811114612514
14,414.7684823440692
15,414.6338744290879
16,412.51863292572193
17,412.51863292572193
18,412.51863292572193
19,410.94701790449795
20,410.4988129644037
21,408.33542505591004
22,408.33542505591004
23,406.8414691122687
24,406.8414691122687
25,406.750418447143
26,406.750418447143
27,406.750418447143
28,405.3593359911213
29,405.3593359911213
30,405.3593359911213
31,405.2633590811859
32,405.2633590811859
33,403.6024624688176
34,403.6024624688176
35,403.6024624688176
36,403.6024624688176
37,403.6024624688176
38,403.6024624688176
39,402.0449537225111
40,401.15697614018825
41,401.15697614018825
42,401.15697614018825
43,401.15697614018825
44,401.15697614018825
45,401.15697614018825
46,400.96793790493547
47,400.96793790493547
48,400.96793790493547
49,400.96235548055085
50,400.96235548055085
51,400.96235548055085
52,400.8088422667648
53,400.8088422667648
