epoch,fitness
0,124.49251242388236
1,113.44266806496537
2,112.89412041704364
3,111.93956958911822
4,111.69909129190967
5,110.010501797438
6,102.96895735922656
7,102.66664523256743
8,100.94912802458599
9,100.37970390180585
10,100.37970390180585
11,100.37970390180585
12,100.37970390180585
13,99.73005759014563
14,98.57090134646832
15,98.06668696579241
16,98.06668696579241
17,98.06668696579241
18,98.06668696579241
19,98.06668696579241
20,98.05031107030598
21,96.9391859145855
22,96.9391859145855
23,96.9391859145855
24,96.33848644348078
25,93.3105906973334
26,93.3105906973334
27,93.3105906973334
28,92.57945767773144
29,92.57945767773144
30,92.57945767773144
31,92.5098283020686
32,92.5098283020686
33,92.5098283020686
34,92.5098283020686
35,92.5098283020686
36,92.5098283020686
37,92.48664050972673
38,92.38488658115152
39,92.38488658115152
40,92.3831344740853
41,92.3831344740853
42,92.3831344740853
43,92.3831344740853
44,92.3831344740853
45,92.3831344740853
46,92.3831344740853
47,92.3831344740853
48,92.3831344740853
49,92.3831344740853
50,92.3831344740853
51,92.3831344740853
52,92.3831344740853
53,92.3831344740853
54,92.3831344740853
55,92.3831344740853
56,92.3831344740853
57,92.3831344740853
58,92.3831344740853
59,92.3831344740853
60,92.3831344740853
61,92.3831344740853
62,92.3831344740853
63,92.3831344740853
64,92.3831344740853
65,92.3831344740853
66,92.3831344740853
67,92.3831344740853
