epoch,fitness
0,590.4851793954908
1,467.0280698767944
2,291.6017461436405
3,279.84760572480315
4,277.3730714723278
5,277.17556914104745
6,274.35570894435506
7,274.35570894435506
8,271.8033579211048
9,268.3268026352219
10,267.86946074325124
11,267.86946074325124
12,266.2029582860095
13,266.2029582860095
14,264.6271017721813
15,260.95083115031895
16,260.95083115031895
17,260.0047771384599
18,260.0047771384599
19,260.0047771384599
20,260.0047771384599
21,260.0047771384599
22,259.9709775694087
23,259.74086778175405
24,259.74086778175405
25,259.74086778175405
26,259.74086778175405
27,259.74086778175405
28,259.74086778175405
29,259.1746681539282
30,258.64508784218543
31,258.12879572893155
32,257.7432957161355
33,257.7432957161355
34,257.0164726957105
35,257.01558262092715
36,256.2778396010355
37,256.2778396010355
38,256.1419442499648
39,255.45032357994663
40,255.45032357994663
41,255.3760505067517
42,254.9800213751438
43,254.67306163145585
44,254.67306163145585
45,254.67306163145585
46,254.67306163145585
47,254.67306163145585
48,254.67306163145585
49,254.67306163145585
50,253.12067140117182
51,253.01910490915208
52,253.01910490915208
53,253.01910490915208
54,253.01910490915208
55,253.01910490915208
56,252.6795089220336
57,252.6795089220336
58,252.6795089220336
59,252.6795089220336
60,252.4881049255679
61,252.4881049255679
62,251.82520990122714
63,251.82520990122714
64,250.60870605566186
65,250.60870605566186
66,249.62570473106652
67,249.62570473106652
68,249.62570473106652
69,249.62570473106652
70,249.18648926656934
71,249.18648926656934
72,249.11713817314705
73,249.0100459370075
74,249.0100459370075
75,249.0100459370075
76,248.70465595376348
