epoch,fitness
0,466.40300208140116
1,465.11255141662804
2,463.39569220247716
3,390.4404499802578
4,237.6851435032579
5,237.6851435032579
6,236.41349211915414
7,235.3970737306607
8,235.3970737306607
9,229.5749697273795
10,229.5749697273795
11,229.5749697273795
12,229.5749697273795
13,229.5749697273795
14,229.5749697273795
15,229.5749697273795
16,229.5749697273795
17,229.5749697273795
18,229.5749697273795
19,229.5749697273795
20,229.5749697273795
21,229.3595541764619
22,229.3595541764619
23,229.3595541764619
24,229.3595541764619
25,229.3595541764619
26,229.3595541764619
27,229.3595541764619
28,229.3595541764619
29,229.3595541764619
30,229.3595541764619
31,229.3595541764619
32,229.3595541764619
33,229.3595541764619
34,229.3595541764619
35,229.3595541764619
36,229.3595541764619
37,229.30749011464903
38,229.30749011464903
39,229.30749011464903
40,229.30749011464903
41,229.01782669375103
42,229.01782669375103
43,229.01782669375103
44,229.01782669375103
45,228.7362162574623
46,228.71509144249393
47,228.05941214657415
48,228.05941214657415
49,228.05941214657415
50,228.05941214657415
51,228.05941214657415
52,228.05941214657415
53,227.83669083592804
54,227.83669083592804
55,227.83669083592804
56,227.83669083592804
57,227.83669083592804
58,227.83669083592804
59,227.83669083592804
60,227.83669083592804
61,227.83669083592804
62,227.83669083592804
63,227.83669083592804
64,227.83669083592804
65,227.83669083592804
66,227.83669083592804
67,227.83669083592804
68,227.83669083592804
69,227.83669083592804
70,227.83669083592804
71,227.83669083592804
72,227.83669083592804
73,227.83669083592804
74,227.83669083592804
75,227.83669083592804
76,227.83669083592804
