epoch,fitness
0,1545.3552248461954
1,1508.5263267047042
2,979.593621643012
3,597.327905587339
4,562.2778841944681
5,562.2778841944681
6,557.7702667407161
7,548.752617541276
8,548.5735958935206
9,542.577917769043
10,539.3168406153411
11,535.623700670999
12,530.5805033415659
13,530.5805033415659
14,530.5354544827023
15,529.1872406297675
16,529.1872406297675
17,529.1872406297675
18,529.1872406297675
19,529.1872406297675
20,529.064605229158
21,529.064605229158
22,529.064605229158
23,527.6721525839445
24,527.6721525839445
25,527.6721525839445
26,527.6721525839445
27,527.6721525839445
28,523.0158789011754
29,523.0158789011754
30,523.0158789011754
31,521.7189777111038
32,521.7189777111038
33,521.3425614803509
34,520.5500841781137
35,520.5500841781137
36,517.6978519766428
37,517.6978519766428
38,517.6978519766428
39,512.9814094613963
40,512.2557556249484
41,510.180629221052
42,510.1755868980326
43,510.1755868980326
44,508.0276715453422
45,508.0276715453422
46,507.99513391352923
47,507.8106024173257
48,507.8106024173257
49,507.8106024173257
50,507.8106024173257
51,507.2727542243324
