epoch,fitness
0,1519177.29525943
1,883.970222987357
2,727.8337408618194
3,518.716393471602
4,385.6579245848708
5,385.6579245848708
6,362.6048296357447
7,358.3557323386135
8,358.3557323386135
9,358.3557323386135
10,358.3557323386135
11,358.12912021374905
12,357.8092024315034
13,357.8092024315034
14,356.48608207772065
15,356.48608207772065
16,356.48608207772065
17,356.0110978084068
18,356.0110978084068
19,356.0110978084068
20,356.0110978084068
21,356.0110978084068
22,356.0110978084068
23,356.0110978084068
24,356.0110978084068
25,356.0110978084068
26,356.0110978084068
27,355.48207339837137
28,355.48207339837137
29,355.48207339837137
30,355.48207339837137
31,355.48207339837137
32,355.48207339837137
33,355.48207339837137
34,355.48207339837137
35,355.48207339837137
36,355.47100516859985
37,355.47100516859985
38,355.47100516859985
39,355.47100516859985
40,355.47100516859985
41,355.47100516859985
42,355.47100516859985
43,355.47100516859985
44,355.47100516859985
45,355.47100516859985
46,355.47100516859985
47,355.47100516859985
48,355.47100516859985
49,355.33400410161045
50,354.7822206121506
51,354.7822206121506
52,354.7822206121506
53,354.7822206121506
54,354.7822206121506
55,354.7822206121506
56,354.7822206121506
57,354.7822206121506
58,354.7822206121506
59,354.7822206121506
60,354.55133558996704
61,354.55133558996704
62,354.55133558996704
63,354.55133558996704
64,354.55133558996704
65,354.55133558996704
66,354.55133558996704
67,354.55133558996704
68,354.55133558996704
69,354.55133558996704
70,354.1392435744814
71,354.1392435744814
72,354.1392435744814
73,354.1392435744814
74,354.1392435744814
75,354.1392435744814
76,354.1392435744814
77,354.1392435744814
78,354.1392435744814
79,354.1392435744814
80,354.1392435744814
81,354.1392435744814
82,354.1392435744814
83,354.1392435744814
84,354.1392435744814
85,354.1392435744814
86,354.1392435744814
87,354.1392435744814
88,354.1392435744814
89,354.1392435744814
90,354.1392435744814
91,354.1392435744814
92,354.1392435744814
93,354.1392435744814
94,354.1392435744814
95,354.1392435744814
96,354.1392435744814
97,354.1392435744814
98,354.1392435744814
99,354.1392435744814
100,354.1392435744814
101,354.1392435744814
102,354.1392435744814
103,354.1392435744814
104,354.1392435744814
105,354.1392435744814
106,354.1392435744814
107,354.1392435744814
108,354.1392435744814
