epoch,fitness
0,1569.1372292411254
1,1302.6906267049858
2,1252.8439182422942
3,1183.777346794856
4,771.3352603748727
5,766.1688082357654
6,760.0938909368799
7,752.4512937978479
8,752.0324565155104
9,750.1840590602103
10,749.7957099623242
11,748.692355420553
12,748.692355420553
13,748.692355420553
14,747.1993944542412
15,747.1993944542412
16,747.1993944542412
17,745.974376108056
18,745.974376108056
19,744.2181170615233
20,743.1235937586229
21,743.1235937586229
