epoch,fitness
0,878.6295653013518
1,868.1615297626608
2,682.6474312748134
3,417.87492562018696
4,364.74641992785166
5,361.92697331592655
6,359.19486950629584
7,355.3932328167594
8,353.7353086808225
9,348.30174126108955
10,347.81693458122123
11,347.50130935929576
12,347.50130935929576
13,347.50130935929576
14,347.50130935929576
15,345.94260625814127
16,345.94260625814127
17,345.94260625814127
18,345.94260625814127
19,345.58588729206474
20,345.58588729206474
21,344.78201387370376
22,344.78201387370376
23,344.78201387370376
24,344.78201387370376
25,344.78201387370376
26,344.78201387370376
27,344.78201387370376
28,344.78201387370376
29,344.78201387370376
30,344.78201387370376
31,344.78201387370376
32,336.9392707475566
33,336.9320887166504
34,336.9320887166504
35,335.0034276865235
36,335.0034276865235
37,335.0034276865235
38,335.0034276865235
39,335.0034276865235
40,335.0034276865235
41,335.0034276865235
42,335.0034276865235
43,334.64838608368086
44,334.64838608368086
45,334.64838608368086
46,334.64838608368086
47,334.2319453383054
48,334.2319453383054
49,331.84115813762855
50,331.84115813762855
51,331.84115813762855
52,331.84115813762855
53,331.84115813762855
54,331.84115813762855
55,329.87542094653304
56,329.87542094653304
