epoch,fitness
0,1600.8297333945122
1,1600.8297333945122
2,1600.8297333945122
3,1017.0016500389979
4,928.185579638536
5,721.3811245394082
6,678.463690705279
7,678.463690705279
8,678.463690705279
9,674.4647509853902
10,665.5802265963729
11,665.5802265963729
12,665.5802265963729
13,665.5802265963729
14,665.5802265963729
15,664.3878816994563
16,664.3878816994563
17,664.3878816994563
18,658.820580266039
19,658.820580266039
