epoch,fitness
0,138.32427371733127
1,116.81826503380186
2,73.12735638068472
3,71.2703930342422
4,71.2286379150099
5,70.01370053474798
6,69.79028421380467
7,69.79028421380467
8,69.63710100845614
9,69.02706572734068
10,68.08888923075595
11,67.49157675156123
12,67.30500870562824
13,67.27585645910581
14,66.62785607967929
15,66.62785607967929
16,65.97327315437698
17,65.6583712669114
18,65.6583712669114
19,65.5782857430118
20,65.51816449610173
21,64.61270991916197
22,64.08106125341202
23,64.01426895906464
24,63.73773197168069
25,63.30112556094553
26,63.30112556094553
27,62.95979446301198
28,62.90216245406438
29,62.279872086501896
30,61.10272462510612
31,60.50450379513468
32,60.50450379513468
33,60.50450379513468
34,60.50450379513468
35,60.50450379513468
36,60.50450379513468
37,60.50450379513468
38,60.50450379513468
39,60.41454536855866
40,60.41454536855866
41,60.26097973645287
42,60.26097973645287
43,60.11231630324244
44,60.11231630324244
45,59.99992276147487
46,59.99992276147487
47,59.84974591764744
48,59.728160182728885
49,59.646458820578005
50,59.594631843234104
51,59.594631843234104
52,59.44734183248178
53,59.25206154940103
54,57.98654322162552
55,57.8530148772345
56,57.56741654009026
57,57.18011558822324
58,56.633721608640954
59,56.500193221714575
60,56.500193221714575
61,56.500193221714575
62,56.49885174119578
63,56.49885174119578
64,56.439315034566135
65,56.439315034566135
66,56.439315034566135
67,56.439315034566135
68,56.439315034566135
69,56.439315034566135
70,55.9975141102298
71,55.9975141102298
72,55.90519509697728
73,55.90519509697728
74,55.90519509697728
75,55.34653235261563
76,54.37231176700096
77,53.96164546671004
