epoch,fitness
0,1285.037221729658
1,1191.3354276162231
2,674.654842465445
3,497.9285405039945
4,497.9285405039945
5,497.9285405039945
6,488.94587132386346
7,488.94587132386346
8,488.94587132386346
9,488.94587132386346
10,488.94587132386346
11,487.88124056190287
12,484.55028952493683
13,484.55028952493683
14,483.76923641907445
15,482.98264258812816
16,482.98264258812816
17,482.735688107586
18,482.5943742639806
19,477.5831190911097
20,477.5831190911097
21,477.5831190911097
22,477.5831190911097
23,477.5831190911097
24,477.5831190911097
25,477.3656511275973
26,477.2691724670206
27,473.9300928578126
28,473.9300928578126
29,472.5382119088086
30,472.5382119088086
31,472.5382119088086
32,472.24498831886194
33,472.24498831886194
34,472.24498831886194
35,472.24498831886194
36,472.24498831886194
37,472.24498831886194
38,472.24498831886194
39,472.24498831886194
40,472.24498831886194
41,472.24498831886194
42,472.24498831886194
43,472.1264705398655
44,472.1264705398655
45,472.1264705398655
46,472.1264705398655
47,472.1264705398655
48,467.5450722505002
49,467.5450722505002
50,467.5450722505002
51,467.5450722505002
52,466.9741314225761
53,466.9741314225761
54,466.8474493896073
55,465.4522255362944
