epoch,fitness
0,1312.7837712429277
1,1211.9341036543044
2,820.3796569587596
3,528.7160878108958
4,514.2862404738593
5,477.71641772955604
6,474.8917484478014
7,471.4679692822258
8,469.6735304652134
9,469.18892658756744
10,467.5936510550498
11,466.2051574722438
12,461.54958775517207
13,461.3819725830994
14,456.6891893512127
15,455.2500666595593
16,455.2500666595593
17,455.2500666595593
18,455.2500666595593
19,454.6606423286676
20,453.5324256122142
21,453.5324256122142
22,453.5324256122142
23,453.5324256122142
24,453.5324256122142
25,452.95856030913916
26,452.95856030913916
27,452.95856030913916
28,452.95856030913916
29,449.8014334242494
30,448.98036859676097
31,448.98036859676097
32,448.428407802239
33,446.7637689911857
34,446.7637689911857
35,446.7637689911857
36,446.7637689911857
37,446.7637689911857
38,446.7268923378324
39,446.7268923378324
40,445.9983574120795
41,445.9983574120795
42,444.68536109604145
43,444.5750625403905
44,444.5750625403905
45,444.4681111956443
46,444.4681111956443
47,444.1148828632337
48,444.1148828632337
49,444.1148828632337
50,444.1148828632337
51,444.1148828632337
