epoch,fitness
0,1204.1856005157215
1,796.6949234851077
2,673.6005630797858
3,657.330110587819
4,643.7200231823089
5,635.4593615297326
6,614.8730707500414
7,613.7970973315116
8,613.7970973315116
9,612.1685328574669
10,612.1685328574669
11,584.2592971633675
12,584.2592971633675
13,581.9079904202763
14,581.9012246858978
15,580.4665794369142
16,580.4665794369142
17,580.4665794369142
18,577.7905658005482
19,577.6826819508042
20,577.6826819508042
21,577.6826819508042
22,577.6826819508042
23,577.6826819508042
24,577.6826819508042
25,577.5045045657357
26,577.5045045657357
27,576.128844692086
28,576.1082079755982
29,575.8174690795198
30,575.8174690795198
31,574.8399599289803
32,574.8399599289803
33,574.8399599289803
34,574.8399599289803
35,574.8399599289803
36,574.500279449582
37,574.097465200046
38,573.9360668919478
39,573.3347384317036
40,573.3347384317036
41,572.4585016206664
42,572.4585016206664
43,571.9736172832723
44,571.2555727849394
45,564.139879479984
46,564.139879479984
47,564.0523257984631
48,562.1681998178126
49,562.1681998178126
50,562.1681998178126
51,562.1681998178126
