epoch,fitness
0,1203.6480605062204
1,838.2852079557362
2,596.6553295085055
3,583.2212700856568
4,578.811987207682
5,574.7550303866365
6,574.7550303866365
7,573.7779051970833
8,573.7779051970833
9,573.7779051970833
10,573.68748436959
11,573.68748436959
12,570.472249845427
13,569.4263226208842
14,568.2793886641302
15,568.2793886641302
16,568.2793886641302
17,567.9601718235017
18,567.9601718235017
19,567.9601718235017
20,567.9476361521954
21,565.4690378897619
22,565.4690378897619
23,564.8537896381883
24,564.3654141538913
25,564.3654141538913
26,564.1034492609615
27,564.1034492609615
28,563.3728121259593
29,561.0197557384063
30,559.6832525309052
31,559.0368041979722
32,557.7420203812626
33,557.7420203812626
34,557.7420203812626
35,557.3849518782702
36,554.8723282155763
37,554.8723282155763
38,554.8723282155763
39,553.973041434685
40,553.5767758098499
41,553.484931346161
42,553.3980952117398
43,553.0540506379497
44,550.0238775635205
45,550.0238775635205
46,550.0238775635205
47,550.0238775635205
48,546.4418607323888
49,546.4418607323888
50,545.655610137285
51,545.655610137285
52,545.655610137285
