epoch,fitness
0,1244154.170916088
1,520.341827119568
2,369.54931985663796
3,327.4090179757476
4,323.0191264939808
5,323.0191264939808
6,323.0191264939808
7,323.0191264939808
8,323.0191264939808
9,322.79246053532404
10,322.66343223682316
11,322.66343223682316
12,322.66343223682316
13,322.66343223682316
14,322.66343223682316
15,322.21453740727895
16,322.21453740727895
17,322.12586083118816
18,322.12586083118816
19,322.12586083118816
20,322.12586083118816
21,322.12586083118816
22,322.12586083118816
23,322.12586083118816
24,322.12586083118816
25,322.12586083118816
26,322.12586083118816
27,322.12586083118816
28,322.12586083118816
29,322.12586083118816
30,322.12586083118816
31,322.12586083118816
32,322.12586083118816
33,322.12586083118816
34,322.0779171450197
35,322.0779171450197
36,322.0779171450197
37,322.0779171450197
38,322.0620356147861
39,322.0620356147861
40,322.0620356147861
41,322.0620356147861
42,322.0620356147861
43,322.0620356147861
44,322.0620356147861
45,321.63204620850587
46,321.63204620850587
47,321.63204620850587
48,321.63204620850587
49,321.63204620850587
50,321.63204620850587
51,321.63204620850587
52,321.63204620850587
53,321.63204620850587
54,321.63204620850587
55,321.63204620850587
56,321.63204620850587
57,321.63204620850587
58,321.63204620850587
59,321.63204620850587
60,321.63204620850587
61,321.63204620850587
62,321.63204620850587
63,321.63204620850587
64,321.63204620850587
65,321.63204620850587
66,321.63204620850587
67,321.63204620850587
68,321.58086871057776
69,321.58086871057776
70,321.58086871057776
71,321.58086871057776
72,321.58086871057776
73,321.58086871057776
74,321.58086871057776
75,321.58086871057776
76,321.58086871057776
77,321.58086871057776
78,321.58086871057776
79,321.58086871057776
80,321.58086871057776
81,321.4014606379319
82,321.4014606379319
83,321.4014606379319
84,321.4014606379319
85,321.4014606379319
86,321.4014606379319
87,321.4014606379319
88,321.4014606379319
89,321.4014606379319
90,321.4014606379319
91,321.4014606379319
92,321.22840393245446
93,321.22840393245446
94,321.22840393245446
95,321.22840393245446
96,321.22840393245446
97,321.22840393245446
98,321.22840393245446
99,321.22840393245446
100,321.22762424949286
101,321.22762424949286
102,321.22762424949286
103,320.94779117559256
104,320.94779117559256
105,320.94779117559256
106,320.93059326448554
107,320.93059326448554
108,320.89811317653437
109,320.89811317653437
110,320.89811317653437
