epoch,fitness
0,284.73831087315824
1,189.83771244216248
2,177.04382196010994
3,168.71465849054894
4,167.4975304971487
5,164.4080202056913
6,159.9590475978794
7,157.72083906032927
8,157.72083906032927
9,152.41594869301238
10,152.02340253342174
11,150.9849324269084
12,150.37955810205355
13,147.69470018832084
14,146.10594889982357
15,144.9267600028226
16,144.8581280509013
17,144.8581280509013
18,144.30739299607376
19,143.54053540016895
20,143.54053540016895
21,143.47998187442084
22,142.62893086961077
23,142.48859700912882
24,142.48859700912882
25,142.48859700912882
26,141.93310029914088
27,141.79293727399894
28,141.5014391589039
29,141.5014391589039
30,141.5014391589039
31,141.5014391589039
32,141.5014391589039
33,140.91400619310238
34,140.91400619310238
35,139.4814550168188
36,137.34481944610906
37,137.34481944610906
38,137.34481944610906
39,137.34481944610906
40,136.90775201780457
41,136.5883337047772
42,136.40158400420782
43,136.05701192945767
44,135.5037723147964
45,135.5037723147964
46,135.5037723147964
47,134.97724215631294
48,134.19088821196632
49,134.19088821196632
50,133.65284958944497
51,133.48580711867098
52,132.5660966718149
53,132.5660966718149
54,132.4111384582803
55,132.4111384582803
56,131.91445523252787
57,131.91445523252787
58,131.81019512245263
59,131.7295931276311
60,131.69068537920668
61,131.69068537920668
62,131.3970891246846
63,130.05770196435722
64,130.05770196435722
