epoch,fitness
0,116.72849143593159
1,113.3109251155217
2,105.72415432412242
3,101.79224447658967
4,101.69947220524502
5,101.69947220524502
6,101.69947220524502
7,101.69947220524502
8,101.69947220524502
9,101.69947220524502
10,101.69947220524502
11,101.69947220524502
12,100.30840508628093
13,96.04109192820005
14,92.57370391442954
15,90.53999996552318
16,89.75909611101169
17,89.64229905594664
18,89.52473384434836
19,89.52473384434836
20,89.51995667208828
21,89.51995667208828
22,89.45683895962044
23,89.45683895962044
24,89.45683895962044
25,89.45683895962044
26,89.45683895962044
27,89.45683895962044
28,88.21652643082372
29,88.21652643082372
30,88.21652643082372
31,88.21652643082372
32,88.21652643082372
33,88.21652643082372
34,88.21652643082372
35,88.21652643082372
36,88.21652643082372
37,88.21652643082372
38,88.21652643082372
39,88.21652643082372
40,88.21652643082372
41,88.21652643082372
42,88.21652643082372
43,88.21652643082372
44,88.21652643082372
45,88.21652643082372
46,88.18431978664175
47,88.18431978664175
48,88.18431978664175
49,88.18431978664175
50,88.18431978664175
51,88.18431978664175
52,88.12765562363253
53,88.12765562363253
54,88.12765562363253
55,88.12765562363253
56,88.12765562363253
57,88.12765562363253
58,88.12765562363253
59,88.12765562363253
60,88.12765562363253
61,88.12765562363253
62,88.12765562363253
63,88.12765562363253
64,87.96958723319504
65,87.96958723319504
66,87.96958723319504
67,87.96958723319504
68,87.96958723319504
69,87.96958723319504
70,87.96958723319504
71,87.96958723319504
