epoch,fitness
0,1209.2453589514505
1,1109.1395075029507
2,794.8899859041366
3,741.2502026507068
4,690.9673777892053
5,675.3084935295755
6,673.3098638495306
7,578.5669912090731
8,572.9774592565624
9,572.9774592565624
10,517.515545648659
11,517.2673984638343
12,517.2673984638343
13,516.7878468860677
14,516.7878468860677
15,516.7878468860677
16,516.0049562090525
17,515.6219303663938
18,515.6219303663938
19,515.6219303663938
20,515.6219303663938
21,515.6219303663938
22,515.6219303663938
23,513.2497091554922
24,509.7325845110327
25,509.7325845110327
26,509.5882481103221
27,509.5882481103221
28,508.7432081297653
29,508.7432081297653
30,508.7432081297653
31,508.7432081297653
32,508.7432081297653
33,508.7432081297653
34,508.7432081297653
35,508.48379193168336
36,508.21201503296174
37,508.0021398012788
38,508.0021398012788
39,508.0021398012788
40,508.0021398012788
41,507.82644374216636
42,507.82644374216636
43,507.82644374216636
44,507.73492057865013
45,507.73492057865013
46,507.73492057865013
