epoch,fitness
0,136.24028142557884
1,104.14623226112269
2,78.09966063542625
3,74.25126175610589
4,71.49451024905002
5,71.49451024905002
6,71.28958855976177
7,71.28958855976177
8,70.62080560760987
9,70.57804067104837
10,70.4357543645168
11,70.4357543645168
12,70.19320629156479
13,69.82240623300304
14,68.3700638233488
15,68.24046307675515
16,65.42827226887157
17,65.42827226887157
18,65.42827226887157
19,65.34962203283199
20,64.98001387263957
21,64.88614354604525
22,64.63438043468975
23,63.41235828522688
24,63.01096647624286
25,63.01096647624286
26,61.89721702919138
27,61.89721702919138
28,61.89721702919138
29,61.75064483881177
30,61.75064483881177
31,61.75064483881177
32,61.49535188627855
33,61.34564146573541
34,61.34564146573541
35,60.316879662407594
36,60.01761686756084
37,59.73362565530698
38,59.73362565530698
39,59.73362565530698
40,59.73362565530698
41,59.73362565530698
42,59.621358549933724
43,59.48797314053811
44,59.48797314053811
45,59.48797314053811
46,59.26455626207226
47,59.26455626207226
48,59.26455626207226
49,58.9561031430493
50,58.95546223784106
51,58.95546223784106
52,58.95546223784106
53,58.95546223784106
54,58.508894229080674
55,58.05977211697229
56,58.05977211697229
57,58.05977211697229
58,57.941424475294085
59,57.8260145799742
60,57.8260145799742
61,57.8260145799742
62,57.45149226596365
63,57.337575748946804
64,57.337575748946804
65,57.337575748946804
66,57.1931397343559
67,57.030563276696284
68,55.83605629094464
69,55.83605629094464
70,55.824621997049675
71,55.824621997049675
72,55.824621997049675
73,55.513670614018224
74,55.19225053871704
75,54.8497233136048
76,54.8497233136048
77,54.8497233136048
78,54.8497233136048
79,54.8497233136048
80,54.8497233136048
81,54.8497233136048
82,54.70908726533925
83,54.67207609293832
84,54.67207609293832
85,54.67207609293832
86,54.67207609293832
87,53.64263175825453
88,53.64263175825453
89,53.64263175825453
90,53.183645675422035
91,53.183645675422035
92,53.183645675422035
93,53.183645675422035
94,53.183645675422035
95,53.183645675422035
96,53.183645675422035
97,53.183645675422035
98,53.183645675422035
99,52.92376858294968
100,52.604949684282104
101,52.604949684282104
102,52.604949684282104
103,52.604949684282104
104,52.568455070113124
