epoch,fitness
0,124.7677122687456
1,119.72224609747532
2,116.75727436709522
3,116.75727436709522
4,105.74371846462765
5,104.00856439302119
6,104.00856439302119
7,103.14764669347066
8,101.1611955876437
9,101.02424593303857
10,99.17967912930177
11,99.17967912930177
12,99.17967912930177
13,99.16349709793369
14,98.6600484034681
15,96.91117055128875
16,93.6244011274267
17,92.23474475544805
18,92.23474475544805
19,90.65211834033919
20,90.65211834033919
21,90.30479357419279
22,90.27795630569156
23,90.20050423126281
24,90.08961769968191
25,90.08961769968191
26,90.07581641611223
27,89.9611299943062
28,89.9611299943062
29,89.9565986153107
30,89.92108421475099
31,89.92108421475099
32,88.93229530971512
33,88.93229530971512
34,88.93229530971512
35,88.93229530971512
36,88.93229530971512
37,88.93229530971512
38,88.93229530971512
39,88.93229530971512
40,88.93229530971512
41,88.93229530971512
42,88.93229530971512
43,88.90998791844578
44,88.90998791844578
45,88.85368325018254
46,88.85368325018254
47,88.78966851102123
48,88.78966851102123
49,88.78966851102123
50,88.74477633413034
51,88.74477633413034
52,88.70544041979231
53,88.70544041979231
54,88.690942482763
55,88.56236009709755
56,88.56236009709755
57,88.55720003610776
58,88.55720003610776
59,88.55720003610776
60,88.55720003610776
61,88.55720003610776
62,88.55720003610776
63,88.55720003610776
64,88.55720003610776
65,88.55720003610776
66,88.55720003610776
67,88.55720003610776
68,88.55720003610776
69,88.55720003610776
70,88.55720003610776
71,88.55720003610776
72,88.55720003610776
73,88.55720003610776
74,88.55720003610776
75,88.5235341632793
76,88.49253449932753
77,88.49253449932753
78,88.49253449932753
79,88.49253449932753
80,88.49253449932753
81,88.49253449932753
82,88.49253449932753
83,88.49253449932753
84,88.49253449932753
85,88.49253449932753
86,88.49253449932753
87,88.49253449932753
88,88.49253449932753
89,88.49253449932753
90,88.49253449932753
91,86.82996407015065
92,86.82996407015065
