epoch,fitness
0,1094.6682049083531
1,782.615141356539
2,555.2072099223749
3,532.9965174048324
4,532.9965174048324
5,517.7171209273245
6,517.7171209273245
7,516.0613340019006
8,516.0613340019006
9,515.128101023725
10,512.649327413247
11,511.1991518586385
12,511.1991518586385
13,511.1991518586385
14,510.0295815904462
15,507.4836095226625
16,507.0373804016787
17,506.36939685492877
18,506.03962236356523
19,506.03962236356523
20,506.03962236356523
21,506.03962236356523
22,501.5407267466965
23,501.5407267466965
24,500.08877318792264
25,500.08877318792264
26,497.4806189831255
27,497.4806189831255
28,497.4806189831255
29,496.9880949949349
30,495.4766894323366
31,495.4766894323366
32,494.17129126583177
33,494.1423480494737
34,493.3195990483656
35,492.48716561939824
36,492.48716561939824
37,492.3080820765713
38,490.8178014668675
39,487.1753244012604
40,487.1753244012604
41,487.1753244012604
42,485.03281678381205
43,485.03281678381205
44,485.03281678381205
45,484.6370123831384
46,484.6370123831384
47,483.34465042843766
48,483.34465042843766
49,482.4254422860816
50,482.38764036855224
51,482.1929063298983
52,482.0113319388297
53,482.0113319388297
54,481.3716534112601
