epoch,fitness
0,525.6602589140374
1,488.13887585686086
2,453.48217412748244
3,452.8051223231893
4,450.1351523719918
5,450.1351523719918
6,416.6191047172948
7,260.35976358281766
8,260.35976358281766
9,253.9180186313005
10,232.70673173168606
11,232.70673173168606
12,232.70673173168606
13,230.8914972417958
14,229.71137268470054
15,229.71137268470054
16,229.67133760093435
17,229.67133760093435
18,229.25061198106434
19,229.25061198106434
20,228.8867699254205
21,228.8867699254205
22,228.75885399391532
23,228.67995232552363
24,228.67995232552363
25,228.67995232552363
26,228.67995232552363
27,228.61133180365127
28,228.61133180365127
29,228.61133180365127
30,228.61133180365127
31,228.61133180365127
32,228.61133180365127
33,228.61133180365127
34,228.61133180365127
35,228.61133180365127
36,227.1099661317254
37,227.1099661317254
38,227.1099661317254
39,227.1099661317254
40,227.1099661317254
41,227.1099661317254
42,227.1099661317254
43,227.1099661317254
44,227.1099661317254
45,227.1099661317254
46,227.1099661317254
47,227.1099661317254
48,227.1099661317254
49,227.1099661317254
50,227.1099661317254
51,227.1099661317254
52,227.1099661317254
53,227.1099661317254
54,227.1099661317254
55,227.1099661317254
56,227.1099661317254
57,227.1099661317254
58,227.1099661317254
