epoch,fitness
0,290.210440135358
1,162.56542373426032
2,147.88315713515073
3,145.5297604584687
4,142.5332263015503
5,142.02278158897545
6,142.02278158897545
7,141.88363895992592
8,140.8950937451856
9,140.8950937451856
10,140.8950937451856
11,140.8950937451856
12,140.8950937451856
13,140.3308070195864
14,139.63552240474078
15,138.93816090760575
16,138.82199781627227
17,138.046346840719
18,138.046346840719
19,137.69320696901616
20,137.1677581478549
21,136.34459483686496
22,136.32924143845955
23,135.39334012341104
24,134.28483910333873
25,134.13164475637393
26,134.13164475637393
27,134.09518200851625
28,133.99849755840216
29,133.97857640752736
30,132.81350966289165
31,132.38478466718203
32,132.38478466718203
33,132.29707248028058
34,132.29707248028058
35,132.29707248028058
36,132.03348349367863
37,132.03348349367863
38,131.93615697183827
39,129.3182380129262
40,129.03034022604302
41,129.03034022604302
42,129.03034022604302
43,129.03034022604302
44,128.9720026589209
45,128.5626468628691
46,128.5626468628691
47,128.4654023162614
48,128.30067944923857
49,128.30067944923857
50,128.30067944923857
51,128.30067944923857
52,128.30067944923857
53,127.86116615772411
54,127.86116615772411
55,127.86116615772411
56,126.78832876153709
57,126.78832876153709
58,126.78832876153709
59,126.78832876153709
60,126.78832876153709
61,126.78832876153709
62,126.01627562598082
63,126.01627562598082
64,126.01627562598082
65,126.01627562598082
66,126.01627562598082
67,126.01627562598082
68,126.01627562598082
69,125.66290133710862
70,125.66290133710862
71,125.52048203134656
72,125.52048203134656
73,125.52048203134656
74,125.52048203134656
75,125.39645079211246
76,125.23893311540091
77,125.23893311540091
78,125.23893311540091
79,125.23893311540091
80,124.1363578968817
81,124.13089621343588
82,124.13089621343588
83,123.92244440711778
84,123.82045037985772
85,123.70745504329206
86,123.70745504329206
