epoch,fitness
0,262.5951029726445
1,215.2162948839616
2,165.16070510644934
3,153.39921907798842
4,148.81282810545414
5,148.81282810545414
6,145.65910514990392
7,145.53209480685246
8,140.48150749258545
9,140.10528895052204
10,139.14475212374106
11,139.14475212374106
12,139.09885394255417
13,138.05118326885085
14,138.05118326885085
15,138.05118326885085
16,133.59067879334418
17,132.71816023143006
18,132.71816023143006
19,132.71816023143006
20,132.39593705631202
21,131.885921292936
22,131.885921292936
23,131.885921292936
24,130.9468834723812
25,130.9468834723812
26,130.9468834723812
27,130.9468834723812
28,130.9468834723812
29,130.9468834723812
30,130.9468834723812
31,130.9468834723812
32,130.80702462273112
33,130.80702462273112
34,129.36339695744948
35,128.944536510598
36,128.60137506181553
37,128.60137506181553
38,128.60137506181553
39,128.60137506181553
40,128.60137506181553
41,128.51320492050488
42,128.51320492050488
43,128.48751695046565
44,128.48751695046565
45,128.48751695046565
46,128.48751695046565
47,128.32237918994755
48,128.32237918994755
49,127.84473098476307
50,127.7812049138697
51,127.7812049138697
52,127.7812049138697
53,127.7812049138697
54,127.7812049138697
