epoch,fitness
0,1061.5533245932609
1,964.9993200112513
2,709.9731653916417
3,523.0400837343743
4,518.6833041286916
5,516.886189922333
6,515.8339588008976
7,514.8714381937335
8,504.83957850853454
9,502.10255327244465
10,502.04011882362556
11,501.66777448419543
12,501.6189169217991
13,501.6189169217991
14,501.21230239747496
15,500.33904854785277
16,499.97134814580306
17,499.83001019825014
18,498.75047206109303
19,497.9043201798992
20,497.5803062011083
21,497.5803062011083
22,496.6384323065603
23,492.7558312300064
24,492.7558312300064
25,492.02245821446417
26,492.02245821446417
27,491.76309210564057
28,491.47944572765766
29,490.9634936100174
30,490.9634936100174
31,490.73992402967843
32,490.20413051238904
33,488.72525568749955
34,486.86701636890035
35,486.86701636890035
36,486.86701636890035
37,486.3966090075846
38,485.8869005275346
39,485.8869005275346
40,485.702034819193
41,485.702034819193
42,484.6727360322887
43,484.6727360322887
44,484.6727360322887
45,484.3476453426559
46,484.3476453426559
47,484.1740664904131
48,484.1740664904131
49,483.9724901633796
50,483.6607287866299
51,482.11384790839116
