epoch,fitness
0,1086.2848245703144
1,1065.2856370677196
2,894.7657760774199
3,626.8957316437163
4,449.3831190875228
5,449.3831190875228
6,449.3831190875228
7,449.3831190875228
8,449.3831190875228
9,449.3831190875228
10,449.3831190875228
11,449.3831190875228
12,449.3831190875228
13,449.3831190875228
14,449.3831190875228
15,449.3831190875228
16,449.3831190875228
17,449.3831190875228
18,449.3831190875228
19,449.3831190875228
20,449.3831190875228
21,449.3831190875228
22,449.3831190875228
23,449.3831190875228
24,449.3831190875228
25,449.3831190875228
26,449.3831190875228
27,449.3831190875228
28,449.3831190875228
29,449.3831190875228
30,449.3831190875228
31,449.3831190875228
32,449.3831190875228
33,449.3831190875228
34,449.3831190875228
35,449.3831190875228
36,449.3831190875228
37,449.3277682942634
38,449.3277682942634
39,449.3277682942634
40,449.3277682942634
41,449.3277682942634
42,449.3277682942634
43,449.3277682942634
44,449.3277682942634
45,449.3277682942634
46,449.3277682942634
47,449.3277682942634
48,449.3277682942634
49,449.3277682942634
50,449.3277682942634
51,449.3277682942634
52,449.3277682942634
53,449.3277682942634
54,449.3277682942634
55,449.3277682942634
56,449.31214865756806
57,449.31214865756806
58,449.31214865756806
59,449.31214865756806
60,449.31214865756806
61,449.31214865756806
62,449.31214865756806
63,449.31214865756806
64,449.31214865756806
65,449.31214865756806
66,449.31214865756806
67,449.31214865756806
68,449.31214865756806
69,449.31214865756806
70,449.31214865756806
71,449.31214865756806
72,449.31214865756806
73,449.31214865756806
74,449.31214865756806
75,449.31214865756806
76,449.31214865756806
77,449.31214865756806
78,449.31214865756806
79,449.31214865756806
80,449.31214865756806
81,449.31214865756806
82,449.31214865756806
83,449.31214865756806
84,449.31214865756806
85,449.31214865756806
86,449.31214865756806
87,449.31214865756806
88,449.31214865756806
89,449.31214865756806
90,449.31214865756806
91,449.31214865756806
92,449.31214865756806
93,449.31214865756806
94,449.31214865756806
95,449.31214865756806
96,449.31214865756806
97,449.31214865756806
98,449.31214865756806
99,449.31214865756806
100,449.31214865756806
101,449.31214865756806
102,449.31214865756806
103,449.31214865756806
104,449.31214865756806
105,449.31214865756806
