epoch,fitness
0,410.86886990380367
1,273.74142958094325
2,253.05867091519428
3,224.0621226378535
4,221.5009458220645
5,221.09266860876232
6,221.02876714114024
7,221.0188524758937
8,219.6470743707769
9,219.31257796142228
10,218.87299707812463
11,217.81184634999425
12,217.81184634999425
13,216.61160810435854
14,216.26287287606513
15,216.26287287606513
16,215.69155638183716
17,214.89338613622678
18,214.1221107809481
19,213.74224109678093
20,213.74224109678093
21,212.70978761292068
22,212.34481566684258
23,211.43828392932812
24,211.00502108465193
25,211.00502108465193
26,210.5314357170558
27,209.7085614714694
28,209.1320271525264
29,208.52756712964378
30,207.95431703821131
31,207.95431703821131
32,207.95431703821131
33,206.20705197937292
34,204.9699566370912
35,204.9699566370912
36,204.82176785025604
37,204.3043347504457
38,202.25690158796618
39,202.25690158796618
40,200.91723879843184
41,200.59182994230795
42,199.9792001735897
43,199.6655990219801
44,197.8972943326487
45,197.47686657202925
46,195.6901957918185
47,194.00898863374042
48,193.12432170955566
49,191.5719056344095
50,191.5719056344095
51,190.83764282168133
52,190.5308502498661
53,190.23758998080254
54,190.23758998080254
55,189.7985791792053
