epoch,fitness
0,474.88069444262214
1,474.88069444262214
2,467.80600596184905
3,466.7873229295453
4,466.7873229295453
5,367.6520008666877
6,364.1039205611056
7,352.4164101227304
8,340.35318868075933
9,336.10671006775385
10,328.53791979576187
11,328.53791979576187
12,325.6585881616907
13,308.3107011664184
14,287.5461166266481
15,287.5461166266481
16,287.14922324021546
17,286.21868843607314
18,280.00859870517024
19,280.00859870517024
20,279.0950509256639
21,279.0950509256639
22,276.8757127292023
23,276.8757127292023
24,275.31632252496
25,275.31632252496
26,275.31632252496
27,273.56783098754045
28,273.56783098754045
29,273.56783098754045
30,273.56783098754045
31,273.394765975835
32,272.3144935521294
33,272.3144935521294
34,272.1282438637975
35,272.1282438637975
36,272.1282438637975
37,272.1282438637975
38,272.1282438637975
39,272.1282438637975
40,272.1282438637975
41,272.1282438637975
42,272.1282438637975
43,271.46445403159885
44,269.13712427074296
45,265.8778415338251
46,265.8778415338251
47,264.5157839471506
48,263.39576240137495
49,258.1782999325737
50,258.1782999325737
51,258.1782999325737
52,257.671532215745
53,257.671532215745
54,257.671532215745
55,256.7063937851876
56,256.7063937851876
57,256.19807010152783
58,256.19807010152783
59,254.66348726432184
60,254.66348726432184
61,254.6192476384839
