epoch,fitness
0,521.8581685086768
1,407.5952675403395
2,276.8963557474063
3,272.15343911843945
4,272.15343911843945
5,256.86053116942435
6,256.86053116942435
7,256.86053116942435
8,243.06861298541355
9,242.93906639679562
10,242.26533908402914
11,241.39409052819647
12,241.39409052819647
13,241.39409052819647
14,241.39409052819647
15,241.39409052819647
16,238.227519324416
17,236.85734631404353
18,236.85734631404353
19,236.85734631404353
20,236.85734631404353
21,236.85734631404353
22,236.85734631404353
23,236.85734631404353
24,236.85734631404353
25,236.85734631404353
26,236.85734631404353
27,236.85734631404353
28,236.85734631404353
29,236.85734631404353
30,236.85734631404353
31,236.85734631404353
32,234.86887644678885
33,234.86887644678885
34,234.86887644678885
35,234.74645596661557
36,234.74645596661557
37,234.74645596661557
38,234.74645596661557
39,233.83297458024285
40,233.83297458024285
41,233.83297458024285
42,233.83297458024285
43,233.83297458024285
44,233.78888594873578
45,233.78888594873578
46,233.78888594873578
47,233.78888594873578
48,233.78888594873578
49,233.78888594873578
50,233.78888594873578
51,233.78888594873578
52,233.78888594873578
53,233.78888594873578
54,233.78888594873578
55,233.78888594873578
56,233.78888594873578
57,233.78888594873578
58,233.78888594873578
59,233.78888594873578
60,233.72519415336137
61,233.72519415336137
62,233.72519415336137
63,233.72519415336137
64,233.72519415336137
65,233.72519415336137
66,233.72519415336137
67,233.72519415336137
68,233.72519415336137
69,233.72519415336137
70,233.72519415336137
71,233.72519415336137
72,233.72519415336137
73,233.72519415336137
