epoch,fitness
0,925.6413635342682
1,862.7113878622165
2,841.0792352047328
3,693.7100031471919
4,391.96928556032583
5,391.96928556032583
6,383.5783409981669
7,383.5783409981669
8,383.5783409981669
9,383.5783409981669
10,383.5783409981669
11,383.5783409981669
12,383.5783409981669
13,383.46556751539026
14,383.46556751539026
15,383.46556751539026
16,381.0934662102222
17,381.0934662102222
18,381.0934662102222
19,381.04061811557193
20,381.04061811557193
21,381.04061811557193
22,381.04061811557193
23,381.04061811557193
24,381.04061811557193
25,381.04061811557193
26,381.04061811557193
27,381.04061811557193
28,381.04061811557193
29,379.69078814331954
30,377.5207829984388
31,374.82583716016313
32,372.0342746863994
33,372.0342746863994
34,372.0342746863994
35,369.6847532059754
36,369.6847532059754
37,369.6847532059754
38,367.37886246599646
39,367.37886246599646
40,367.36454443266774
41,366.330041452776
42,366.330041452776
43,366.330041452776
44,366.330041452776
45,366.330041452776
46,365.28646468047003
47,365.28646468047003
48,365.28646468047003
49,365.28646468047003
50,365.28646468047003
51,365.28646468047003
52,365.28646468047003
53,364.76649120234435
54,364.76649120234435
55,364.76649120234435
56,364.76649120234435
57,364.76649120234435
58,364.76649120234435
