epoch,fitness
0,895.0317692912797
1,895.025736311583
2,875.0549810202251
3,871.0626716654789
4,845.7971071535328
5,481.0362606403646
6,421.9439132569002
7,377.40515086903184
8,366.7735334989821
9,352.52587341565896
10,347.72504298378846
11,347.72504298378846
12,344.61657364423064
13,344.61657364423064
14,342.43631059827226
15,342.43631059827226
16,342.43631059827226
17,342.43631059827226
18,342.43631059827226
19,342.43631059827226
20,342.43631059827226
21,341.2488257035745
22,341.2488257035745
23,341.2488257035745
24,341.2488257035745
25,341.2488257035745
26,341.2488257035745
27,341.2488257035745
28,341.2488257035745
29,341.2488257035745
30,339.87841951631054
31,339.87841951631054
32,339.87841951631054
33,339.87841951631054
34,336.9496362517802
35,336.9496362517802
36,336.824759862847
37,336.7520035001818
38,336.7520035001818
39,336.7520035001818
40,336.7520035001818
41,336.7520035001818
42,336.7520035001818
43,336.5932893401787
44,336.5932893401787
45,336.5932893401787
46,336.5932893401787
47,336.5932893401787
48,336.5932893401787
49,336.5932893401787
50,335.1538833268873
51,335.1538833268873
52,335.1538833268873
53,335.1538833268873
54,335.1538833268873
55,335.1538833268873
56,335.1538833268873
57,335.00209071665256
58,335.00209071665256
59,335.00209071665256
60,335.00209071665256
61,335.00209071665256
62,335.00209071665256
63,335.00209071665256
64,335.00209071665256
65,335.00209071665256
66,335.00209071665256
67,334.9104444148773
68,334.9104444148773
69,334.9104444148773
70,334.9104444148773
71,334.9104444148773
