epoch,fitness
0,1562.8352606727285
1,839.8230365239651
2,810.5822448426406
3,793.8015630233537
4,782.9896817096492
5,782.9896817096492
6,746.4486703216053
7,746.2054843500363
8,746.2054843500363
9,745.5541196785899
10,742.4901940264242
11,742.4901940264242
12,741.0248135870047
13,741.0248135870047
14,740.9430820395885
15,740.9430820395885
16,740.6019894339488
17,740.5972795742586
18,740.2567759201773
19,739.6664059509382
20,738.7633141386005
21,738.7633141386005
22,738.7633141386005
23,737.8903270874863
24,737.8903270874863
25,737.0350086047454
26,736.9847486804274
27,735.6063473892403
28,735.5738153045712
29,734.6919499095627
30,734.6919499095627
31,733.1594868760875
32,733.1594868760875
33,733.1594868760875
34,731.3950030255198
35,729.8928897841112
36,729.8831032778173
37,729.8831032778173
38,729.8831032778173
39,729.8831032778173
40,729.177842931351
41,727.8168195207392
42,727.503984605325
43,725.1756326021373
