epoch,fitness
0,1567.0819057417505
1,1262.7358862062358
2,1161.4331105258084
3,932.3856948538371
4,886.750723211935
5,837.5397795151481
6,818.2199091102163
7,745.0652020519419
8,743.7371567739015
9,740.9627168172009
10,740.7707969732103
11,738.8057938652842
12,738.8057938652842
13,736.8463051114124
14,736.8463051114124
15,736.3441007389696
16,735.6118282600308
17,731.4114428311868
18,731.3655100262505
19,728.2470265674633
20,727.7322080612922
21,726.8058993149375
22,726.8058993149375
23,725.3177292451775
24,725.3177292451775
25,724.9540385569682
26,724.6123387186769
27,724.2273237409973
28,724.1094610529404
29,724.1094610529404
30,724.1094610529404
31,723.8040949432724
32,723.2914857390301
33,721.4366585311449
34,721.3644396658395
35,721.2065082093523
36,720.9809202345463
37,720.9221848390767
38,720.7844980548532
39,720.4537613093656
40,720.4537613093656
41,720.337228179383
42,719.7131900313948
43,719.7131900313948
44,719.3972805408541
45,719.3972805408541
46,719.3972805408541
47,719.0956210466625
48,717.2652047317586
49,717.0098925864353
