epoch,fitness
0,118.13775590836973
1,111.4773454431071
2,109.87378253971082
3,108.48447692031716
4,107.33573537905598
5,107.33573537905598
6,107.17877183614856
7,106.04741496858853
8,96.16067033657937
9,96.16067033657937
10,94.2868436432842
11,94.2868436432842
12,92.59510481422808
13,91.1380786269909
14,91.1380786269909
15,91.1380786269909
16,91.1380786269909
17,91.06110390735658
18,91.06110390735658
19,91.06110390735658
20,91.06110390735658
21,91.06110390735658
22,91.06110390735658
23,91.06110390735658
24,91.06110390735658
25,91.06110390735658
26,91.06110390735658
27,91.06110390735658
28,91.06110390735658
29,90.99730173773773
30,90.99730173773773
31,90.99730173773773
32,90.99730173773773
33,90.33787770409427
34,89.83721730504722
35,89.83721730504722
36,89.58183216309182
37,89.58183216309182
38,89.58183216309182
39,89.58183216309182
40,89.58183216309182
41,89.58183216309182
42,89.58183216309182
43,89.58183216309182
44,89.58183216309182
45,89.29037133999016
46,89.29037133999016
47,89.29037133999016
48,89.29037133999016
49,89.00330605730922
50,89.00330605730922
51,89.00330605730922
52,89.00330605730922
53,89.00330605730922
54,89.00330605730922
55,89.00330605730922
56,89.00330605730922
57,87.59761290218228
58,87.59761290218228
59,87.42310632254404
60,87.42310632254404
61,87.42310632254404
62,87.42310632254404
63,87.42310632254404
64,87.42310632254404
65,87.42310632254404
66,87.42310632254404
67,87.40925024896298
68,87.40925024896298
69,87.40925024896298
70,87.40925024896298
71,87.40925024896298
72,87.40925024896298
73,87.40925024896298
74,87.40925024896298
75,86.61100653506918
76,86.61100653506918
77,86.59142730187551
78,86.50293087584438
79,86.50293087584438
80,86.50293087584438
81,86.32566800307848
82,86.32566800307848
83,86.32566800307848
84,86.32566800307848
85,86.32566800307848
86,86.31576304610475
87,86.0586069695268
88,86.0586069695268
89,86.0586069695268
90,86.0586069695268
