epoch,fitness
0,1000.7895359124686
1,915.4131154099275
2,591.7641064306075
3,547.6231398478433
4,533.0070162438354
5,528.3533398437605
6,514.3265308852029
7,513.2472392622304
8,487.13520047167856
9,469.64938197034974
10,469.64938197034974
11,469.64938197034974
12,469.4935519327227
13,469.3161855224456
14,468.5191444764882
15,468.5191444764882
16,467.89282806394925
17,467.89282806394925
18,467.89282806394925
19,467.6180603199932
20,467.6180603199932
21,467.6180603199932
22,467.6180603199932
23,467.19365296907836
24,467.19365296907836
25,466.6184348606795
26,465.5604863362759
27,464.97770458936054
28,464.97770458936054
29,464.97770458936054
30,464.58851154893534
31,464.2116102014964
32,464.07592966987414
33,463.54164069929755
34,463.54164069929755
35,463.54164069929755
36,463.54164069929755
37,463.4868263480235
38,463.4868263480235
39,463.4868263480235
40,463.45069114805625
