epoch,fitness
0,1295.1271758930986
1,1295.1271758930986
2,1262.210347404484
3,1226.15349780631
4,550.553196298167
5,509.37475750299205
6,509.37475750299205
7,507.30436133695827
8,507.30436133695827
9,498.30520857459493
10,498.30520857459493
11,488.7762250551746
12,488.7762250551746
13,488.7762250551746
14,488.7762250551746
15,488.7762250551746
16,488.7762250551746
17,487.2866726451401
18,487.2866726451401
19,487.2866726451401
20,487.2866726451401
