epoch,fitness
0,423.4441608973594
1,336.0562085398095
2,234.03388286310468
3,216.67859871981187
4,214.45159490336852
5,214.21541573642094
6,213.34032748042296
7,211.24541389741705
8,210.0481883848148
9,209.47959461151484
10,209.18617040952523
11,208.46025740464168
12,206.97047237622317
13,206.83340069270983
14,206.66252620885172
15,206.05920813034393
16,205.708658954114
17,205.31555414638095
18,205.02932384019005
19,204.76686751935569
20,204.46439248181915
21,204.28026199258312
22,204.28026199258312
23,203.98489523691308
24,203.33260487171447
25,203.33260487171447
26,200.63438084562213
27,200.2495175012031
28,199.75305999072052
29,199.75305999072052
30,199.75305999072052
31,199.75305999072052
32,199.75305999072052
33,198.82799779107637
34,198.82799779107637
35,198.27929279410083
36,197.3464445276021
37,197.3464445276021
38,197.3464445276021
39,197.3464445276021
40,196.7779196754888
41,196.7779196754888
42,196.7779196754888
43,196.70903646652016
44,196.07190596795968
45,195.13504811386838
46,195.13504811386838
47,194.49034345837728
48,194.49034345837728
49,192.89431113060058
50,192.41793740049002
51,192.41793740049002
52,192.41793740049002
53,192.41793740049002
54,192.41793740049002
55,192.23212224780787
56,192.23212224780787
57,191.446595165136
58,191.446595165136
59,191.40736077449196
60,191.40736077449196
61,190.9709303170909
62,190.45667942623544
