epoch,fitness
0,418.40414807336884
1,341.0379504175612
2,236.17387525002238
3,208.05077581897643
4,208.05077581897643
5,206.66453077652355
6,206.66453077652355
7,204.08633422089667
8,204.08633422089667
9,203.03822461649187
10,203.03822461649187
11,192.37085782285308
12,192.37085782285308
13,192.37085782285308
14,191.0435054389877
15,190.4936517687286
16,190.4936517687286
17,190.4936517687286
18,190.4936517687286
19,190.48514163413253
20,190.48514163413253
21,190.48514163413253
22,189.4183280143449
23,188.8242778713475
24,188.8242778713475
25,188.8242778713475
26,188.47676220739146
27,188.47676220739146
28,187.8600498912723
29,187.8600498912723
30,187.8600498912723
31,187.8600498912723
32,187.8600498912723
33,187.8600498912723
34,187.8600498912723
35,187.8600498912723
36,187.8600498912723
37,187.8600498912723
38,187.8600498912723
39,187.79902942133768
40,187.4708867695751
41,186.7835932872477
42,186.7835932872477
43,186.7835932872477
44,186.7835932872477
45,186.22536315340164
46,185.92539003210416
47,184.42053784326114
48,184.30138864893635
49,184.30138864893635
50,184.30138864893635
51,184.30138864893635
52,183.73778472427261
53,182.62016783239912
54,182.62016783239912
55,182.61267919302628
56,182.60172387424169
57,182.60172387424169
58,182.32058721328707
59,182.32058721328707
60,181.97340224244866
61,181.97340224244866
62,181.97340224244866
63,181.97340224244866
64,180.98825240042598
65,180.98825240042598
