epoch,fitness
0,584.0586795115711
1,396.1429735777747
2,297.8900150009216
3,276.9804824412387
4,275.3104957214864
5,272.7875437292518
6,272.1571639361055
7,271.65388691594677
8,270.05029790927404
9,269.34100762068914
10,268.3810934131881
11,267.8488161450033
12,267.05462048536685
13,265.43074369544945
14,265.43074369544945
15,264.725626642741
16,264.6297535658886
17,264.0363453499976
18,263.3537121972029
19,263.3537121972029
20,263.3537121972029
21,263.312779122921
22,263.312779122921
23,263.312779122921
24,261.991113263823
25,261.62887286233064
26,261.62887286233064
27,261.62887286233064
28,261.5222362056294
29,261.5222362056294
30,261.52170765758405
31,261.52170765758405
32,261.52170765758405
33,261.4788809916421
34,261.3643206375928
35,261.3643206375928
36,261.3643206375928
37,261.1532292781398
38,260.356238751914
39,260.356238751914
40,260.356238751914
41,260.356238751914
42,260.356238751914
43,259.7022571445301
44,259.19952532023103
45,259.19952532023103
46,259.10494220020615
47,258.92376639198466
48,258.92376639198466
49,258.5553968814935
50,258.5553968814935
51,258.24552913404654
52,258.2136012020887
53,258.11345181647664
54,257.7855388738006
55,257.57631057382383
56,257.57631057382383
57,257.26292831481953
