epoch,fitness
0,351.0755789570691
1,264.7242043839885
2,234.6235760705269
3,186.24467254557197
4,186.24467254557197
5,186.24467254557197
6,183.80695193975478
7,182.77153884931877
8,182.77153884931877
9,182.77153884931877
10,181.7940763706373
11,181.3731714939579
12,181.3731714939579
13,181.3731714939579
14,181.3731714939579
15,179.9725532767851
16,179.9725532767851
17,179.9725532767851
18,179.9725532767851
19,179.9725532767851
20,179.9725532767851
21,179.9725532767851
22,179.9725532767851
23,179.9725532767851
24,179.97077671402616
25,178.2981158130633
26,178.2981158130633
27,178.2981158130633
28,178.26600486660547
29,178.26600486660547
30,178.26600486660547
31,178.26600486660547
32,178.26600486660547
33,178.26600486660547
34,178.26600486660547
35,178.26600486660547
36,178.26600486660547
37,178.26600486660547
38,178.18139119334586
39,178.18139119334586
40,178.18139119334586
41,178.1617691152134
42,178.1617691152134
43,178.1617691152134
44,178.1617691152134
45,178.1617691152134
46,178.1617691152134
47,177.9174523021717
48,177.9174523021717
49,177.9174523021717
50,177.868583470181
51,177.868583470181
52,177.868583470181
53,177.8315831592749
54,177.7646762883284
55,177.7646762883284
56,177.7646762883284
57,177.7646762883284
58,177.7646762883284
59,177.7646762883284
