epoch,fitness
0,316.0940079359304
1,316.0940079359304
2,297.39853748324464
3,230.55061366566022
4,193.84963932771691
5,189.86215577989347
6,184.80166790686332
7,181.44366287187415
8,181.24462764808553
9,181.24462764808553
10,181.24462764808553
11,181.24462764808553
12,181.24462764808553
13,181.24462764808553
14,181.24462764808553
15,181.13320389181462
16,180.18473702959534
17,180.18473702959534
18,180.17074941762166
19,180.03564914968032
20,180.03564914968032
21,178.31856363386447
22,178.31856363386447
23,178.31856363386447
24,178.31856363386447
25,178.31856363386447
26,178.31856363386447
27,178.31856363386447
28,178.31856363386447
29,178.26728656695698
30,178.26728656695698
31,178.26728656695698
32,178.26728656695698
33,178.26728656695698
34,178.26728656695698
35,178.26728656695698
36,177.14504366031682
37,177.0902781207065
38,177.0902781207065
39,177.0902781207065
40,177.0902781207065
41,177.07748454395957
42,176.92331815517855
43,176.92331815517855
44,176.92331815517855
45,176.92331815517855
46,176.92331815517855
47,176.92331815517855
48,176.92331815517855
49,176.92331815517855
50,176.85019215208152
51,176.85019215208152
52,176.85019215208152
53,176.85019215208152
54,176.85019215208152
55,175.31053021631504
56,175.31053021631504
57,175.31053021631504
58,175.31053021631504
59,175.31053021631504
60,175.31053021631504
61,175.2445429927017
62,174.31691702206928
63,174.31691702206928
64,174.31691702206928
65,174.31691702206928
66,173.5173564944364
67,173.50690156681333
68,173.50690156681333
69,173.50690156681333
70,173.4901327232536
71,173.4901327232536
72,173.4901327232536
73,173.4901327232536
74,173.4901327232536
