epoch,fitness
0,1600.9671164958077
1,1553.805262418469
2,560.7443436805551
3,560.7443436805551
4,489.1196281884464
5,485.1030255125728
6,485.1030255125728
7,484.72296344616404
8,482.9000609698246
9,482.9000609698246
10,482.9000609698246
11,482.9000609698246
12,482.9000609698246
13,482.9000609698246
14,482.9000609698246
15,482.9000609698246
16,482.9000609698246
17,482.9000609698246
18,482.8540010549323
19,482.8540010549323
20,482.8540010549323
21,482.8540010549323
22,481.89854669830504
23,481.89854669830504
24,481.89854669830504
25,481.89854669830504
26,481.89854669830504
27,481.89854669830504
28,481.89854669830504
29,478.58302523399345
30,478.58302523399345
31,478.58302523399345
32,478.05633869679275
33,477.94390115276246
34,477.94390115276246
35,477.94390115276246
36,477.80578208586826
37,477.80578208586826
38,477.4185282523215
39,477.4185282523215
40,476.14217447341724
41,476.14217447341724
42,476.14217447341724
43,476.14217447341724
44,476.14217447341724
45,476.14217447341724
46,476.14217447341724
47,476.14217447341724
48,476.14217447341724
49,476.14217447341724
50,476.14217447341724
51,476.14217447341724
52,476.14217447341724
53,476.14217447341724
54,476.14217447341724
55,476.14217447341724
56,476.14217447341724
57,473.8508065784501
