epoch,fitness
0,1241.599211233692
1,1241.599211233692
2,785.7967629080242
3,731.1955450725925
4,516.5039381657975
5,501.4598268384481
6,483.93623567179134
7,483.93623567179134
8,480.8869386892706
9,474.93896388193866
10,474.93896388193866
11,468.31608341855303
12,466.64944995321093
13,464.9053136763264
14,461.76407312437067
15,460.994394843757
16,460.994394843757
17,460.97220658815934
18,458.74549730071266
19,458.24907922243494
20,455.55099374627184
21,455.55099374627184
22,455.2782075043886
23,455.2782075043886
24,454.1608961833534
25,454.1608961833534
26,454.1608961833534
27,454.1608961833534
28,454.1608961833534
29,454.1608961833534
30,454.1608961833534
31,454.1608961833534
32,454.1608961833534
33,454.1608961833534
34,454.1608961833534
35,452.5012208705162
36,452.5012208705162
37,452.33962133343715
38,452.33962133343715
39,451.4399408538825
40,451.4399408538825
41,450.8222084093424
42,450.8222084093424
43,450.8222084093424
44,450.8222084093424
45,450.8222084093424
46,450.8222084093424
47,450.8222084093424
48,450.8222084093424
49,448.6534009847966
50,448.6534009847966
51,448.6534009847966
52,446.9685874540081
