epoch,fitness
0,1254.1745806501644
1,1213.0818042300134
2,593.0572286475706
3,557.3192067630079
4,557.3192067630079
5,552.674545272723
6,541.7627160664575
7,537.0276043716285
8,537.0276043716285
9,530.7187184186188
10,530.7187184186188
11,530.7187184186188
12,529.7687717929023
13,528.7274141387973
14,526.9063963689599
15,516.1055399350652
16,516.1055399350652
17,516.1055399350652
18,516.1055399350652
19,514.4171400143167
20,514.4171400143167
21,514.4171400143167
22,510.92165366888713
23,507.1836167576786
24,505.98611470134097
25,505.98611470134097
26,504.7885604909017
27,504.52361752037075
28,503.1880373676263
29,503.1880373676263
30,500.82503508235044
31,500.82503508235044
32,500.82503508235044
33,500.82503508235044
34,500.82503508235044
35,500.82503508235044
36,500.82503508235044
37,500.82503508235044
38,500.82503508235044
39,500.69722259815853
40,500.69722259815853
41,497.2140485055776
42,497.2140485055776
43,497.2140485055776
44,495.5142811464756
45,495.5142811464756
46,495.5142811464756
47,495.5142811464756
48,495.5142811464756
49,495.5142811464756
50,495.5142811464756
51,494.0246026943271
52,490.4148878017343
53,490.4148878017343
54,490.3557503898861
55,490.3557503898861
