epoch,fitness
0,227.29960118910648
1,217.42155323139673
2,214.8676661228622
3,208.8466675117466
4,194.64303854122522
5,194.64303854122522
6,193.34057650887806
7,191.99092954615818
8,191.99092954615818
9,191.99092954615818
10,191.99092954615818
11,186.2108055228214
12,150.45777953905224
13,150.45777953905224
14,145.27890689495973
15,145.27890689495973
16,142.74310212092462
17,142.66251132057735
18,142.66251132057735
19,142.66251132057735
20,141.69360559259724
21,141.69360559259724
22,140.59472682549216
23,140.59472682549216
24,140.59472682549216
25,139.2673202779888
26,139.2673202779888
27,139.2673202779888
28,139.2673202779888
29,139.2673202779888
30,139.2673202779888
31,139.2673202779888
32,139.2673202779888
33,139.2673202779888
34,139.2673202779888
35,139.2673202779888
36,139.2673202779888
37,139.2673202779888
38,139.2673202779888
39,139.2673202779888
40,139.2673202779888
41,138.84762187772972
42,138.84762187772972
43,138.82570039425107
44,138.82570039425107
45,138.31875165283938
46,138.31875165283938
47,138.3131437153502
48,138.1217086713195
49,138.1217086713195
50,138.05567474293397
51,138.05567474293397
52,138.05567474293397
53,138.05567474293397
54,138.05567474293397
55,137.95719394682826
56,137.95719394682826
57,137.91911504604533
58,137.91911504604533
59,137.91911504604533
60,137.91911504604533
61,137.91911504604533
62,137.91911504604533
63,137.91911504604533
64,137.91911504604533
65,137.91911504604533
66,137.91911504604533
67,137.7932598769464
68,137.7932598769464
69,137.7932598769464
70,137.79126618318458
71,137.79126618318458
72,137.79126618318458
73,137.79126618318458
74,137.76845022524446
75,137.76845022524446
76,137.76845022524446
77,136.00492381694502
78,135.74852482977732
79,135.74852482977732
80,135.74852482977732
81,135.74852482977732
82,135.74852482977732
83,135.74852482977732
84,135.74852482977732
85,135.74852482977732
86,135.74852482977732
87,135.74852482977732
88,135.74852482977732
