epoch,fitness
0,909.6862746990703
1,768.5107142288224
2,511.3135567591373
3,435.5469063661912
4,435.5469063661912
5,430.05989856754996
6,430.05989856754996
7,421.61386181549676
8,421.61386181549676
9,409.14165764959586
10,391.0816295012934
11,391.0816295012934
12,390.522212372548
13,390.26135684307536
14,390.26135684307536
15,390.26135684307536
16,390.26135684307536
17,390.26135684307536
18,390.26135684307536
19,390.26135684307536
20,390.26135684307536
21,388.8418372071988
22,388.4929764240547
23,388.4929764240547
24,388.4929764240547
25,388.4929764240547
26,387.38291127051696
27,387.38291127051696
28,387.38291127051696
29,387.38291127051696
30,387.38291127051696
31,387.38291127051696
32,387.38291127051696
33,386.98652209522817
34,386.98652209522817
35,386.87039025624904
36,386.87039025624904
37,386.87039025624904
38,386.87039025624904
39,386.87039025624904
40,386.87039025624904
41,386.87039025624904
42,386.87039025624904
43,386.87039025624904
44,386.6600433705704
45,386.6600433705704
46,386.6600433705704
47,386.6600433705704
48,386.6600433705704
49,386.6600433705704
50,386.5568867355711
51,386.5568867355711
52,386.5511954435017
