epoch,fitness
0,969.9930492089109
1,814.3383614589068
2,456.3225138238717
3,446.2058433105047
4,446.2058433105047
5,446.2058433105047
6,446.2058433105047
7,444.39495017178194
8,440.3205311822276
9,440.3205311822276
10,440.3205311822276
11,439.74226571931587
12,438.6835264238428
13,438.6835264238428
14,436.9582417370668
15,436.65671125720263
16,436.460815681646
17,434.05017789653266
18,433.2260589037657
19,433.2260589037657
20,431.97407843601763
21,431.4108131903218
22,431.20920991304297
23,430.44431822946547
24,430.44431822946547
25,427.9105106731319
26,427.8798778076736
27,427.1654786889579
28,427.1654786889579
29,425.9225960918462
30,425.4304384598743
31,425.1084332180114
32,423.5639855369202
33,423.10410857684116
34,421.74775060387907
35,420.9465023534395
36,420.9465023534395
37,420.9465023534395
38,420.9465023534395
39,420.9465023534395
40,420.9465023534395
41,420.9465023534395
42,420.9465023534395
43,420.5512212750045
44,420.5512212750045
45,420.0303316554129
46,420.0303316554129
47,420.0303316554129
48,419.9503879714377
49,419.9503879714377
50,419.8957417727353
51,419.8631523420721
52,418.15144330339405
53,418.15144330339405
54,417.7944998522079
