epoch,fitness
0,1599854.2441959903
1,1079.063442065813
2,987.5843515754959
3,375.8079563683098
4,375.8079563683098
5,357.1574195488172
6,357.1574195488172
7,357.1574195488172
8,356.6702868117174
9,356.2180303649188
10,355.7309980398059
11,355.39135059043736
12,355.39135059043736
13,355.39135059043736
14,355.39135059043736
15,355.39135059043736
16,355.39135059043736
17,355.39135059043736
18,355.39135059043736
19,355.39135059043736
20,355.29508450551907
21,355.29508450551907
22,355.29508450551907
23,354.8266680399052
24,354.8266680399052
25,354.8266680399052
26,354.8266680399052
27,354.8266680399052
28,354.8266680399052
29,354.8266680399052
30,354.8266680399052
31,354.8266680399052
32,354.8266680399052
33,354.8266680399052
34,354.8266680399052
35,354.8266680399052
36,354.8266680399052
37,354.8266680399052
38,354.8266680399052
39,354.8266680399052
40,354.8266680399052
41,354.8266680399052
42,354.8266680399052
43,354.8266680399052
44,354.8266680399052
45,354.8266680399052
46,354.8266680399052
47,354.8266680399052
48,354.8266680399052
49,354.8266680399052
50,354.8266680399052
51,354.8266680399052
52,354.8266680399052
53,354.8266680399052
54,354.8266680399052
55,354.8266680399052
56,354.8266680399052
57,354.8266680399052
58,354.8266680399052
59,354.8266680399052
60,354.8266680399052
61,354.8266680399052
62,354.4878827492286
63,354.32364804303813
64,354.32364804303813
65,354.32364804303813
66,354.32364804303813
67,354.32364804303813
68,354.32364804303813
69,354.32364804303813
70,354.32364804303813
71,354.32364804303813
72,354.32364804303813
73,354.32364804303813
74,354.32364804303813
75,354.32364804303813
76,354.32364804303813
77,354.32364804303813
78,354.32364804303813
79,354.32364804303813
80,354.32364804303813
81,354.32364804303813
82,354.32364804303813
83,354.32364804303813
84,354.32364804303813
85,354.32364804303813
86,354.32364804303813
87,354.32364804303813
88,354.32364804303813
89,354.32364804303813
90,354.32364804303813
91,354.32364804303813
92,354.32364804303813
93,354.32364804303813
94,354.2362827003822
95,354.2362827003822
96,354.2362827003822
97,354.2362827003822
98,354.2362827003822
99,354.2362827003822
100,354.2362827003822
101,354.2362827003822
102,354.2135081933101
103,354.2135081933101
104,354.2135081933101
105,354.2135081933101
106,354.2135081933101
107,354.2135081933101
108,354.2135081933101
