epoch,fitness
0,549.2436668668445
1,509.3098287440351
2,379.4511846654916
3,310.6492048148709
4,309.26086874314467
5,307.3183701376256
6,302.9756834955397
7,289.9771788511408
8,267.38635474680837
9,267.38635474680837
10,261.535780707662
11,261.535780707662
12,251.92059894422155
13,251.92059894422155
14,251.92059894422155
15,251.92059894422155
16,251.92059894422155
17,251.92059894422155
18,251.92059894422155
19,251.92059894422155
20,251.92059894422155
21,251.92059894422155
22,251.92059894422155
23,251.92059894422155
24,251.92059894422155
25,251.92059894422155
26,250.06879717522165
27,250.06879717522165
28,250.06879717522165
29,249.16118968704765
30,249.15617159280913
31,249.12234052651638
32,249.12234052651638
33,249.12234052651638
34,249.12234052651638
35,249.0967384314693
36,248.84835526476962
37,248.79122424938248
38,248.79122424938248
39,248.79122424938248
40,247.21292707116217
41,246.26096731251494
42,246.26096731251494
43,246.26096731251494
44,246.26096731251494
45,246.26096731251494
46,246.26096731251494
47,246.26096731251494
48,246.26096731251494
49,246.26096731251494
