epoch,fitness
0,545.7656839777269
1,482.1110384916193
2,285.8053709279439
3,284.0786426342451
4,282.31803271135396
5,282.25756630969306
6,279.144742296738
7,276.10882193496894
8,276.10882193496894
9,274.0936538906345
10,273.2963701875754
11,271.4154327978451
12,265.8151705256522
13,265.8151705256522
14,265.8151705256522
15,265.6303593188074
16,264.1014427586889
17,264.1014427586889
18,264.1014427586889
19,264.1014427586889
20,246.60155041480016
21,245.03985803627182
22,244.08035617365726
23,244.08035617365726
24,243.94534899120546
25,243.92135780149349
26,243.92135780149349
27,243.29278082185803
28,242.16295232032493
29,240.4214049425036
30,240.39583511438084
31,240.39583511438084
32,239.79019528698439
33,239.79019528698439
34,239.79019528698439
35,239.47499776724965
36,239.47499776724965
37,239.47499776724965
38,239.47499776724965
39,237.3618435847411
40,237.3618435847411
41,237.1562306358172
42,237.1562306358172
43,237.1562306358172
44,237.1562306358172
45,235.5650850834547
46,235.5650850834547
47,235.5650850834547
48,235.5650850834547
49,235.0114034416854
50,235.0114034416854
51,235.0114034416854
