epoch,fitness
0,582.5259957380932
1,279.3271609302434
2,274.3571073994166
3,274.3315897694576
4,270.2943466552126
5,267.6144991965933
6,266.67111341148046
7,266.67111341148046
8,266.6497341143932
9,266.6497341143932
10,266.6497341143932
11,266.4678876345709
12,266.4678876345709
13,265.99677234992134
14,265.19396483362584
15,264.98132872251426
16,264.19282235005477
17,262.9311381821924
18,262.78452504622345
19,262.78452504622345
20,262.70429128499853
21,262.57076246158886
22,262.57076246158886
23,261.2137601517357
24,260.89240251636676
25,259.15023997920997
26,258.42933035666255
27,257.7759867291396
28,257.752137830815
29,257.752137830815
30,256.9060235494609
31,256.7241631878142
32,256.7241631878142
33,256.7241631878142
34,255.84604545980545
35,255.84604545980545
36,255.12837195170067
37,254.95472258682608
38,254.30583306840217
39,253.96423743922304
40,253.96423743922304
41,253.89145110793345
42,253.8612188688195
43,253.85058558756396
44,253.67089780384964
45,253.4807325605471
46,253.4807325605471
47,253.22582481729927
48,252.5550477403221
49,251.94607131606958
50,251.94607131606958
51,251.90617254482459
52,251.55401573472824
53,251.55401573472824
54,250.44009145178782
55,250.44009145178782
56,250.44009145178782
57,250.2211912349803
58,248.98438618184446
59,248.30411342234885
60,248.17594052630366
61,247.57777611963996
62,247.57777611963996
63,246.87343095493418
64,246.67301764915575
65,246.46210797283345
66,246.46210797283345
67,246.46210797283345
68,246.46210797283345
69,246.46210797283345
70,246.46210797283345
71,245.98585814477826
72,245.98585814477826
73,245.98585814477826
74,245.98585814477826
75,245.98585814477826
76,244.12767671743694
