epoch,fitness
0,1154.1097679775473
1,1086.4743376549413
2,1044.3971068580997
3,631.2725370008646
4,486.25862992786
5,486.25862992786
6,472.9569409353263
7,457.2767129839442
8,454.6226078731132
9,454.6226078731132
10,448.30050079232353
11,442.7946632356235
12,442.7946632356235
13,442.7946632356235
14,442.2261095600091
15,440.61099172311305
16,440.61099172311305
17,440.61099172311305
18,440.61099172311305
19,440.61099172311305
20,440.61099172311305
21,440.61099172311305
22,440.61099172311305
23,440.61099172311305
24,440.61099172311305
25,440.2836471904875
26,440.2836471904875
27,438.408599874481
28,438.408599874481
29,438.408599874481
30,438.408599874481
31,438.408599874481
32,438.408599874481
33,426.06767849738094
34,425.7681148855471
35,425.7681148855471
36,425.7681148855471
37,421.5829855982024
38,421.5829855982024
39,421.5829855982024
40,421.5829855982024
41,421.5829855982024
42,420.1814254591278
43,420.1814254591278
44,420.1814254591278
45,420.1814254591278
46,420.1814254591278
47,420.1814254591278
48,420.1814254591278
49,420.1814254591278
50,420.1814254591278
51,420.1814254591278
52,420.1814254591278
53,420.1814254591278
54,420.1814254591278
55,420.1814254591278
56,420.1814254591278
57,420.1814254591278
58,419.90090229703355
59,419.90090229703355
60,419.90090229703355
61,419.90090229703355
62,419.90090229703355
63,419.90090229703355
64,419.90090229703355
65,419.7829292440225
66,419.7829292440225
67,419.5452345974209
68,419.5452345974209
