epoch,fitness
0,1149.1963080886699
1,789.4914082487877
2,689.9736061328898
3,465.3765069046862
4,465.3765069046862
5,465.3765069046862
6,465.3765069046862
7,465.06283520921727
8,458.27335326065105
9,458.27335326065105
10,451.63279989484886
11,451.63279989484886
12,447.51886688725864
13,447.51886688725864
14,446.7983527201883
15,446.7983527201883
16,446.7983527201883
17,443.9874817685431
18,443.9874817685431
19,443.9874817685431
20,443.9874817685431
21,443.9874817685431
22,443.9874817685431
23,443.9874817685431
24,443.9874817685431
25,443.9874817685431
26,442.04391729610705
27,439.9106705051765
28,439.9106705051765
29,439.9106705051765
30,439.7874830058079
31,438.36508377324674
32,438.36508377324674
33,438.36508377324674
34,438.36508377324674
35,438.36508377324674
36,438.36508377324674
37,438.36508377324674
38,438.36508377324674
39,438.36508377324674
40,437.8927671429789
41,437.8927671429789
42,436.500199051266
43,436.500199051266
44,435.08598987026994
45,433.53065173126504
46,433.0773299865435
47,433.0773299865435
48,433.0773299865435
49,433.0773299865435
