epoch,fitness
0,1637.6948417742765
1,1062.6377620476417
2,685.8667457843715
3,658.0987009840208
4,656.6033342733214
5,641.7033900698104
6,639.0774790337124
7,636.9405994104751
8,636.9405994104751
9,636.9405994104751
10,635.8041814572862
11,629.0730159309619
12,629.0730159309619
13,629.0730159309619
14,627.7385171905768
15,627.7385171905768
16,627.7385171905768
17,623.6589183126026
18,623.6589183126026
19,623.3291836931248
20,623.3291836931248
21,623.3291836931248
22,623.3291836931248
23,623.3291836931248
24,623.3291836931248
25,623.3291836931248
26,623.3291836931248
27,617.9137875889136
28,617.9137875889136
29,617.9137875889136
30,617.9137875889136
31,617.9137875889136
32,617.9137875889136
33,617.9137875889136
34,617.9137875889136
35,617.3825984555099
36,617.3825984555099
37,617.3825984555099
38,612.9765781654909
39,612.9765781654909
40,612.9765781654909
41,612.9765781654909
42,612.9765781654909
43,612.9765781654909
44,612.9765781654909
45,612.789351533063
46,612.789351533063
47,612.789351533063
48,612.789351533063
49,612.789351533063
50,612.6332439295792
51,612.6332439295792
52,611.7019962283886
53,611.7019962283886
54,611.7019962283886
55,610.6091590255239
56,610.6091590255239
57,610.6091590255239
