epoch,fitness
0,754.2930455282199
1,616.3407166100357
2,444.32265297749683
3,374.46908536087375
4,369.50435511342704
5,363.58294463092045
6,363.1641429822454
7,362.6587400356442
8,362.6587400356442
9,361.4534073723588
10,361.4534073723588
11,360.1939464000692
12,360.1939464000692
13,359.542956292684
14,359.1728845619075
15,357.15404050311156
16,357.1440567194396
17,356.34246505943776
18,355.3295072845043
19,353.8760647496799
20,353.45902891477596
21,353.4456195113329
22,353.26605210392387
23,351.4865538165572
24,350.99512427183765
25,350.0731190524712
26,349.562633293204
27,348.84673405373434
28,348.5565714449299
29,348.5565714449299
30,347.6630723537924
31,347.05564736924913
32,345.23203539113337
33,345.23203539113337
34,345.23203539113337
35,345.23203539113337
36,344.55166888190934
37,343.7268248696651
38,343.1290648063791
39,343.1290648063791
40,342.48409074964786
41,342.18785133103506
42,340.7834236996217
43,340.7834236996217
44,340.2359031524442
45,339.17017654227016
46,338.8426424948666
47,337.213506854757
48,337.0749881811299
49,337.0749881811299
