epoch,fitness
0,127.63587110551093
1,115.81377809102638
2,115.44781239670921
3,113.09567028239809
4,111.49602946727725
5,110.57671639115269
6,108.19623421060271
7,108.19623421060271
8,108.19623421060271
9,108.19623421060271
10,106.71086973228137
11,106.71086973228137
12,106.71086973228137
13,106.71086973228137
14,106.71086973228137
15,106.71086973228137
16,106.71086973228137
17,106.12041463988801
18,106.12041463988801
19,105.21392169944832
20,103.33886129163515
21,103.33886129163515
22,103.33886129163515
23,103.33886129163515
24,103.33886129163515
25,103.14324039921333
26,103.06391200398072
27,101.67300541417812
28,101.58626055032902
29,101.58626055032902
30,101.58626055032902
31,100.00588524070844
32,99.90593340600857
33,99.90593340600857
34,99.90593340600857
35,99.90593340600857
36,99.90593340600857
37,98.32587433406741
38,98.32587433406741
39,97.98198215237645
40,97.98198215237645
41,97.98198215237645
42,97.98198215237645
43,95.30546386467026
44,94.91635577803588
45,94.91635577803588
46,94.18254272759425
47,92.44827427125512
48,91.20116610412875
49,91.15409645756034
50,90.92394797907909
51,90.92394797907909
52,89.4817840022203
53,89.4817840022203
54,89.4817840022203
55,89.4817840022203
56,89.46568857413197
57,89.46568857413197
58,89.46568857413197
59,89.46568857413197
60,89.46568857413197
61,88.83009357003782
62,88.83009357003782
63,88.83009357003782
64,88.77083958765236
65,88.77083958765236
66,88.70021643240365
67,88.35157876500939
68,88.35157876500939
69,88.35157876500939
70,88.35157876500939
71,88.35157876500939
72,88.35157876500939
73,88.35157876500939
74,88.35157876500939
75,88.34730836461972
76,88.34730836461972
77,88.34730836461972
78,88.34730836461972
79,88.34730836461972
80,88.34730836461972
81,88.33716169108028
82,88.33716169108028
83,88.33716169108028
84,88.33716169108028
85,88.33716169108028
86,88.33716169108028
87,88.33716169108028
88,88.27522287960146
89,88.27522287960146
