epoch,fitness
0,331.8620063620939
1,313.8047939762871
2,295.6474386402521
3,295.6474386402521
4,295.6474386402521
5,295.57191238610903
6,293.0346840757147
7,293.0346840757147
8,275.6036998925951
9,247.597134443881
10,231.8056025618686
11,231.8056025618686
12,231.8056025618686
13,231.1916840404556
14,231.1916840404556
15,231.1916840404556
16,231.1916840404556
17,229.94879173057606
18,229.94879173057606
19,229.94879173057606
20,229.92851390488522
21,229.92851390488522
22,229.92851390488522
23,229.92851390488522
24,228.34915521847563
25,225.33375346406547
26,225.33375346406547
27,225.33375346406547
28,225.33375346406547
29,225.33375346406547
30,225.33375346406547
31,225.33375346406547
32,223.84867209476425
33,223.84867209476425
34,223.84867209476425
35,223.84867209476425
36,223.84867209476425
37,221.16147021290982
38,221.16147021290982
39,221.15382305439772
40,221.15382305439772
41,219.93735250702392
42,218.25551962900838
43,218.04634426149147
44,218.04634426149147
45,218.04634426149147
46,218.04634426149147
47,218.04634426149147
48,217.73748195605248
49,217.73748195605248
50,217.73748195605248
51,214.43081365789325
52,214.43081365789325
53,214.43081365789325
54,214.43081365789325
55,214.35424312838134
56,214.3187015693696
57,214.30926601802153
58,214.27763705151645
59,214.27763705151645
60,214.2509466200012
61,214.2509466200012
62,214.1321971067211
63,213.44494528547568
64,213.44494528547568
65,213.44494528547568
66,212.43993399138736
67,212.43993399138736
68,212.43993399138736
69,212.43993399138736
70,212.21995766288296
71,212.21995766288296
72,212.21995766288296
