epoch,fitness
0,1404.5184994548747
1,1210.9969503590605
2,708.3576369154356
3,677.4447572347757
4,668.3624244900642
5,665.4698203392958
6,656.3280170294576
7,649.5620265935058
8,649.5620265935058
9,618.0343862605712
10,612.3412335747374
11,599.0856384051015
12,599.0856384051015
13,599.0856384051015
14,598.2729154343704
15,598.2729154343704
16,598.2729154343704
17,595.7184443297365
18,595.4319874375564
19,594.3185026074101
20,593.8787463770393
21,593.8787463770393
22,593.8787463770393
23,593.8787463770393
24,593.8787463770393
25,593.5110459765741
26,593.5110459765741
27,593.4779531891558
28,593.4779531891558
29,593.4779531891558
30,593.4779531891558
31,593.4779531891558
32,593.4779531891558
33,593.4779531891558
34,593.4779531891558
35,593.4779531891558
36,593.4779531891558
37,590.4583818965289
38,590.4583818965289
39,590.4583818965289
40,590.4583818965289
41,590.4583818965289
42,590.4583818965289
43,590.4583818965289
44,590.3002319123073
