epoch,fitness
0,123.28825851113982
1,123.28825851113982
2,100.43880250834171
3,100.43880250834171
4,100.43880250834171
5,99.38884194712641
6,95.61221183695537
7,95.61221183695537
8,95.61221183695537
9,95.56036259417134
10,95.56036259417134
11,95.54061266329313
12,95.53268951031271
13,95.53268951031271
14,95.53268951031271
15,95.53268951031271
16,95.53268951031271
17,94.33216962110622
18,94.33216962110622
19,94.33216962110622
20,94.33216962110622
21,92.68137121679871
22,92.67306378386479
23,90.79770928821812
24,90.79770928821812
25,90.79770928821812
26,90.79770928821812
27,90.79770928821812
28,90.79770928821812
29,90.79770928821812
30,90.79770928821812
31,90.79770928821812
32,90.79770928821812
33,90.79770928821812
34,90.71176984322675
35,90.71176984322675
36,90.71176984322675
37,90.71176984322675
38,90.71176984322675
39,90.71176984322675
40,90.71176984322675
41,90.71176984322675
42,89.36496335987879
43,89.36496335987879
44,89.36496335987879
45,89.36496335987879
46,89.36496335987879
47,89.36496335987879
48,89.36496335987879
49,89.36496335987879
50,89.36496335987879
51,89.36496335987879
52,89.08516241458445
53,89.08516241458445
54,89.08516241458445
55,89.08516241458445
56,89.08516241458445
57,89.08516241458445
58,89.08516241458445
59,89.08516241458445
60,89.08516241458445
61,89.08516241458445
62,89.08516241458445
63,89.08516241458445
64,89.08516241458445
65,89.08516241458445
66,89.08516241458445
67,89.08516241458445
68,89.08516241458445
