epoch,fitness
0,743.6710393834786
1,622.0015890450397
2,346.2240829058212
3,321.6869038257024
4,321.6869038257024
5,319.93535057586627
6,315.4847995695633
7,313.89389422049976
8,312.6789184900342
9,312.6789184900342
10,312.6789184900342
11,312.6789184900342
12,312.6789184900342
13,312.6789184900342
14,312.6789184900342
15,312.6789184900342
16,312.6789184900342
17,312.6789184900342
18,312.6789184900342
19,312.6789184900342
20,312.6789184900342
21,312.6789184900342
