epoch,fitness
0,292.14715382408684
1,202.01210579165337
2,148.86471541770064
3,148.56767945189355
4,148.14522328235773
5,146.29303873801533
6,145.93993073585634
7,145.93993073585634
8,144.64697990387683
9,143.04157301824625
10,142.57350000687805
11,142.57350000687805
12,141.74865799238782
13,141.18931421122298
14,141.18931421122298
15,140.94592321237215
16,140.94592321237215
17,140.28654631212316
18,140.06307558779977
19,140.06307558779977
20,139.95479877364195
21,139.95479877364195
22,138.730321896591
23,137.93123023228253
24,137.42485704576896
25,136.91639182471133
26,136.38509283056038
27,136.38509283056038
28,136.36447179672376
29,135.85956197047003
30,134.9714007449156
31,134.9714007449156
32,134.9714007449156
33,134.9714007449156
34,134.9714007449156
35,134.9714007449156
36,134.9714007449156
37,133.29787784153854
38,133.29787784153854
39,132.65869189377895
40,131.9344289598005
41,131.8568526658631
42,131.8568526658631
43,131.67482414585857
44,131.59242057723606
45,131.50873834938824
46,131.14747515410332
47,131.14747515410332
48,130.87942524532912
49,130.7238593563671
50,130.71488167830407
51,130.60047330723978
52,130.60047330723978
53,128.34351262446916
54,128.34351262446916
55,128.34351262446916
56,128.34351262446916
57,127.69879714178661
58,127.69879714178661
59,127.4202282547043
60,127.4202282547043
61,127.18413333995892
62,126.88263043608708
63,126.21142249620203
64,125.98002635493869
65,125.75479736506595
66,125.60637646184374
67,125.48832135351559
68,125.01089064792552
69,124.94384308781882
70,124.29437136546451
71,124.29437136546451
72,124.08590084345383
73,124.08590084345383
74,123.82643529162661
75,123.39895139888445
76,122.5127360363733
77,122.5127360363733
78,122.43045581175652
79,122.27845447314574
80,121.88019765519613
81,121.88019765519613
82,121.88019765519613
83,121.88019765519613
84,121.66114877421673
85,120.32136859877544
86,120.23041194670549
