epoch,fitness
0,333.9163775437052
1,299.6981861932451
2,208.81849915372314
3,199.62519051289274
4,188.13422750640228
5,186.25170793144065
6,185.6069069608284
7,184.878722744586
8,183.07857009833867
9,181.0278556700361
10,181.0278556700361
11,181.0278556700361
12,181.0278556700361
13,181.0278556700361
14,181.0278556700361
15,181.0278556700361
16,181.01886616798322
17,180.92794765982686
18,180.92794765982686
19,180.92794765982686
20,180.89463232043724
21,180.89463232043724
22,180.89463232043724
23,180.89463232043724
24,180.89463232043724
25,180.89463232043724
26,180.89463232043724
27,180.89463232043724
28,180.89463232043724
29,180.89463232043724
30,180.89463232043724
31,180.89463232043724
32,180.89463232043724
33,180.89463232043724
34,180.89463232043724
35,180.89463232043724
36,180.8261337492924
37,180.80233498866863
38,180.80233498866863
39,180.80233498866863
40,180.80233498866863
41,180.80233498866863
42,180.80233498866863
43,180.80233498866863
44,180.80233498866863
45,180.80233498866863
46,180.80233498866863
47,180.80233498866863
48,180.80233498866863
49,180.80233498866863
50,180.80233498866863
51,180.80233498866863
52,179.29439497923343
53,179.29439497923343
54,179.16687842149275
55,179.16687842149275
56,179.16687842149275
57,179.16687842149275
58,179.16687842149275
59,179.16687842149275
60,179.02117384883974
