epoch,fitness
0,2001837.755281289
1,593.3649823103837
2,521.5955724662043
3,416.9720797426333
4,413.41071555225506
5,413.41071555225506
6,412.32520700400005
7,412.32520700400005
8,412.32520700400005
9,412.32520700400005
10,411.7732196763973
11,411.5688362788488
12,408.76892805587187
13,408.76892805587187
14,408.76892805587187
15,408.76892805587187
16,408.76892805587187
17,408.76892805587187
18,408.76892805587187
19,408.76892805587187
20,408.76892805587187
21,408.61202302901984
22,407.4016936647661
23,407.4016936647661
24,407.4016936647661
25,407.4016936647661
26,406.8613684518577
27,406.8613684518577
28,406.8613684518577
29,406.8613684518577
30,406.8613684518577
31,406.8613684518577
32,406.8613684518577
33,406.8285122482526
34,406.8285122482526
35,406.74411625062044
36,406.74411625062044
37,406.74411625062044
38,406.74411625062044
39,406.74411625062044
40,406.74411625062044
41,406.74411625062044
42,406.74411625062044
43,406.74411625062044
44,406.74411625062044
45,406.5845491952048
46,406.5845491952048
47,406.5845491952048
48,406.5845491952048
49,406.5845491952048
50,406.5845491952048
51,406.5845491952048
52,406.5845491952048
53,406.5845491952048
54,406.5845491952048
55,406.5845491952048
56,406.5845491952048
57,406.5845491952048
58,406.5845491952048
59,406.5845491952048
60,406.5845491952048
61,406.5845491952048
62,406.42301230593654
63,406.42301230593654
64,406.42301230593654
65,406.3919691729935
66,406.3919691729935
67,406.2549434981032
68,406.2549434981032
69,406.2549434981032
70,406.2549434981032
71,406.2549434981032
72,406.2549434981032
73,406.2549434981032
74,406.2549434981032
75,406.2549434981032
76,406.2549434981032
77,406.2549434981032
78,406.2549434981032
79,406.2549434981032
80,406.2549434981032
81,406.2549434981032
82,405.9191670983931
83,405.9191670983931
84,405.9191670983931
85,405.9191670983931
86,405.9191670983931
87,405.8015623796627
88,405.8015623796627
89,405.8015623796627
90,405.8015623796627
91,405.8015623796627
92,405.8015623796627
93,405.8015623796627
94,405.8015623796627
95,405.8015623796627
96,405.8015623796627
97,405.8015623796627
98,405.8015623796627
99,405.8015623796627
100,405.8015623796627
101,405.8015623796627
