epoch,fitness
0,1170.8826171622063
1,692.0433268974933
2,419.13870396075885
3,413.5369373006244
4,411.95190914983
5,411.23825250281766
6,403.30910122899985
7,401.9144128356374
8,401.9144128356374
9,401.9144128356374
10,401.6058121092343
11,401.6058121092343
12,401.6058121092343
13,400.2436849025083
14,399.04822298047594
15,399.04822298047594
16,399.04822298047594
17,399.04822298047594
18,398.66258376414686
19,398.66258376414686
20,398.1970486043258
21,398.1970486043258
22,397.18826610605583
23,397.18826610605583
24,397.18826610605583
25,397.18826610605583
26,397.18826610605583
27,397.18826610605583
28,397.18826610605583
29,397.18826610605583
30,397.18826610605583
31,392.2995772729148
32,391.3423662727762
33,391.3423662727762
34,391.3423662727762
35,391.3423662727762
36,391.3400775101361
37,391.3400775101361
38,390.2074218279995
39,389.55167648388533
40,389.55167648388533
41,389.55167648388533
42,389.55167648388533
43,387.92630518454547
44,387.41089228373363
45,387.41089228373363
46,387.41089228373363
47,387.41089228373363
48,387.41089228373363
49,387.41089228373363
50,387.41089228373363
51,387.41089228373363
52,387.0844208649698
53,387.0844208649698
54,387.0844208649698
55,387.0844208649698
56,387.0844208649698
57,387.0844208649698
58,387.0844208649698
59,387.0844208649698
60,386.976321291485
61,386.976321291485
62,386.9717756308911
63,386.9717756308911
64,386.9717756308911
