epoch,fitness
0,594.9144725227804
1,559.5591866064749
2,279.4963698957226
3,278.313813739526
4,276.551857494607
5,272.2811882643043
6,270.6552148776859
7,268.14308895357357
8,267.87342205346954
9,267.7165173706046
10,267.06621293860906
11,265.8821270885237
12,263.58655920277147
13,263.58655920277147
14,263.2697060982652
15,263.1912184445319
16,263.1912184445319
17,263.1912184445319
18,263.1912184445319
19,262.3297616592182
20,262.3297616592182
21,262.3297616592182
22,262.3297616592182
23,262.3297616592182
24,262.3297616592182
25,261.96728739796504
26,261.96728739796504
27,261.6001520116503
28,261.6001520116503
29,261.4606156382345
30,261.4606156382345
31,261.4606156382345
32,261.3408233858312
33,261.3408233858312
34,261.3408233858312
35,261.2879339645924
36,259.9462733415683
37,259.9462733415683
38,259.9462733415683
39,259.9462733415683
40,259.9462733415683
41,259.7485682530742
42,259.7485682530742
43,258.4752800322783
44,258.4752800322783
45,258.4752800322783
46,258.13779312873146
47,258.13779312873146
48,258.13779312873146
49,258.13779312873146
50,258.1042572565251
51,257.92461783937614
52,257.92461783937614
53,257.8510022832844
54,257.8510022832844
55,257.8510022832844
56,257.8510022832844
57,257.2144884355142
58,256.74366533329146
59,256.74366533329146
60,256.74366533329146
61,256.74366533329146
62,256.56699338876524
63,256.29920289972864
64,254.4548316305566
65,254.4548316305566
66,254.4548316305566
67,254.4548316305566
68,254.10125048436237
69,254.10125048436237
70,252.56873813397496
71,252.56873813397496
72,252.56873813397496
73,251.70480723985852
74,251.70480723985852
75,251.70480723985852
76,251.70480723985852
77,251.70480723985852
