epoch,fitness
0,1307925.470996181
1,519.3000669449933
2,369.86562493501236
3,369.86562493501236
4,369.86562493501236
5,369.0359030446574
6,366.38606286006024
7,363.46166180689005
8,361.3870476808082
9,358.69591693196804
10,358.5588743138728
11,357.45957015287024
12,357.45957015287024
13,356.85285228414693
14,356.632393971224
15,356.1790498541781
16,356.1790498541781
17,356.1790498541781
18,356.1790498541781
19,356.1790498541781
20,356.1790498541781
21,356.1790498541781
22,356.1790498541781
23,356.1790498541781
24,356.1790498541781
25,356.1790498541781
26,356.1790498541781
27,356.1790498541781
28,356.1790498541781
29,356.1790498541781
30,356.1790498541781
31,356.1790498541781
32,356.0181801173175
33,356.0181801173175
34,355.8249015395446
35,355.8249015395446
36,355.8249015395446
37,355.8249015395446
38,355.8249015395446
39,355.82233049718184
40,355.82233049718184
41,355.56550894566954
42,355.56550894566954
43,355.56550894566954
44,355.56550894566954
45,355.56550894566954
46,355.56550894566954
47,355.56550894566954
48,355.56550894566954
49,355.56550894566954
50,355.56550894566954
51,355.56550894566954
52,355.56550894566954
53,355.56550894566954
54,355.56550894566954
55,355.56550894566954
56,355.56550894566954
57,355.56550894566954
58,355.56550894566954
59,355.56550894566954
60,355.56550894566954
61,355.56550894566954
62,355.56550894566954
63,355.56550894566954
64,355.56550894566954
65,355.56550894566954
66,355.56550894566954
67,355.5261751954559
68,355.48119192478845
69,355.48119192478845
70,355.48119192478845
71,355.48119192478845
72,355.48119192478845
73,355.48119192478845
74,355.48119192478845
75,355.48119192478845
76,355.48119192478845
77,355.48119192478845
78,355.48119192478845
79,355.48119192478845
80,355.48119192478845
81,355.48119192478845
82,355.48119192478845
83,355.48119192478845
84,355.48119192478845
85,355.48119192478845
86,355.48119192478845
87,355.48119192478845
88,355.48119192478845
89,355.48119192478845
90,355.48119192478845
91,355.48119192478845
92,355.38907228955304
93,355.38907228955304
94,355.38907228955304
95,355.38907228955304
96,355.38907228955304
97,355.38907228955304
98,355.38907228955304
99,355.38907228955304
100,355.38907228955304
101,355.38907228955304
102,355.38907228955304
103,355.38907228955304
104,355.38907228955304
105,355.38907228955304
106,355.38907228955304
