epoch,fitness
0,1244.4101663581794
1,1163.3064273283042
2,1163.3064273283042
3,1133.0896443407216
4,455.67091875143785
5,439.7552975145791
6,427.9246362718077
7,427.9246362718077
8,427.9246362718077
9,427.9246362718077
10,427.9246362718077
11,425.8937956605675
12,425.8937956605675
13,425.8937956605675
14,425.8937956605675
15,425.8937956605675
16,425.8937956605675
17,425.06403143231285
18,424.99505547780205
19,424.99505547780205
20,424.99505547780205
21,424.99505547780205
22,424.99505547780205
23,423.800380018373
24,423.800380018373
25,423.800380018373
26,423.800380018373
27,423.76549932600295
28,423.76549932600295
29,423.76549932600295
30,423.3048279073226
31,423.3048279073226
32,423.3048279073226
33,423.0472021413177
34,423.0472021413177
35,423.0472021413177
36,421.6580375364671
37,421.6580375364671
38,421.6580375364671
39,421.6580375364671
40,421.6580375364671
41,421.6580375364671
42,421.6580375364671
43,421.6580375364671
44,421.6580375364671
45,421.6580375364671
46,421.6580375364671
47,421.6580375364671
48,421.6580375364671
49,421.6580375364671
50,421.6580375364671
51,421.6580375364671
52,421.6580375364671
53,421.6580375364671
54,421.6580375364671
55,421.6580375364671
56,421.6580375364671
57,421.6580375364671
58,421.6580375364671
59,421.6580375364671
60,419.85934768649304
61,419.85934768649304
62,419.85934768649304
63,419.85934768649304
64,419.85934768649304
65,419.85934768649304
66,419.85934768649304
67,419.85934768649304
68,419.85934768649304
69,419.85934768649304
