epoch,fitness
0,1265.4229646437655
1,1235.9251467377492
2,1235.9251467377492
3,1217.3425734023197
4,533.4875263573143
5,497.65164891663807
6,497.65164891663807
7,491.8873165346643
8,484.7822047084281
9,484.7822047084281
10,484.7822047084281
11,482.2610539603457
12,477.66197503946285
13,477.66197503946285
14,477.66197503946285
15,477.1400943902753
16,477.1400943902753
17,472.440063439725
18,472.440063439725
19,472.440063439725
20,470.75737921316374
21,470.3087635289866
22,470.3087635289866
23,470.3087635289866
24,470.01662213398356
25,467.8800077874545
26,467.8800077874545
27,467.81933349262226
28,467.74803832854195
29,467.3416394649168
30,463.5715775507803
31,463.5715775507803
32,463.5715775507803
33,463.5715775507803
34,463.5715775507803
35,463.5715775507803
36,463.5715775507803
37,463.5715775507803
38,463.5715775507803
39,463.5715775507803
40,463.5715775507803
41,463.5715775507803
42,463.5715775507803
43,463.3297396619835
44,462.72697611270684
45,462.72697611270684
46,462.72697611270684
47,462.6990971516583
48,462.6990971516583
49,462.6990971516583
50,462.6990971516583
51,462.50096192275373
