epoch,fitness
0,317.7976619712226
1,317.7976619712226
2,317.7976619712226
3,290.70508409423456
4,193.80862671625314
5,193.80862671625314
6,191.74285071729219
7,191.74285071729219
8,191.6093422327924
9,191.6093422327924
10,191.6093422327924
11,191.6093422327924
12,191.6093422327924
13,191.3796879329252
14,191.26906734564025
15,189.67729477062107
16,189.67729477062107
17,189.4017101510849
18,189.4017101510849
19,189.4017101510849
20,189.4017101510849
21,189.4017101510849
22,189.4017101510849
23,189.4017101510849
24,189.3927600918608
25,189.3927600918608
26,189.3927600918608
27,188.0929073574215
28,188.0929073574215
29,188.0929073574215
30,187.6035624526012
31,182.87452655515534
32,182.4073296003965
33,182.4073296003965
34,182.26667149829274
35,182.26667149829274
36,180.60105008444503
37,180.60105008444503
38,180.60105008444503
39,180.60105008444503
40,180.60105008444503
41,180.60105008444503
42,180.60105008444503
43,180.60105008444503
44,180.60105008444503
45,180.60105008444503
46,180.60105008444503
47,180.60105008444503
48,180.60105008444503
49,180.60105008444503
50,180.60105008444503
51,180.5303401232237
52,180.5303401232237
53,180.5303401232237
54,180.5303401232237
55,180.5303401232237
56,180.52318322917512
57,180.52318322917512
58,180.52318322917512
59,180.52318322917512
60,180.52318322917512
61,180.04910145361575
62,180.04910145361575
63,180.04910145361575
64,180.04910145361575
65,180.04910145361575
66,180.04910145361575
67,180.04910145361575
68,180.04910145361575
69,180.04910145361575
70,180.04910145361575
71,180.04910145361575
72,180.04910145361575
73,180.04910145361575
74,180.04910145361575
75,180.04910145361575
76,180.04910145361575
77,180.04910145361575
