epoch,fitness
0,354.7427752384105
1,331.0726274408998
2,331.0726274408998
3,331.0726274408998
4,330.00819849868844
5,189.1790509600584
6,186.58012353963983
7,184.76351369563756
8,183.9012889131912
9,183.9012889131912
10,181.60687825764168
11,180.2540764903359
12,178.3620202387675
13,178.3620202387675
14,176.49758973552497
15,176.49758973552497
16,176.49758973552497
17,176.46885920604967
18,176.46885920604967
19,176.39660752065805
20,176.39660752065805
21,176.39660752065805
22,176.39660752065805
23,176.39660752065805
24,176.39660752065805
25,176.39660752065805
26,176.39660752065805
27,176.39660752065805
28,176.39660752065805
29,176.39660752065805
30,176.39660752065805
31,176.39660752065805
32,176.39660752065805
33,176.39660752065805
34,176.39660752065805
35,176.39660752065805
36,176.39660752065805
37,176.39660752065805
38,176.39660752065805
39,176.3633442444548
40,176.3633442444548
41,176.3633442444548
42,176.3633442444548
43,176.3633442444548
44,176.3633442444548
45,176.3633442444548
46,176.3633442444548
47,176.3633442444548
48,176.3633442444548
49,176.3633442444548
50,176.3633442444548
51,176.3633442444548
52,176.3633442444548
53,176.3633442444548
54,176.3633442444548
55,176.3633442444548
56,175.97379267176987
57,175.97379267176987
58,175.97379267176987
59,175.97379267176987
60,175.97379267176987
61,175.97379267176987
62,175.97379267176987
63,175.97379267176987
64,175.97379267176987
