epoch,fitness
0,220.500949831758
1,215.95348699946024
2,215.95348699946024
3,214.90088636785777
4,209.0216214902866
5,174.92844827184197
6,150.7236292014538
7,150.7236292014538
8,150.7236292014538
9,147.69342133664702
10,147.69342133664702
11,146.37439635326584
12,146.37439635326584
13,144.74289512082987
14,144.4595056544321
15,142.84879158925594
16,142.84879158925594
17,142.84879158925594
18,141.7800256894211
19,141.64306137162782
20,141.61391274247583
21,141.316668912429
22,141.316668912429
23,141.316668912429
24,141.316668912429
25,141.21254806403257
26,139.67479507554486
27,139.67479507554486
28,137.31344508592167
29,137.31344508592167
30,137.31344508592167
31,137.29997460809682
32,137.22406079569308
33,136.80064077250958
34,136.80064077250958
35,136.69422043280045
36,136.69422043280045
37,136.69422043280045
38,136.69422043280045
39,136.69422043280045
40,136.69422043280045
41,136.69422043280045
42,136.69422043280045
43,136.0662925395376
44,135.9322353992119
45,135.9322353992119
46,135.69562150646442
47,135.69562150646442
48,135.69562150646442
49,135.69562150646442
50,135.69046186212188
51,135.69046186212188
52,135.69046186212188
53,135.69046186212188
54,135.69046186212188
55,135.69046186212188
56,135.69046186212188
57,135.69046186212188
58,135.08409725219028
59,134.98842369161616
60,133.89115114201465
61,133.89115114201465
62,132.09702384690124
63,132.09702384690124
64,132.09702384690124
65,132.09702384690124
66,132.0037602600301
