epoch,fitness
0,327.4052669137094
1,323.74492725695364
2,216.41914585965674
3,207.78809721188534
4,207.69336890433289
5,206.27895421910418
6,206.27895421910418
7,205.08349713286756
8,205.08349713286756
9,205.01118547576917
10,205.01118547576917
11,205.01118547576917
12,205.01118547576917
13,205.01118547576917
14,205.01118547576917
15,205.01118547576917
16,202.80312795247227
17,202.80312795247227
18,202.80312795247227
19,202.80312795247227
20,201.357779358191
21,201.357779358191
22,201.357779358191
23,201.357779358191
24,201.357779358191
25,201.357779358191
26,201.357779358191
27,201.357779358191
28,201.357779358191
29,201.357779358191
30,200.73314929675416
31,200.73314929675416
32,200.73314929675416
33,200.73314929675416
34,200.73314929675416
35,200.73314929675416
36,200.73314929675416
37,197.0156693878579
38,197.0156693878579
39,197.0156693878579
40,197.0156693878579
41,197.0156693878579
42,197.0156693878579
43,196.9789408863214
44,196.9789408863214
45,196.95018733349673
46,196.95018733349673
47,196.95018733349673
48,196.95018733349673
49,196.95018733349673
50,196.6344838344272
51,196.6344838344272
52,196.6344838344272
53,196.34782248763617
54,196.29484693903692
55,196.24464479850477
56,196.19137323223745
57,196.18644319988405
58,196.18644319988405
59,194.02673975162296
60,194.02673975162296
61,194.02673975162296
62,194.02673975162296
63,194.02673975162296
64,194.02673975162296
65,194.02673975162296
66,193.03142177359555
67,193.03142177359555
68,193.03142177359555
69,193.03142177359555
70,193.03142177359555
71,193.03142177359555
72,193.03142177359555
73,193.03142177359555
74,193.03142177359555
75,193.03142177359555
76,193.03142177359555
77,193.03142177359555
78,193.01568685949806
79,193.01568685949806
80,193.01568685949806
81,193.01568685949806
82,193.01568685949806
83,193.01568685949806
84,193.01568685949806
