epoch,fitness
0,119.77752293383958
1,116.11437917334788
2,105.52135393884598
3,105.52135393884598
4,105.52135393884598
5,104.37575912232379
6,104.37575912232379
7,104.37575912232379
8,103.44827949172725
9,101.51501051819268
10,101.51501051819268
11,101.51501051819268
12,101.51501051819268
13,101.51501051819268
14,101.31754486544737
15,101.31754486544737
16,101.15344181466449
17,101.15344181466449
18,96.4707631683499
19,96.4707631683499
20,94.30516961847093
21,92.58166610220843
22,92.38971562025485
23,92.38971562025485
24,92.38971562025485
25,92.38971562025485
26,92.38971562025485
27,92.2869452670383
28,92.2869452670383
29,92.19501935153377
30,92.19501935153377
31,92.19501935153377
32,92.19501935153377
33,91.99712981066632
34,90.59528200450137
35,90.50990236706026
36,90.50990236706026
37,90.50990236706026
38,90.50990236706026
39,90.50990236706026
40,89.7804093654348
41,89.27668556823762
42,89.27668556823762
43,89.1998131078063
44,89.11577901906085
45,89.11577901906085
46,89.11577901906085
47,89.11577901906085
48,89.11577901906085
49,88.9138498214463
50,88.9138498214463
51,88.9138498214463
52,88.9138498214463
53,88.9138498214463
54,88.9138498214463
55,88.9138498214463
56,88.9065144693067
57,88.9065144693067
58,88.9021168641106
59,88.9021168641106
60,88.9021168641106
61,88.9021168641106
62,88.9021168641106
63,88.9021168641106
64,88.82775169115689
65,88.8031125156062
66,88.8031125156062
67,88.79235943209699
68,88.7535819763547
69,88.5152358818712
70,88.5152358818712
71,88.5152358818712
72,88.5152358818712
73,88.5152358818712
74,88.5152358818712
