epoch,fitness
0,1505.7056290339226
1,758.5972684988632
2,742.1298922578638
3,737.4856777093205
4,712.1850218933403
5,639.5480453040095
6,639.5480453040095
7,639.5480453040095
8,639.5480453040095
9,639.4932139409508
10,639.4932139409508
11,639.4932139409508
12,639.4932139409508
13,639.4932139409508
14,639.4932139409508
15,639.4932139409508
16,639.4932139409508
17,639.4932139409508
18,639.4932139409508
19,639.4932139409508
20,639.4932139409508
21,639.4932139409508
22,639.4932139409508
23,639.4932139409508
24,639.4932139409508
25,639.4932139409508
26,639.4932139409508
27,639.4932139409508
28,639.4932139409508
29,639.4932139409508
30,639.4932139409508
31,639.4932139409508
32,639.4932139409508
33,639.4932139409508
34,639.4932139409508
35,639.4932139409508
36,639.4932139409508
37,639.4932139409508
38,639.4932139409508
39,639.4932139409508
40,639.4932139409508
41,639.4932139409508
42,639.4932139409508
43,639.4932139409508
44,639.4932139409508
45,639.4932139409508
46,639.4932139409508
47,639.4932139409508
48,639.4932139409508
49,639.4932139409508
50,639.4932139409508
51,639.4932139409508
52,639.4932139409508
53,639.4932139409508
54,639.4932139409508
55,639.4932139409508
56,639.4932139409508
57,639.4932139409508
58,639.4932139409508
59,639.4932139409508
60,639.4932139409508
61,639.4932139409508
62,639.4932139409508
63,639.4932139409508
64,639.4932139409508
65,639.4932139409508
66,639.4932139409508
67,639.4932139409508
68,639.4932139409508
69,639.4932139409508
70,639.4932139409508
71,639.4932139409508
72,639.4932139409508
73,639.4932139409508
74,639.4932139409508
75,639.4932139409508
76,639.4932139409508
77,639.4932139409508
78,639.4932139409508
79,639.4932139409508
80,639.4932139409508
81,639.4932139409508
82,639.4932139409508
83,639.4932139409508
84,639.4932139409508
85,639.4932139409508
86,639.4932139409508
87,639.4932139409508
88,639.4932139409508
89,639.4932139409508
90,639.4932139409508
91,639.4932139409508
92,639.4932139409508
93,639.4932139409508
94,639.4932139409508
95,639.4932139409508
96,639.4932139409508
97,639.4932139409508
98,639.4932139409508
99,639.4932139409508
100,639.4932139409508
101,639.4932139409508
102,639.4932139409508
103,639.4932139409508
104,639.4932139409508
105,639.4932139409508
106,639.4932139409508
107,639.4932139409508
108,639.4932139409508
109,639.4932139409508
110,639.4932139409508
111,639.4932139409508
112,639.4932139409508
