epoch,fitness
0,804.9209500069712
1,798.8716483121029
2,534.13045434438
3,345.596766458546
4,345.596766458546
5,338.37054922687366
6,338.3475862640748
7,337.41803110125966
8,336.78501681752545
9,336.3273325551428
10,333.5681251905019
11,333.5681251905019
12,332.2124880586122
13,331.74926498412066
14,331.74926498412066
15,331.74926498412066
16,331.74926498412066
17,331.74926498412066
18,327.9182196639659
19,327.9182196639659
20,327.9182196639659
21,327.9182196639659
22,327.71369510141756
23,326.9273025152969
24,326.9273025152969
25,326.9273025152969
26,326.9273025152969
27,325.8920855322502
28,325.8920855322502
29,325.8920855322502
30,324.8630142281738
31,324.8630142281738
32,324.8630142281738
33,324.8630142281738
34,323.67545982400577
35,323.67545982400577
36,323.67545982400577
37,323.67545982400577
38,323.67545982400577
39,323.67545982400577
40,323.67545982400577
41,323.67545982400577
42,323.67545982400577
43,323.67545982400577
44,323.67545982400577
45,323.67545982400577
46,323.67545982400577
47,323.67545982400577
48,323.67545982400577
49,323.67545982400577
50,323.5797935554632
51,323.5797935554632
52,323.5797935554632
53,323.5797935554632
54,323.20977932699736
55,323.20977932699736
56,323.20977932699736
57,323.20977932699736
58,323.20977932699736
59,323.20977932699736
60,323.20977932699736
61,323.20977932699736
62,323.1788208421949
63,320.89488970700125
64,320.89488970700125
65,320.89488970700125
66,320.89488970700125
67,320.89488970700125
