epoch,fitness
0,421.67627496886837
1,296.92845283158795
2,228.46439843319678
3,226.08100936323106
4,223.18680065849514
5,222.012290069659
6,220.7531523812758
7,220.7531523812758
8,220.7078356875825
9,218.84703717528723
10,218.84703717528723
11,218.13280090265002
12,218.13280090265002
13,217.2974704207105
14,213.5230099878912
15,213.2767392316995
16,213.25189433544526
17,213.25189433544526
18,212.98363377352194
19,212.52749749591115
20,212.4516304978494
21,212.27233089995048
22,212.13986131859517
23,211.42759131716775
24,209.88381626389437
25,209.88381626389437
26,209.69910325316746
27,209.36752516667343
28,209.36752516667343
29,209.27270932513258
30,208.99787950379383
31,208.99787950379383
32,208.99787950379383
33,208.99787950379383
34,208.99787950379383
35,208.46077588907684
36,208.25696543741253
37,208.25696543741253
38,206.13807862381017
39,205.26856584248472
40,204.61816582392095
41,204.4789752777175
42,204.4789752777175
43,204.4789752777175
44,203.92783922098673
45,203.92783922098673
46,202.6857645058854
47,202.6857645058854
48,202.30012704819288
49,202.0078585439555
50,201.51567326627372
51,201.41720482762577
52,200.89115444152154
53,200.01696713769314
54,200.01696713769314
55,199.828058820181
56,199.5147970788677
57,198.62370583151736
58,198.514732670839
59,196.73837016618563
60,196.73837016618563
61,196.63479205545852
62,196.63479205545852
