epoch,fitness
0,1278.747471440595
1,1182.141886212877
2,1182.141886212877
3,562.3706234977341
4,550.6176119886294
5,515.216966332461
6,515.216966332461
7,515.216966332461
8,514.3246812894438
9,514.3246812894438
10,510.03148489141876
11,510.03148489141876
12,509.0695933116639
13,500.67470134196867
14,496.5393704169963
15,489.2582884231131
16,489.2582884231131
17,487.9439077586762
18,487.9439077586762
19,487.9439077586762
20,486.2760601377519
21,483.7003335689623
22,483.7003335689623
23,483.7003335689623
24,483.7003335689623
25,482.6902418061401
26,482.6902418061401
27,482.6902418061401
28,482.40385736296116
29,482.24749295457144
30,480.66695437690294
31,480.66695437690294
32,480.66695437690294
33,480.66695437690294
34,480.66695437690294
35,480.66695437690294
36,480.66695437690294
37,480.66695437690294
38,480.66695437690294
39,480.66695437690294
40,480.66695437690294
41,480.66695437690294
42,480.66695437690294
43,480.66695437690294
44,480.66695437690294
45,480.66695437690294
46,480.66695437690294
47,480.66695437690294
48,470.7574604986525
49,470.7574604986525
50,466.2755310639835
51,466.2755310639835
52,466.2755310639835
53,466.2755310639835
54,466.2755310639835
55,466.2755310639835
56,466.2755310639835
57,466.2755310639835
58,464.5104503273971
59,464.5104503273971
60,464.5104503273971
61,464.5104503273971
62,464.5104503273971
63,464.5104503273971
64,464.5104503273971
65,464.5104503273971
66,464.5104503273971
