epoch,fitness
0,1565.5183704290125
1,1536.9245008175546
2,705.1292760749087
3,558.1800214355703
4,544.4549746234201
5,544.4549746234201
6,543.6755339738497
7,531.8745073302525
8,531.5700644720353
9,531.5700644720353
10,531.5700644720353
11,525.0572816331743
12,525.0572816331743
13,520.9019928461149
14,520.9019928461149
15,520.9019928461149
16,520.9019928461149
17,520.9019928461149
18,520.5559068832466
19,519.3399334168842
20,517.4336066427301
21,517.4336066427301
22,517.34051369002
23,517.34051369002
24,516.7173857098046
25,516.7173857098046
26,516.7173857098046
27,514.6811253744835
28,513.8391569383796
29,513.8391569383796
30,513.8391569383796
31,513.8391569383796
32,513.8391569383796
33,513.8391569383796
34,513.8391569383796
35,513.8391569383796
36,513.8391569383796
37,513.8391569383796
38,513.8391569383796
39,513.8391569383796
40,513.8391569383796
41,513.6708312251048
42,513.6708312251048
43,513.6708312251048
44,513.6708312251048
45,513.6708312251048
46,511.2120412086506
47,511.2120412086506
48,511.2120412086506
49,511.2120412086506
50,511.2120412086506
51,511.2120412086506
52,511.2120412086506
53,511.2120412086506
54,511.2120412086506
55,511.2120412086506
56,511.2120412086506
57,511.2120412086506
58,511.2120412086506
59,511.2120412086506
60,511.2120412086506
61,511.2120412086506
62,511.2120412086506
63,510.24789754071685
64,500.13995992488606
