epoch,fitness
0,1365.373564615514
1,1005.1756384301921
2,815.0330311189676
3,741.3745098215503
4,720.9593263776629
5,720.458424339241
6,717.4477293119007
7,717.4477293119007
8,711.2261409247501
9,701.8928990423327
10,695.3939392301975
11,695.3939392301975
12,695.3939392301975
13,694.0527101484385
14,689.150619183669
15,689.150619183669
16,688.8966107163839
17,688.5519511127085
18,688.3900837252769
19,688.3900837252769
