epoch,fitness
0,868.9938685447805
1,868.9938685447805
2,661.6143155135975
3,394.13094342790373
4,394.13094342790373
5,392.7743639084071
6,387.9895478647873
7,387.51357062560646
8,385.5557846117637
9,383.55199717706137
10,378.0063212604835
11,376.94959890398223
12,376.57437180784433
13,376.57437180784433
14,376.57437180784433
15,376.36713213910946
16,376.36713213910946
17,372.6644918488332
18,372.6644918488332
19,372.6644918488332
20,372.6644918488332
21,371.5903133256477
22,370.9918713595323
23,370.2567078241833
24,369.44467666457734
25,369.44467666457734
26,369.336453535502
27,369.336453535502
28,367.2452349294443
29,367.2452349294443
30,366.59895390180094
31,366.49726946795283
32,365.33657030986546
33,365.33657030986546
34,364.5132745339425
35,364.5132745339425
36,363.4351887193315
37,363.4351887193315
38,363.4351887193315
39,363.01582858347416
40,363.01582858347416
41,363.01582858347416
42,363.01582858347416
43,362.0281258232518
44,362.0281258232518
45,362.0281258232518
46,362.0034798829626
47,362.0034798829626
48,362.0034798829626
49,362.0034798829626
50,362.0034798829626
51,361.86969327300994
52,361.1023788979062
53,361.1023788979062
54,357.2118187170499
55,357.2118187170499
56,357.2118187170499
57,357.2118187170499
58,355.9580982157905
59,355.9580982157905
60,355.9580982157905
61,355.9580982157905
62,355.02271267273346
