epoch,fitness
0,1565.303682679925
1,1225.0574262715922
2,1093.8618824835123
3,792.0820100116031
4,787.955514804492
5,778.7816226247874
6,777.2399934151877
7,761.7413575357609
8,759.4887925339458
9,759.4887925339458
10,723.3386845376058
11,678.3193652206276
12,678.3193652206276
13,664.6076967203472
14,664.0924366291196
15,664.0924366291196
16,664.0924366291196
17,662.9040453845018
18,662.9040453845018
19,662.9040453845018
20,662.9040453845018
21,662.9040453845018
22,662.9040453845018
23,662.9040453845018
24,662.9040453845018
25,662.6765884694362
26,662.6765884694362
27,662.6765884694362
28,662.6765884694362
29,661.2961031403481
30,661.2961031403481
31,656.1561402544039
32,656.1561402544039
33,655.2906510061806
34,655.2906510061806
35,655.1967447972829
36,655.1967447972829
37,655.1967447972829
38,655.1967447972829
39,655.1967447972829
40,655.1967447972829
41,654.5966447714341
42,654.5966447714341
43,654.5966447714341
