epoch,fitness
0,1558.6837486088373
1,1123.2008545568888
2,776.0203938441438
3,763.4651410607262
4,761.1658436054632
5,756.7491711717698
6,752.3317156069251
7,750.3799455963441
8,750.3799455963441
9,749.1863084851932
10,748.3874617400866
11,747.9648252876253
12,746.3377983841484
13,742.8697323259681
14,742.8697323259681
15,742.052168726078
16,741.9050402969187
17,741.1115762991415
18,739.7758550784844
19,739.7758550784844
20,736.970681322422
21,736.970681322422
22,734.7601691570613
23,733.8869542340032
24,733.6371417296585
25,733.6371417296585
26,733.0374066442621
27,733.0374066442621
28,733.0374066442621
29,732.6866284143134
30,732.6866284143134
31,732.5742479761694
32,732.2758010577046
33,732.2758010577046
34,732.2758010577046
35,732.2758010577046
36,731.6893979425566
37,731.6893979425566
38,730.6433547835878
39,730.6433547835878
40,730.4777910617764
41,728.1435852931554
42,728.1435852931554
43,728.032775835191
44,727.832789311394
45,726.8515281505821
