epoch,fitness
0,219.6974919587066
1,217.0519349897107
2,217.0519349897107
3,156.2745263773359
4,145.11801196114504
5,145.11801196114504
6,143.76794933274627
7,143.76794933274627
8,143.76794933274627
9,143.61115893135317
10,143.61115893135317
11,143.61115893135317
12,140.10621723366188
13,138.5500788537337
14,138.5500788537337
15,138.5500788537337
16,138.5500788537337
17,138.51941443420213
18,138.51172193808506
19,138.07281064630084
20,138.06123766512965
21,136.07220056552558
22,136.07220056552558
23,136.07220056552558
24,136.07220056552558
25,136.07220056552558
26,136.07220056552558
27,136.07220056552558
28,136.07220056552558
29,136.07220056552558
30,136.07220056552558
31,136.07220056552558
32,136.07220056552558
33,136.07220056552558
34,136.07220056552558
35,135.90477447826086
36,135.90477447826086
37,135.90477447826086
38,135.90477447826086
39,135.90477447826086
40,135.90477447826086
41,135.90477447826086
42,134.7401431685251
43,134.7401431685251
44,134.57653059588176
45,134.57653059588176
46,134.57653059588176
47,134.57653059588176
48,134.57653059588176
49,134.57653059588176
50,134.57653059588176
51,134.57653059588176
52,134.4725235582403
53,134.4725235582403
54,133.05301411232833
55,133.05301411232833
56,133.05301411232833
57,133.05301411232833
58,133.05301411232833
59,133.05301411232833
60,133.05301411232833
61,133.05301411232833
62,133.05301411232833
63,133.05301411232833
