epoch,fitness
0,1347442.699572033
1,434.5019301871518
2,413.28447900856474
3,386.2887558624508
4,386.2887558624508
5,330.21527773599604
6,323.1241704756836
7,323.1241704756836
8,323.1241704756836
9,323.1241704756836
10,322.9145262231527
11,322.395916206935
12,322.395916206935
13,322.395916206935
14,322.395916206935
15,322.37200219828037
16,322.37200219828037
17,322.37200219828037
18,322.37200219828037
19,322.37200219828037
20,322.37200219828037
21,322.37200219828037
22,321.8891409019901
23,321.8891409019901
24,321.8891409019901
25,321.79803414398066
26,321.79803414398066
27,321.79803414398066
28,321.79803414398066
29,321.2313603708082
30,321.0784455592908
31,321.0784455592908
32,321.0784455592908
33,321.0784455592908
34,321.0784455592908
35,321.0784455592908
36,321.0784455592908
37,321.0784455592908
38,321.0784455592908
39,321.0784455592908
40,321.0784455592908
41,321.0784455592908
42,321.0784455592908
43,321.0784455592908
44,321.0784455592908
45,321.0784455592908
46,321.0784455592908
47,321.0784455592908
48,321.0784455592908
49,321.0784455592908
50,321.0784455592908
51,321.0784455592908
52,321.0784455592908
53,321.0784455592908
54,321.0784455592908
55,321.0784455592908
56,321.0784455592908
57,321.0784455592908
58,321.0784455592908
59,321.0784455592908
60,321.0784455592908
61,321.0784455592908
62,321.0784455592908
63,321.0784455592908
64,321.0784455592908
65,321.0784455592908
66,321.0784455592908
67,321.0784455592908
68,321.0784455592908
69,321.0784455592908
70,321.0784455592908
71,321.0784455592908
72,321.0784455592908
73,321.0784455592908
74,321.0784455592908
75,321.0784455592908
76,321.03446608227523
77,321.03446608227523
78,321.03446608227523
79,321.03446608227523
80,321.03446608227523
81,321.03446608227523
82,321.03446608227523
83,321.03446608227523
84,320.8073713303498
85,320.8073713303498
86,320.8073713303498
87,320.8073713303498
88,320.77477803598475
89,320.77477803598475
90,320.77477803598475
91,320.77477803598475
92,320.77477803598475
93,320.77477803598475
94,320.77477803598475
95,320.77477803598475
96,320.77477803598475
97,320.77477803598475
98,320.77477803598475
99,320.77477803598475
100,320.77477803598475
101,320.5585094052401
102,320.5585094052401
103,320.5585094052401
104,320.5344500621745
105,320.5344500621745
106,320.5344500621745
107,320.5344500621745
108,320.5344500621745
109,320.5344500621745
110,320.5344500621745
111,320.5344500621745
112,320.5344500621745
113,320.5344500621745
114,320.5344500621745
115,320.5344500621745
