epoch,fitness
0,570.2191987994577
1,388.4087519482723
2,388.4087519482723
3,275.39685095412614
4,274.78145352817637
5,274.3792729732372
6,271.5803780117663
7,271.5803780117663
8,269.6641787274318
9,269.6641787274318
10,269.6641787274318
11,268.21849572169964
12,266.965625100656
13,266.965625100656
14,266.965625100656
15,266.89215035062085
16,266.24799134897535
17,263.3541353887845
18,253.63141907832014
19,253.63141907832014
20,252.31607763971078
21,249.81084900922474
22,249.81084900922474
23,249.47936228038827
24,246.76701394864617
25,246.37499218911964
26,246.37499218911964
27,246.37499218911964
28,246.37499218911964
29,246.37499218911964
30,245.98231008073793
31,245.64183458827944
32,245.57888710925005
33,245.1514671694414
34,245.1514671694414
35,245.1514671694414
36,245.1514671694414
37,245.1514671694414
38,244.99904597978605
39,244.46474298524512
40,244.1854818919581
41,244.1854818919581
42,244.1854818919581
43,244.1854818919581
44,244.1854818919581
45,243.85419626798733
46,243.85419626798733
47,243.58797946200107
48,243.58797946200107
49,243.58797946200107
50,243.58797946200107
51,243.58797946200107
52,243.58797946200107
53,243.58797946200107
54,243.58797946200107
55,243.58797946200107
56,243.3018315283357
57,243.3018315283357
58,243.3018315283357
59,242.7985105957365
60,242.7985105957365
61,242.7985105957365
62,242.7985105957365
