epoch,fitness
0,1052.1556598132668
1,1014.4479131573781
2,575.3027144519631
3,548.3797571093783
4,537.9979734029886
5,530.9147371807095
6,530.9147371807095
7,509.9408049792009
8,509.71272569522057
9,482.94541816802354
10,482.51757479565026
11,482.51757479565026
12,478.02782616757213
13,473.24266364342253
14,473.24266364342253
15,473.24266364342253
16,470.3787461651278
17,470.3787461651278
18,470.3787461651278
19,470.2164001189595
20,470.2164001189595
21,469.6936575268349
22,469.5617320264057
23,469.0151956771402
24,469.0151956771402
25,469.0151956771402
26,469.0151956771402
27,469.0151956771402
28,468.4592575647993
29,468.4592575647993
30,468.4592575647993
31,468.3264700003517
32,468.3264700003517
33,468.3264700003517
34,468.3147351551978
35,467.37341940322665
36,465.34275455778925
37,465.34275455778925
38,465.34275455778925
39,454.6809151369168
40,453.5411944530444
41,452.3669242786646
42,451.46542052842807
43,451.46542052842807
44,451.4371004652142
45,451.2815027994311
46,450.0087799009004
47,450.0087799009004
48,449.41480178545106
49,449.41480178545106
50,449.0085203310117
51,449.0085203310117
52,448.13290234043814
