epoch,fitness
0,1068.2491192012637
1,778.6003312255884
2,591.862207325214
3,536.5566787423684
4,536.1823148194485
5,532.7617320531881
6,532.7617320531881
7,532.7617320531881
8,526.5595533748614
9,525.4761965328811
10,517.6297048013488
11,517.6297048013488
12,517.6297048013488
13,516.9490871125319
14,516.4183566717466
15,513.9690082945037
16,512.2430583325743
17,512.2430583325743
18,507.5330937367209
19,505.8675142283937
20,505.8675142283937
21,505.8675142283937
22,504.1247577745537
23,504.1247577745537
24,504.1247577745537
25,504.1247577745537
26,503.962401835434
27,502.97571255712194
28,502.63066733504286
29,501.7843064520177
30,501.68169914646904
31,501.68169914646904
32,501.51022612175586
33,501.51022612175586
34,501.51022612175586
35,501.4191828821395
36,500.3743694785174
37,499.04333620567667
38,498.94701578682316
39,498.94701578682316
40,497.7130796064466
41,497.7130796064466
42,497.7130796064466
43,497.7130796064466
44,496.463507427579
45,496.463507427579
46,496.3214488655655
47,495.89125637059567
48,495.74077330943135
