epoch,fitness
0,115.1041169918435
1,115.1041169918435
2,110.82938069366264
3,110.82938069366264
4,110.82938069366264
5,110.82938069366264
6,109.47274779854892
7,109.47274779854892
8,108.52635814909817
9,108.52635814909817
10,99.78824851817826
11,93.96463618373983
12,93.85999942226206
13,93.01833941020605
14,92.80492534680101
15,92.65365684606029
16,91.45742371125017
17,91.30760379622592
18,91.25100445013157
19,91.21992452520993
20,91.21992452520993
21,91.21147899536557
22,90.98738851742563
23,90.98738851742563
24,90.94956218927884
25,90.94956218927884
26,90.94956218927884
27,90.94297722609832
28,90.94297722609832
29,90.94297722609832
30,90.2959684908659
31,90.2959684908659
32,90.25291881277005
33,90.25291881277005
34,90.25291881277005
35,88.27882026443925
36,88.27882026443925
37,88.27882026443925
38,88.27882026443925
39,88.27882026443925
40,88.27882026443925
41,88.27882026443925
42,88.27882026443925
43,88.27882026443925
44,88.27882026443925
45,88.27882026443925
46,88.21169819978078
47,88.21169819978078
48,88.21169819978078
49,88.21169819978078
50,88.21169819978078
51,88.21169819978078
52,88.21169819978078
53,88.21169819978078
54,88.21169819978078
55,88.21169819978078
56,88.21169819978078
57,88.21169819978078
58,87.03140847823396
59,87.03140847823396
60,87.03140847823396
61,87.03140847823396
62,87.03140847823396
63,87.03140847823396
64,87.03140847823396
65,87.03140847823396
66,87.03140847823396
67,87.03140847823396
68,87.03140847823396
