epoch,fitness
0,121.91701681277455
1,120.61612048002698
2,113.54414704826014
3,112.4558260250368
4,112.4558260250368
5,112.4558260250368
6,111.09931618094674
7,98.69860366843085
8,98.69860366843085
9,98.69860366843085
10,98.42838385394953
11,98.42838385394953
12,98.42838385394953
13,98.42838385394953
14,98.42838385394953
15,98.30572688545811
16,98.30572688545811
17,98.30572688545811
18,90.1016837712217
19,90.1016837712217
20,89.65510356128739
21,89.65510356128739
22,89.65510356128739
23,89.65510356128739
24,89.65510356128739
25,89.65510356128739
26,89.61063647111905
27,89.61063647111905
28,89.61063647111905
29,89.61063647111905
30,89.61063647111905
31,89.61063647111905
32,88.440116829509
33,88.440116829509
34,88.440116829509
35,88.440116829509
36,88.440116829509
37,88.440116829509
38,88.38358211643956
39,88.34027485547503
40,88.34027485547503
41,88.34027485547503
42,88.34027485547503
43,88.34027485547503
44,88.34027485547503
45,88.34027485547503
46,87.77629538640517
47,87.77629538640517
48,87.77629538640517
49,87.77629538640517
50,87.77629538640517
51,87.77629538640517
52,87.77629538640517
53,87.77629538640517
54,87.77629538640517
55,87.77629538640517
56,87.77629538640517
57,87.56548744023279
58,87.56548744023279
59,87.56548744023279
60,87.56548744023279
61,87.56548744023279
62,87.56548744023279
63,87.56548744023279
64,87.56548744023279
65,87.5639095956529
66,87.5639095956529
67,87.50246029577944
68,87.50246029577944
69,87.50246029577944
70,87.50246029577944
71,87.50246029577944
72,87.50246029577944
73,87.50246029577944
74,87.49076009393328
75,87.49076009393328
76,87.34908654215906
77,87.34908654215906
78,87.34908654215906
79,87.34908654215906
80,87.34908654215906
81,87.34908654215906
82,87.34908654215906
83,87.34908654215906
84,87.34908654215906
85,87.34908654215906
86,87.34908654215906
87,87.34908654215906
88,87.34908654215906
89,87.34908654215906
90,87.34908654215906
91,87.34908654215906
92,87.34908654215906
93,87.33478256875466
94,87.33478256875466
95,87.33478256875466
96,87.33478256875466
