epoch,fitness
0,746.8760710585009
1,564.9484221679402
2,316.3384247858275
3,302.69115647007345
4,297.97999165676407
5,295.86335860808686
6,295.86335860808686
7,292.13448041912596
8,291.5215390973838
9,291.5215390973838
10,287.1941675450542
11,287.1941675450542
12,283.16396815727245
13,283.16396815727245
14,283.16396815727245
15,283.16396815727245
16,281.53641273313144
17,281.53641273313144
18,281.53641273313144
19,281.53641273313144
20,281.53641273313144
21,281.53641273313144
22,281.53641273313144
23,281.53641273313144
24,281.53641273313144
25,279.4348136580221
26,279.4348136580221
27,279.4348136580221
28,279.4348136580221
29,279.4348136580221
30,279.4348136580221
31,279.4348136580221
32,279.4348136580221
33,279.4348136580221
34,279.3843974604679
35,279.3843974604679
36,279.3843974604679
37,279.3843974604679
38,279.3843974604679
39,279.3843974604679
40,279.3843974604679
41,279.27346030951304
42,276.08959360809547
43,276.08959360809547
44,274.2877878562977
45,274.2877878562977
46,274.2877878562977
47,274.2877878562977
48,274.2877878562977
49,274.2877878562977
50,274.2877878562977
51,274.2877878562977
52,274.2877878562977
53,274.2877878562977
54,274.2877878562977
55,274.2877878562977
56,274.23560684714914
57,274.23560684714914
58,274.23560684714914
59,274.23560684714914
60,274.23560684714914
61,274.23560684714914
62,274.23560684714914
63,274.23560684714914
64,274.23560684714914
65,274.23560684714914
66,274.23560684714914
67,274.23560684714914
68,274.23560684714914
69,274.23560684714914
70,274.23560684714914
