epoch,fitness
0,2288909.264906059
1,1197.8047809729076
2,437.9329840444865
3,437.9329840444865
4,426.37199491260094
5,412.90777229302745
6,412.90777229302745
7,412.90777229302745
8,409.4906896351101
9,409.4906896351101
10,407.31004389781543
11,407.31004389781543
12,407.31004389781543
13,407.31004389781543
14,407.31004389781543
15,407.00713145458525
16,407.00713145458525
17,407.00713145458525
18,407.00713145458525
19,406.9641335481349
20,406.9641335481349
21,406.9641335481349
22,406.9641335481349
23,406.9641335481349
24,406.89160528316796
25,406.89160528316796
26,406.89160528316796
27,406.7823154866688
28,406.7823154866688
29,406.7823154866688
30,406.7823154866688
31,406.7823154866688
32,406.7823154866688
33,406.7823154866688
34,406.7823154866688
35,406.7823154866688
36,406.7823154866688
37,406.7823154866688
38,406.7823154866688
39,406.6145235192147
40,406.6145235192147
41,406.6145235192147
42,406.36719651153606
43,406.36719651153606
44,406.36719651153606
45,406.36719651153606
46,406.36719651153606
47,406.36719651153606
48,406.36719651153606
49,406.36719651153606
50,406.36719651153606
51,406.36719651153606
52,406.36719651153606
53,406.36719651153606
54,406.36719651153606
55,406.36719651153606
56,406.36719651153606
57,406.36719651153606
58,406.36719651153606
59,406.36719651153606
60,406.36719651153606
61,406.36719651153606
62,406.36719651153606
63,406.36719651153606
64,406.36719651153606
65,406.36719651153606
66,406.36719651153606
67,406.36719651153606
68,406.36719651153606
69,406.36719651153606
70,406.36719651153606
71,406.36719651153606
72,406.36719651153606
73,406.36719651153606
74,406.36719651153606
75,406.36719651153606
76,406.36719651153606
77,406.36719651153606
78,406.36719651153606
79,406.36719651153606
80,406.36719651153606
81,406.36719651153606
82,406.36719651153606
83,406.36719651153606
84,406.36719651153606
85,406.36719651153606
86,406.36719651153606
87,406.36719651153606
88,406.36719651153606
89,406.1101293676499
90,406.1101293676499
91,406.1101293676499
92,406.1101293676499
93,406.1101293676499
94,406.1101293676499
95,406.1101293676499
96,405.95417331032064
97,405.95417331032064
98,405.95417331032064
99,405.8116349014301
100,405.8116349014301
101,405.8116349014301
102,405.6586656966684
