epoch,fitness
0,1675.1711018376943
1,1549.8886125660383
2,1549.8886125660383
3,1473.4546176376157
4,731.8899727825063
5,546.4107323994511
6,535.7229140051027
7,534.3233484480337
8,525.5948971345388
9,525.5737483448413
10,519.1735400842753
11,519.1735400842753
12,519.1735400842753
13,519.1735400842753
14,519.1735400842753
15,519.1735400842753
16,519.1735400842753
17,519.1735400842753
18,519.1735400842753
19,519.1735400842753
20,519.1735400842753
21,519.1735400842753
