epoch,fitness
0,1358.7062733026505
1,944.4484183166807
2,849.4454139135686
3,648.1371898638275
4,648.1371898638275
5,643.4693269340821
6,643.4693269340821
7,642.7041527206821
8,642.7041527206821
9,636.5380925658336
10,636.0622797337807
11,636.0622797337807
12,636.0622797337807
13,636.0622797337807
14,635.8149775573838
15,635.8149775573838
16,635.8149775573838
17,635.8149775573838
18,635.8149775573838
19,635.8149775573838
20,635.8149775573838
21,635.8149775573838
