epoch,fitness
0,1369.5832307489814
1,952.1276762328307
2,666.4846812613445
3,640.0054821481398
4,625.7470349853646
5,562.1801758912795
6,562.1801758912795
7,562.1801758912795
8,562.1801758912795
9,562.1801758912795
10,562.1801758912795
11,562.1801758912795
12,562.1801758912795
13,562.1801758912795
14,562.1801758912795
15,562.1801758912795
16,562.1801758912795
17,562.1801758912795
18,562.1801758912795
19,562.1801758912795
20,562.1801758912795
21,562.1801758912795
22,562.1801758912795
23,562.1801758912795
24,562.1801758912795
25,562.1801758912795
26,562.1801758912795
27,562.1801758912795
28,562.1801758912795
29,562.1801758912795
30,562.1801758912795
31,562.1801758912795
32,562.1801758912795
33,562.1801758912795
34,562.1801758912795
35,562.1801758912795
36,562.1801758912795
37,562.1801758912795
38,562.1801758912795
39,562.1801758912795
40,562.1801758912795
41,562.1801758912795
42,562.1801758912795
43,562.1801758912795
44,562.1801758912795
45,562.1801758912795
46,562.1801758912795
47,562.1801758912795
48,562.1801758912795
49,562.1801758912795
50,562.1801758912795
51,562.1801758912795
52,562.1801758912795
53,562.1801758912795
54,562.1801758912795
55,562.1801758912795
56,562.1801758912795
57,562.1801758912795
58,562.1801758912795
59,562.1801758912795
60,562.1801758912795
61,562.1801758912795
62,562.1801758912795
63,562.1801758912795
64,562.1801758912795
65,562.0850437620128
66,562.0850437620128
67,562.0850437620128
68,562.0850437620128
69,562.0850437620128
70,562.0850437620128
71,562.0850437620128
72,562.0850437620128
73,562.0850437620128
74,562.0850437620128
75,562.0850437620128
76,562.0850437620128
77,562.0850437620128
78,562.0850437620128
79,562.0850437620128
80,562.0850437620128
81,562.0850437620128
