epoch,fitness
0,1429676.5372107408
1,375.1336870355442
2,357.0107694474779
3,356.4577110787258
4,356.4577110787258
5,355.7134670239774
6,355.7134670239774
7,355.7134670239774
8,355.58631159565823
9,355.58631159565823
10,355.58631159565823
11,355.58631159565823
12,355.58631159565823
13,355.58631159565823
14,355.58631159565823
15,355.3396829691927
16,355.3396829691927
17,355.3396829691927
18,355.3376740139984
19,354.71828261208947
20,354.71828261208947
21,354.71828261208947
22,354.71828261208947
23,354.71828261208947
24,354.71828261208947
25,354.71828261208947
26,354.71828261208947
27,354.71828261208947
28,354.71828261208947
29,354.71828261208947
30,354.71828261208947
31,354.71828261208947
32,354.71828261208947
33,354.71828261208947
34,354.4442938821656
35,354.4442938821656
36,354.4442938821656
37,354.4442938821656
38,354.4442938821656
39,354.4442938821656
40,354.4442938821656
41,354.4442938821656
42,354.4442938821656
43,354.4442938821656
44,354.4442938821656
45,354.4442938821656
46,354.4442938821656
47,354.4442938821656
48,354.4442938821656
49,354.4442938821656
50,354.4442938821656
51,354.4442938821656
52,354.4442938821656
53,354.4442938821656
54,354.4442938821656
55,354.4442938821656
56,354.4442938821656
57,354.4442938821656
58,354.0726991048461
59,354.063323603652
60,354.063323603652
61,354.063323603652
62,354.063323603652
63,354.063323603652
64,354.063323603652
65,354.063323603652
66,354.063323603652
67,354.063323603652
68,354.00458907204853
69,354.00458907204853
70,354.00458907204853
71,354.00458907204853
72,354.00458907204853
73,354.00458907204853
74,354.00458907204853
75,354.00458907204853
76,354.00458907204853
77,354.00458907204853
78,354.00458907204853
79,354.00458907204853
80,354.00458907204853
81,354.00458907204853
82,354.00458907204853
83,354.00458907204853
84,354.00458907204853
85,354.00458907204853
86,354.00458907204853
87,354.00458907204853
88,354.00458907204853
89,353.89608410381487
90,353.89608410381487
91,353.87687730283494
92,353.87687730283494
93,353.87687730283494
94,353.87687730283494
95,353.87687730283494
96,353.87687730283494
97,353.87687730283494
98,353.87687730283494
99,353.87687730283494
100,353.87687730283494
101,353.87687730283494
102,353.87687730283494
103,353.87687730283494
104,353.87687730283494
105,353.87687730283494
106,353.87687730283494
107,353.87687730283494
108,353.87687730283494
