epoch,fitness
0,1260.9774382386383
1,933.8761423049278
2,523.2549833069336
3,514.3287240789592
4,510.2217413573966
5,506.92697371943973
6,496.4749119909479
7,496.4749119909479
8,491.70832274454165
9,491.70832274454165
10,491.70832274454165
11,491.70832274454165
12,489.63259496514297
13,489.63259496514297
14,489.63259496514297
15,487.71223934366395
16,487.71223934366395
17,487.71223934366395
18,486.2082381732948
