epoch,fitness
0,1396.42389749434
1,1002.0173750827275
2,678.0074294963679
3,678.0074294963679
4,666.5200148590777
5,666.5200148590777
6,662.2362749940902
7,662.2362749940902
8,659.6854128936593
9,659.6854128936593
10,657.8010740525856
11,656.354263650613
12,650.6774729988575
13,649.5512915461862
14,647.6226333183589
15,647.6226333183589
16,647.6226333183589
17,647.3691455794734
18,647.2366414230881
19,646.3361682363472
20,646.3361682363472
21,646.3361682363472
22,646.3361682363472
23,646.3361682363472
24,645.3689241057026
25,644.9677461959018
26,644.9677461959018
27,644.9677461959018
28,644.9677461959018
29,644.9677461959018
30,644.9677461959018
31,642.819567236106
32,642.819567236106
33,642.819567236106
34,642.819567236106
35,642.819567236106
36,642.7478539198014
37,642.7478539198014
38,642.7478539198014
39,642.7478539198014
40,642.7478539198014
41,641.7882879228746
42,639.9164256435721
43,639.9164256435721
44,639.8567153822269
45,639.8567153822269
