epoch,fitness
0,1369.438550989274
1,1243.9360408868222
2,887.2412364640527
3,675.2468012610583
4,651.2971526136322
5,650.6627353795934
6,639.911914543116
7,639.911914543116
8,639.911914543116
9,639.911914543116
10,639.6936420163535
11,631.6177447566702
12,631.3023034252549
13,631.0639682572521
14,630.5104229726924
15,630.5104229726924
16,629.3012713781291
17,629.3012713781291
18,628.9780832219819
19,628.2900213654755
20,624.9157884119332
21,624.9157884119332
22,624.9157884119332
23,624.797630235344
24,623.4093987011629
25,623.4093987011629
26,623.4093987011629
27,620.8258837242411
28,620.8258837242411
29,620.8258837242411
30,620.8258837242411
31,620.8258837242411
32,620.2951632747584
33,620.2951632747584
34,619.9477870826869
35,619.9477870826869
36,619.5096814657019
37,619.3214921507412
38,619.1128493781563
39,619.1128493781563
40,619.1128493781563
41,618.9115839544284
42,618.2312791596445
43,618.2312791596445
44,617.0369804399455
45,616.4870990933467
46,616.1805633943035
47,616.1805633943035
48,615.5263361907806
49,615.4077793821988
50,615.4077793821988
51,614.6369184235525
52,614.4578288511851
53,614.4578288511851
54,614.4578288511851
55,614.4578288511851
56,614.0870293347873
57,614.0870293347873
58,613.0537219734673
59,613.0537219734673
60,611.2564063818168
61,611.2564063818168
62,610.1492743633252
63,610.1492743633252
64,610.1492743633252
