epoch,fitness
0,417.62388618496624
1,247.04210338466737
2,221.5091052425404
3,218.29578089102512
4,216.79536639088678
5,214.44996511974523
6,212.79344643640295
7,212.79344643640295
8,211.99370649625033
9,209.47752949545537
10,208.89630573672954
11,208.559694723639
12,206.43146034454142
13,206.43146034454142
14,205.89949532370449
15,205.09215546539792
16,202.34237436033806
17,201.39225008451714
18,197.23462917630627
19,196.26119613482217
20,196.26119613482217
21,196.13697660482825
22,196.13697660482825
23,195.7213734100933
24,195.631151188755
25,195.631151188755
26,195.39953847587952
27,195.38696733064654
28,195.37437302883058
29,194.9042168206302
30,194.40481887760023
31,194.40481887760023
32,194.3029676178828
33,194.3029676178828
34,193.84099636058622
35,193.84099636058622
36,193.84099636058622
37,193.46048819286446
38,193.46048819286446
39,193.46048819286446
40,193.31229892332024
41,193.31229892332024
42,193.31229892332024
43,192.60985274913577
44,192.60985274913577
45,192.60985274913577
46,192.1315807779905
47,192.1315807779905
48,192.1315807779905
49,191.3141641056192
50,191.3141641056192
51,191.3141641056192
52,191.3141641056192
53,191.25785062395803
54,191.1481834860593
55,189.94513005626513
56,189.94513005626513
57,189.77993385181435
58,189.7625896146693
59,189.7625896146693
60,189.7625896146693
61,189.7625896146693
62,189.7625896146693
63,189.28282139649733
64,189.28282139649733
