epoch,fitness
0,962.8335859363932
1,768.263512020848
2,484.48953764302576
3,470.20300147952855
4,467.68644051574506
5,466.33736889964337
6,465.4938608054167
7,462.4515185733526
8,462.1272078882226
9,458.97270320441976
10,458.10406638949576
11,457.78112429306873
12,457.09051091808936
13,456.5612447060488
14,455.92864798593257
15,455.92864798593257
16,455.213916186389
17,454.46745483299867
18,454.03179393491314
19,454.03179393491314
20,454.03179393491314
21,453.95473321611445
22,443.84908349036897
23,443.632561880653
24,439.89045075902584
25,439.2697385099342
26,438.15434533325936
27,438.15434533325936
28,438.11499570360473
29,437.59169805017007
30,437.59169805017007
31,437.59169805017007
32,437.59169805017007
33,435.8997371773933
34,435.8997371773933
35,435.8997371773933
36,435.56154527826607
37,435.44310594801425
38,435.24826130129253
39,435.24826130129253
40,435.1037337134574
41,434.5071193663394
42,434.2035090097354
43,434.2035090097354
44,434.2035090097354
45,433.46912735910183
46,433.0036435018737
