epoch,fitness
0,1359.1882186686805
1,1011.4896055454338
2,709.4593931420944
3,656.4344423241132
4,650.7882427713865
5,648.6212575496709
6,640.2297511404544
7,640.2297511404544
8,639.7141224640745
9,639.7126326603632
10,637.1339697767611
11,637.1339697767611
12,636.7342310120245
13,635.591444320791
14,635.1184541694787
15,635.1184541694787
16,635.1184541694787
17,632.7814228730368
18,632.5782094618022
19,631.561355408306
20,631.561355408306
21,630.9739349093942
22,630.4705941713399
23,630.1094243157147
24,629.5248228343714
25,629.4480911218144
26,629.0403128072292
27,628.778967924774
28,628.778967924774
29,628.778967924774
30,628.778967924774
31,628.778967924774
32,628.778967924774
33,628.778967924774
34,628.778967924774
35,627.3032519247494
36,626.9734552985689
37,626.9734552985689
38,626.9734552985689
39,626.9734552985689
40,626.9734552985689
41,626.9734552985689
42,625.2293097771324
43,622.5580099387353
44,622.5580099387353
45,622.5580099387353
46,620.8903361971544
47,620.8903361971544
48,619.900947493378
49,619.900947493378
50,618.6338836106808
51,618.4260690943479
52,618.3775253232438
53,618.3775253232438
54,618.1328873048017
55,617.3726458993905
56,617.3726458993905
57,617.3726458993905
58,617.0856935952802
59,617.0856935952802
60,617.0856935952802
