epoch,fitness
0,1364.2207525955425
1,880.5455236355199
2,662.0345770543358
3,650.3077680200124
4,647.5661653027531
5,647.5661653027531
6,647.5661653027531
7,647.5661653027531
8,647.5661653027531
9,629.0117131519718
10,628.4320141332072
11,624.6549277061184
12,617.8203775685005
13,614.3801822808798
14,605.18454054534
15,597.8572826798934
16,597.8572826798934
17,597.8572826798934
18,595.202487916177
19,595.202487916177
20,594.8793028237408
21,594.493857661653
22,593.2131952869119
23,593.2131952869119
24,591.5583039127813
25,588.8708864110957
26,588.8708864110957
27,588.8592155432426
28,588.8592155432426
29,588.8592155432426
30,588.8592155432426
31,588.8592155432426
32,588.1838785878962
33,588.1838785878962
34,588.1838785878962
35,588.1838785878962
36,588.1838785878962
37,587.3439820962983
