epoch,fitness
0,921.6137042351929
1,885.8792754972615
2,483.7995756593101
3,426.2024601134571
4,388.51806694457196
5,388.44638507642054
6,383.3557534243349
7,383.3557534243349
8,383.3557534243349
9,381.19322572024265
10,381.19322572024265
11,380.74407462398824
12,376.7455969160776
13,376.7455969160776
14,376.7455969160776
15,376.7455969160776
16,376.7455969160776
17,376.7455969160776
18,376.5315144427665
19,372.2354272076969
20,372.2354272076969
21,372.2354272076969
