epoch,fitness
0,1128.202389581849
1,1113.2152978936008
2,860.731303536149
3,755.2483493780834
4,480.6458307657726
5,410.09370705419025
6,402.30028436656033
7,397.8668648041239
8,395.16068907840076
9,395.16068907840076
10,395.16068907840076
11,395.16068907840076
12,394.26850173212557
13,394.26850173212557
14,394.26850173212557
15,394.26850173212557
16,394.26850173212557
17,388.8907204164811
18,387.1102271469789
19,385.57519206753454
20,385.57519206753454
21,385.57519206753454
22,385.57519206753454
23,385.57519206753454
24,385.57519206753454
25,385.57519206753454
26,385.57519206753454
27,385.13294850485175
28,385.13294850485175
29,385.13294850485175
30,383.30599302485143
31,381.3612702494119
32,381.3368139557662
33,381.3368139557662
34,381.3368139557662
35,381.3287752199012
36,381.3287752199012
37,381.3287752199012
38,381.3287752199012
39,381.3287752199012
40,381.3287752199012
41,381.3287752199012
42,381.3287752199012
43,381.24645425142234
44,381.24645425142234
45,381.24645425142234
46,381.24645425142234
47,381.24645425142234
48,381.24645425142234
49,381.1498509328151
50,381.1498509328151
51,381.1498509328151
52,381.1498509328151
53,381.1498509328151
54,379.4217836939127
55,379.4217836939127
56,379.4217836939127
