epoch,fitness
0,121.42392651875996
1,121.42392651875996
2,112.36056343831096
3,112.36056343831096
4,112.36056343831096
5,112.08749713655409
6,103.54990807653046
7,91.57887922024116
8,91.11298404223153
9,89.43518270208767
10,88.81210684309508
11,88.81210684309508
12,88.58339122992811
13,88.58339122992811
14,88.58339122992811
15,88.58339122992811
16,88.58339122992811
17,88.58339122992811
18,88.58339122992811
19,88.58339122992811
20,88.58339122992811
21,88.58339122992811
22,88.4906522100863
23,88.25865293460186
24,88.25865293460186
25,88.25865293460186
26,88.25865293460186
27,88.25865293460186
28,88.2143172400452
29,88.2143172400452
30,88.2143172400452
31,88.2143172400452
32,88.2143172400452
33,88.2143172400452
34,88.2143172400452
35,88.2143172400452
36,88.2143172400452
37,88.2143172400452
38,88.2143172400452
39,88.18748216113407
40,88.14471083809885
41,88.14471083809885
42,88.14466163024557
43,88.14466163024557
44,88.06233010546627
45,88.06233010546627
46,88.06233010546627
47,88.05624766830925
48,88.00928626185605
49,88.00928626185605
50,88.00928626185605
51,88.00928626185605
52,88.00928626185605
53,88.00928626185605
54,88.00928626185605
55,88.00928626185605
56,88.00928626185605
57,88.00928626185605
58,88.00928626185605
59,87.97444407585654
60,87.97444407585654
61,87.97444407585654
62,87.97444407585654
63,87.97444407585654
64,87.97444407585654
65,87.97444407585654
66,87.97444407585654
67,87.97444407585654
68,87.97444407585654
69,87.97444407585654
70,87.97444407585654
71,87.97444407585654
72,87.97444407585654
73,87.97444407585654
74,87.97444407585654
75,87.97444407585654
76,87.97444407585654
77,87.97444407585654
78,87.97444407585654
79,87.70393300287621
80,87.34217436418689
81,87.34217436418689
82,87.23873335872258
