epoch,fitness
0,121.83779724763981
1,120.91661549278817
2,112.65004038313944
3,112.11739730135396
4,112.11739730135396
5,109.5659946671366
6,109.5659946671366
7,109.22641239314683
8,109.22641239314683
9,108.60589348772648
10,105.94347505154829
11,105.94347505154829
12,104.38186968417205
13,101.14242887660656
14,99.34156213085618
15,94.25461094608806
16,94.25461094608806
17,94.25461094608806
18,94.15216176228846
19,94.15216176228846
20,91.26350239469626
21,91.26350239469626
22,91.26350239469626
23,91.21976696817015
24,89.90397447646627
25,89.90397447646627
26,89.90397447646627
27,89.90397447646627
28,89.90397447646627
29,89.90397447646627
30,89.89973020357326
31,88.50960132079068
32,88.4748993129109
33,88.35646719220337
34,88.35646719220337
35,88.35646719220337
36,88.35646719220337
37,88.35646719220337
38,88.35646719220337
39,88.35646719220337
40,88.35646719220337
41,88.35646719220337
42,88.35646719220337
43,88.35646719220337
44,88.35646719220337
45,88.35646719220337
46,88.3271141891126
47,88.3271141891126
48,88.23552822281636
49,88.23552822281636
50,88.23552822281636
51,88.23552822281636
52,88.23552822281636
53,88.23552822281636
54,88.23552822281636
55,88.23552822281636
56,88.23552822281636
57,88.23552822281636
58,88.23552822281636
59,88.23552822281636
60,88.23552822281636
61,88.23552822281636
62,88.23134482223135
63,88.23134482223135
64,88.20629263391945
65,88.20629263391945
66,88.20629263391945
67,88.20629263391945
68,88.20629263391945
69,88.16915645808093
70,88.16915645808093
71,88.16915645808093
