epoch,fitness
0,1533.935341925695
1,1125.0839117479898
2,738.7335208719655
3,737.6487235765768
4,737.6487235765768
5,737.6487235765768
6,733.9155482242015
7,731.8156666884727
8,731.6139536803631
9,731.6139536803631
10,731.4138041030255
11,730.878828754559
12,730.7000407262939
13,730.7000407262939
14,730.7000407262939
15,730.3996353955062
16,730.3996353955062
17,728.6232532322207
18,728.6232532322207
19,728.6232532322207
20,728.6232532322207
