epoch,fitness
0,1652190.8442503568
1,1261.364796469529
2,494.64070015282954
3,430.97200796023117
4,376.22096605446666
5,359.91975378060204
6,356.2203931754929
7,356.2203931754929
8,356.1451916145957
9,356.1451916145957
10,356.1451916145957
11,356.1451916145957
12,356.1451916145957
13,356.1451916145957
14,356.1451916145957
15,356.1451916145957
16,356.1451916145957
17,356.1451916145957
18,356.1451916145957
19,356.1451916145957
20,356.1451916145957
21,355.96401694376135
22,355.96401694376135
23,355.96401694376135
24,355.96401694376135
25,355.96401694376135
26,355.96401694376135
27,355.96401694376135
28,355.72487170095644
29,355.72487170095644
30,355.2856990131914
31,355.2856990131914
32,355.2856990131914
33,355.2856990131914
34,355.2856990131914
35,355.2856990131914
36,355.2856990131914
37,355.2856990131914
38,355.2762388137302
39,355.2762388137302
40,355.2762388137302
41,355.2762388137302
42,355.2762388137302
43,355.2762388137302
44,355.2762388137302
45,355.2762388137302
46,355.2762388137302
47,355.2762388137302
48,355.2762388137302
49,355.2762388137302
50,355.2762388137302
51,355.2762388137302
52,355.2762388137302
53,355.2762388137302
54,355.2762388137302
55,355.2762388137302
56,355.2762388137302
57,355.2762388137302
58,354.66881611005317
59,354.66881611005317
60,354.66881611005317
61,354.66881611005317
62,354.66881611005317
63,354.66881611005317
64,354.66881611005317
65,354.66881611005317
66,354.66881611005317
67,354.66881611005317
68,354.66881611005317
69,354.66881611005317
70,354.66881611005317
71,354.66881611005317
72,354.66881611005317
73,354.66881611005317
74,354.66881611005317
75,354.66881611005317
76,354.66881611005317
77,354.66881611005317
78,354.66881611005317
79,354.66881611005317
80,354.66881611005317
81,354.66881611005317
82,354.66881611005317
83,354.66881611005317
84,354.66881611005317
85,354.66881611005317
86,354.66881611005317
87,354.66881611005317
88,354.66881611005317
89,354.66881611005317
90,354.66881611005317
91,354.66881611005317
92,354.62258972050915
93,354.62258972050915
94,354.62258972050915
95,354.62258972050915
96,354.62258972050915
97,354.62258972050915
98,354.62258972050915
99,354.62258972050915
100,354.52134514874604
101,354.4876168223061
102,354.4876168223061
103,354.4876168223061
104,354.4876168223061
105,354.4876168223061
106,354.4876168223061
107,354.4876168223061
