epoch,fitness
0,836.3222820656986
1,836.3222820656986
2,836.3222820656986
3,836.3222820656986
4,836.3222820656986
5,351.36727932553504
6,351.36727932553504
7,346.115691657405
8,346.115691657405
9,346.07758764263787
10,344.26555653274744
11,344.26555653274744
12,344.26555653274744
13,339.6961212570774
14,339.6961212570774
15,339.6961212570774
16,339.6961212570774
17,339.6961212570774
18,339.6961212570774
19,339.2051156835386
20,339.2051156835386
21,338.8284998051992
22,338.8284998051992
23,338.8284998051992
24,335.1236745452722
25,335.1236745452722
26,335.1236745452722
27,335.1236745452722
28,334.794065991892
29,334.794065991892
30,334.2673931001246
31,334.2673931001246
32,334.12299453009155
33,334.12299453009155
34,334.12299453009155
35,334.12299453009155
36,334.12299453009155
37,333.2330833898839
38,333.2330833898839
39,333.2330833898839
40,333.2330833898839
41,333.2330833898839
42,333.2330833898839
43,333.2330833898839
44,333.2330833898839
45,333.2330833898839
46,331.58626061337657
47,331.58626061337657
48,331.58626061337657
49,331.58626061337657
50,331.58626061337657
51,331.58626061337657
52,331.58626061337657
53,331.58626061337657
54,331.58626061337657
55,331.58626061337657
56,331.58626061337657
57,331.58626061337657
58,331.58626061337657
