epoch,fitness
0,1680.2781717482333
1,1566.0967271227046
2,919.2197055453136
3,601.0721738832916
4,560.9409438815597
5,553.9823817088112
6,553.9823817088112
7,553.3638192854193
8,551.6479421153473
9,551.6479421153473
10,539.8547294640032
11,536.454415078973
12,534.319771925709
13,530.6083404939959
14,530.6083404939959
15,530.6083404939959
16,529.7878721230879
17,529.7878721230879
18,529.7878721230879
19,529.7878721230879
20,529.7878721230879
21,527.65536038198
22,520.2273040487298
23,520.2273040487298
24,518.5758244495235
25,518.5758244495235
26,518.5758244495235
27,518.5758244495235
28,518.5758244495235
29,518.5758244495235
30,518.5758244495235
31,517.3899643408611
32,515.1616937385029
33,515.1616937385029
34,515.1616937385029
35,515.1616937385029
36,512.4083068242911
37,512.4083068242911
38,512.4083068242911
39,512.4083068242911
40,512.4083068242911
41,512.4083068242911
42,512.4083068242911
43,512.4083068242911
44,512.4083068242911
45,512.4083068242911
46,510.61336482951265
47,510.61336482951265
48,510.61336482951265
49,510.61336482951265
50,510.61336482951265
51,508.44035629452793
52,508.2600263526192
53,508.2600263526192
54,505.9682640169123
55,505.9682640169123
56,504.3697274664433
57,504.3697274664433
58,503.4513919827297
