epoch,fitness
0,1067.6846767614772
1,932.2185537847358
2,685.1095305109416
3,610.6719560077195
4,547.7051440391862
5,542.2443661719542
6,513.6538085078464
7,495.5476961076612
8,472.70316475146
9,467.2649977232812
10,467.22387766191207
11,456.47608032960494
12,456.47608032960494
13,455.5212398806746
14,455.5212398806746
15,453.68843499542186
16,453.1749811838879
17,453.1749811838879
18,453.1749811838879
19,452.80522507632344
20,450.595279755654
21,450.01537848493496
22,450.01537848493496
23,449.81495698004125
24,449.81495698004125
25,449.81495698004125
26,449.81495698004125
27,449.81495698004125
28,449.24073974450016
29,449.1317876749147
30,449.1317876749147
31,449.1317876749147
32,449.1317876749147
33,449.1317876749147
34,449.1317876749147
35,449.1317876749147
36,449.1317876749147
37,448.2425346174832
38,447.8951713955566
39,447.6895673974401
40,447.6895673974401
41,447.6895673974401
42,447.6895673974401
43,447.6732439397008
44,447.6732439397008
45,447.6732439397008
46,446.51416326726934
47,446.51416326726934
48,446.51416326726934
49,446.51416326726934
