epoch,fitness
0,914.7412002519309
1,846.7491066772187
2,616.5578141571044
3,487.0508642291915
4,452.303502852714
5,433.85811178039154
6,423.2773214763163
7,422.43740602317973
8,416.07364119655523
9,414.2235368620105
10,408.73657527268347
11,404.2844612377761
12,404.2844612377761
13,404.1344642876132
14,404.026615965851
15,404.026615965851
16,404.026615965851
17,403.95897821454184
18,403.95897821454184
19,403.95897821454184
20,403.95897821454184
21,401.8392453655458
22,401.8392453655458
23,398.39912368499495
24,398.39912368499495
25,398.39912368499495
26,398.3615501005252
27,398.3615501005252
28,398.3615501005252
29,397.29661382325384
30,397.29661382325384
31,397.02108726990576
32,397.02108726990576
33,397.02108726990576
34,393.43073358018233
35,393.21613992627556
36,393.21613992627556
37,393.15296159336833
38,392.3087122640624
39,392.3087122640624
40,388.60743443679763
41,388.60743443679763
42,388.60743443679763
43,388.60743443679763
44,388.60743443679763
45,387.972806754369
46,387.972806754369
47,387.972806754369
48,387.972806754369
49,387.972806754369
50,387.972806754369
51,387.972806754369
52,387.972806754369
53,387.13352211572885
54,387.13352211572885
55,387.13352211572885
56,385.28147724443676
57,385.28147724443676
58,385.28147724443676
59,385.28147724443676
60,385.28147724443676
61,385.28147724443676
62,385.28147724443676
63,385.28147724443676
64,385.28147724443676
65,385.28147724443676
66,385.28147724443676
67,385.28147724443676
68,385.28147724443676
