epoch,fitness
0,222.0877958462736
1,159.41717404381993
2,155.04152742054035
3,145.49237028604023
4,145.49237028604023
5,138.54092196145172
6,138.54092196145172
7,138.44670153173922
8,138.44670153173922
9,138.44670153173922
10,137.5811249586517
11,137.5811249586517
12,137.5811249586517
13,137.5811249586517
14,136.86978677270815
15,136.86978677270815
16,136.86978677270815
17,133.4569830165544
18,133.4569830165544
19,133.4569830165544
20,133.4569830165544
21,133.4569830165544
22,133.4569830165544
23,133.4569830165544
24,133.4569830165544
25,133.4569830165544
26,133.4569830165544
27,133.4569830165544
28,133.4569830165544
29,133.4569830165544
30,133.2999030409508
31,133.2999030409508
32,133.2999030409508
33,133.2999030409508
34,133.2999030409508
35,133.2999030409508
36,133.2999030409508
37,133.2999030409508
38,132.98346597813924
39,132.98346597813924
40,132.98346597813924
41,132.98346597813924
42,132.98346597813924
43,132.0072697145683
44,132.0072697145683
45,131.98304075838226
46,131.98304075838226
47,131.98304075838226
48,131.98304075838226
49,131.59443867780715
50,131.59443867780715
51,131.59443867780715
52,131.59443867780715
53,131.59443867780715
54,131.59443867780715
55,131.59443867780715
56,131.59443867780715
57,131.15253711381825
58,131.15253711381825
59,131.15253711381825
60,131.15253711381825
61,131.12075647644807
62,131.12075647644807
63,131.12075647644807
64,131.12075647644807
65,131.07378153159243
66,131.07378153159243
67,131.07378153159243
68,131.07378153159243
69,131.07378153159243
70,131.07378153159243
71,131.07378153159243
72,131.07378153159243
73,131.07378153159243
74,131.07378153159243
75,131.07378153159243
76,131.07378153159243
77,131.07378153159243
78,131.07378153159243
79,131.07378153159243
