epoch,fitness
0,588.6139850444171
1,425.9840261006165
2,376.9994733275219
3,297.165774308658
4,288.99057896041774
5,288.0454134634396
6,286.14319235305135
7,286.14319235305135
8,285.9363491084775
9,284.81700828937085
10,282.87992581011736
11,282.87992581011736
12,282.4274769422688
13,281.6886895690681
14,280.3745688474001
15,280.3745688474001
16,278.80898275858556
17,278.80898275858556
18,277.82794639139047
19,275.2338797203319
20,275.2338797203319
21,274.4015420848265
22,274.4015420848265
23,272.54241326877093
24,272.54241326877093
25,271.25058742857624
26,271.0410054589075
27,270.5967652219897
28,269.72395553495596
29,268.2212506593846
30,268.0413806234266
31,267.8016915467881
32,267.51658633738333
33,267.04525908953883
34,265.6293305737178
35,263.1795941621165
36,262.65206457150174
37,262.65206457150174
38,262.65206457150174
39,262.2485792471508
40,261.5742836944402
41,261.30907634699867
42,261.0723942879308
43,261.0433058891097
44,259.0056242839728
45,259.0056242839728
46,258.3878645615605
47,257.0106416574915
48,257.0052006149333
49,256.3442427013789
50,256.1451261814883
51,255.5761187827224
52,253.1174278195931
53,252.43316260147117
54,252.12657533020453
55,250.4356799128559
56,250.1259631450918
57,250.1259631450918
58,250.08226969436168
59,250.08226969436168
60,250.08226969436168
61,249.11853859340567
