epoch,fitness
0,855.7834039382287
1,855.7834039382287
2,573.8387491923573
3,407.31620049177343
4,385.2046928613163
5,385.2046928613163
6,385.2046928613163
7,385.2046928613163
8,382.2272515795062
9,382.2272515795062
10,382.2272515795062
11,380.3301340948295
12,380.3301340948295
13,377.0994240324046
14,374.9107813893559
15,372.7172077278956
16,372.7172077278956
17,372.7172077278956
18,372.7172077278956
19,372.7172077278956
20,371.4465767772252
21,370.63396771190116
22,367.04735480861393
23,367.04735480861393
24,366.9750905972566
25,366.9750905972566
26,366.4817596211825
27,366.4817596211825
28,366.4817596211825
29,366.2543479229048
30,366.2543479229048
31,366.2543479229048
32,366.2543479229048
33,366.2543479229048
34,366.2543479229048
35,366.2543479229048
36,364.25152615654747
37,364.25152615654747
38,364.25152615654747
39,361.9475073896052
40,361.9475073896052
41,361.9475073896052
42,361.9475073896052
43,361.9475073896052
44,361.9475073896052
45,361.9475073896052
46,361.78269329305124
47,361.78269329305124
48,361.78269329305124
49,361.61914284243414
50,361.61914284243414
51,361.61914284243414
52,361.61914284243414
53,361.61914284243414
54,361.61914284243414
55,361.61914284243414
56,359.6707933271184
57,359.6707933271184
58,359.6707933271184
59,359.6707933271184
60,359.6707933271184
61,359.6707933271184
62,359.51519692493326
63,359.3080757650728
