epoch,fitness
0,1153.4903959110904
1,879.5162213221065
2,879.5162213221065
3,483.4082667825574
4,483.2369921110617
5,475.0216485588806
6,475.0216485588806
7,465.8968860844606
8,465.8968860844606
9,445.00669487154533
10,444.8580930804803
11,437.8303187901591
12,437.8303187901591
13,437.8303187901591
14,437.8303187901591
15,436.5199273927221
16,436.5199273927221
17,436.5199273927221
18,434.91305973889547
19,434.91305973889547
20,433.04785791211447
21,433.04785791211447
22,431.89149759566567
23,431.89149759566567
24,431.89149759566567
25,431.89149759566567
26,430.0303540896157
27,428.2108453588886
28,428.2108453588886
29,428.2108453588886
30,428.2108453588886
31,426.6983574831281
32,426.6983574831281
33,426.6983574831281
34,424.1530714188237
35,424.1530714188237
36,415.185996151219
37,415.185996151219
38,412.26115945846993
39,412.26115945846993
40,412.26115945846993
41,411.0798114512672
42,407.24163322514
43,407.24163322514
44,407.16796894203196
45,407.16796894203196
46,407.16796894203196
47,407.16796894203196
48,407.16796894203196
49,405.1660574569589
50,405.1660574569589
51,405.1660574569589
52,405.1660574569589
53,405.1660574569589
54,405.1660574569589
