epoch,fitness
0,1190.0894972908948
1,958.0798095258725
2,754.4860682697472
3,636.6076277493135
4,609.9816868642969
5,609.5598878070583
6,608.7661711623518
7,605.0178977760124
8,599.492909359907
9,594.7164680974047
10,594.7164680974047
11,592.7801925011856
12,591.2602883328518
13,590.0825559378552
14,589.9025626104404
15,589.6363230465241
16,588.8073752967009
17,586.4152189625793
18,586.4152189625793
19,584.4062991552252
20,584.0762965277513
21,584.0762965277513
22,584.0762965277513
23,584.0762965277513
24,580.2218132705435
25,580.2218132705435
26,580.2218132705435
27,580.197959792556
28,579.592948379577
29,579.592948379577
30,579.592948379577
31,579.4134576002339
32,579.4134576002339
33,579.4134576002339
34,578.7617668533708
35,578.7617668533708
36,578.7617668533708
37,578.0840849329786
38,578.0840849329786
39,578.0840849329786
40,578.0840849329786
41,574.4730184777227
42,574.4730184777227
43,574.4730184777227
44,573.6572752379411
45,573.6572752379411
46,570.5637707585702
47,569.5878371477847
48,569.5878371477847
49,568.8265999691753
50,568.8265999691753
51,568.8265999691753
52,568.8265999691753
53,568.8265999691753
54,568.8265999691753
55,568.8265999691753
