epoch,fitness
0,1159.8578692132344
1,830.5029587357085
2,746.5019247576306
3,589.8847163623495
4,582.5220551902546
5,575.3221403361167
6,573.0710833322498
7,573.0710833322498
8,573.0710833322498
9,573.0710833322498
10,567.7830354573865
11,567.4019599755211
12,567.4019599755211
13,567.3665941909941
14,567.3665941909941
15,536.5953066593679
16,536.5953066593679
17,536.5953066593679
18,536.5953066593679
19,508.4868266232281
20,508.4868266232281
21,508.4868266232281
22,508.4868266232281
23,508.4868266232281
24,508.4868266232281
25,508.4868266232281
26,508.4868266232281
27,508.4868266232281
28,508.4868266232281
29,508.4868266232281
30,508.4868266232281
31,508.4868266232281
32,508.4868266232281
33,508.4868266232281
34,508.4868266232281
35,508.4236556887185
36,508.4236556887185
37,508.4236556887185
38,508.4236556887185
39,508.4236556887185
40,508.4236556887185
41,508.4236556887185
42,508.4236556887185
43,508.4236556887185
44,508.4236556887185
45,508.4236556887185
46,508.37884075744415
47,508.37884075744415
48,508.37884075744415
49,508.37884075744415
50,508.37884075744415
51,508.37884075744415
52,508.37884075744415
53,508.37884075744415
54,508.37884075744415
55,508.37884075744415
56,508.37884075744415
57,508.37884075744415
58,508.37884075744415
59,508.37884075744415
60,508.37884075744415
61,508.37884075744415
62,508.37884075744415
63,508.37884075744415
64,508.37884075744415
65,508.37884075744415
66,508.37884075744415
67,508.37884075744415
68,508.37884075744415
69,508.37884075744415
70,508.37884075744415
71,508.37884075744415
72,508.37884075744415
73,508.37884075744415
74,508.37884075744415
75,508.37884075744415
76,508.37884075744415
77,508.37884075744415
78,508.37884075744415
79,508.37884075744415
80,508.37884075744415
81,508.37884075744415
82,508.37884075744415
83,508.37884075744415
84,508.37884075744415
85,508.37884075744415
86,508.37884075744415
87,508.37884075744415
88,508.37884075744415
89,508.37884075744415
90,508.37884075744415
91,508.37884075744415
92,508.37884075744415
93,508.37884075744415
94,508.37884075744415
95,508.37884075744415
