epoch,fitness
0,214.99455159074174
1,207.91025358950304
2,207.91025358950304
3,162.3253082274716
4,149.25305684496064
5,144.78269172144212
6,138.04479387756444
7,138.04479387756444
8,138.04479387756444
9,138.04479387756444
10,138.04479387756444
11,138.04479387756444
12,138.04479387756444
13,138.04479387756444
14,138.04479387756444
15,138.04479387756444
16,137.72789755126917
17,137.72789755126917
18,137.14460968153702
19,136.4648610366812
20,136.4648610366812
21,136.4648610366812
22,136.4648610366812
23,136.4648610366812
24,136.4648610366812
25,136.4648610366812
26,136.4648610366812
27,136.4648610366812
28,136.4648610366812
29,136.20177294867753
30,136.01634245481486
31,136.01634245481486
32,136.01634245481486
33,135.97391459930552
34,135.97391459930552
35,135.97391459930552
36,135.97391459930552
37,135.97391459930552
38,135.97391459930552
39,135.97391459930552
40,135.97391459930552
41,135.97391459930552
42,135.97391459930552
43,135.9349732690216
44,135.9349732690216
45,135.9349732690216
46,135.9349732690216
47,135.93386274292985
48,135.93386274292985
49,135.93386274292985
50,135.93386274292985
51,135.71068557736626
52,135.71068557736626
53,135.67145991773918
54,135.67145991773918
55,135.67145991773918
56,135.67145991773918
57,135.67145991773918
58,135.67145991773918
59,135.67145991773918
60,135.67145991773918
61,134.03853616398408
62,134.03853616398408
63,134.03853616398408
64,133.93235193286506
65,133.93235193286506
