epoch,fitness
0,1585.901468389884
1,689.0299922143182
2,658.2838653495145
3,648.2096052637795
4,633.4376203140218
5,633.4376203140218
6,633.4376203140218
7,633.4376203140218
8,610.4738187211626
9,609.7983741750938
10,604.2444948934038
11,604.2444948934038
12,604.2444948934038
13,604.2444948934038
14,604.2444948934038
15,602.4498226351747
16,600.2172088233743
17,596.5708426016752
18,596.5708426016752
19,596.5708426016752
20,596.5708426016752
21,596.5708426016752
22,596.5708426016752
23,596.5708426016752
24,596.5708426016752
25,596.5708426016752
26,596.5708426016752
27,596.5708426016752
28,596.5708426016752
29,596.5708426016752
30,596.5708426016752
31,596.5708426016752
32,596.5708426016752
33,596.5708426016752
34,596.5708426016752
35,595.0670853056229
36,595.0670853056229
37,595.0670853056229
38,595.0670853056229
39,595.0670853056229
40,595.0670853056229
41,595.0670853056229
42,595.0670853056229
43,595.0670853056229
44,594.8596004497064
45,594.8596004497064
46,594.8596004497064
47,590.5628856745719
48,590.5628856745719
49,590.5628856745719
50,590.5628856745719
51,590.5628856745719
52,590.5628856745719
53,590.5628856745719
54,590.5628856745719
55,590.5628856745719
56,590.5628856745719
57,590.5628856745719
58,590.5628856745719
59,590.5628856745719
60,589.4664117243522
61,589.4664117243522
62,585.7651532326331
63,583.7828069653153
64,583.7828069653153
65,583.7828069653153
66,583.7828069653153
67,583.7828069653153
68,583.7828069653153
69,583.7828069653153
70,583.7828069653153
71,583.7828069653153
72,583.7828069653153
73,583.7828069653153
74,583.7828069653153
75,583.7828069653153
76,583.7828069653153
77,583.7828069653153
78,583.7828069653153
79,583.7828069653153
80,583.7828069653153
81,583.7828069653153
82,583.7828069653153
83,583.7828069653153
84,583.7828069653153
85,583.7828069653153
86,583.7828069653153
87,583.5353315215948
88,583.5353315215948
89,583.5353315215948
90,583.5353315215948
91,583.5353315215948
92,583.5353315215948
93,583.5353315215948
94,583.5353315215948
95,583.5353315215948
96,583.5353315215948
97,583.5353315215948
98,583.5353315215948
99,583.5353315215948
100,583.5353315215948
101,583.5353315215948
102,583.5353315215948
103,583.5353315215948
104,583.5353315215948
105,583.5353315215948
106,583.5353315215948
107,583.5353315215948
108,583.5353315215948
109,583.5353315215948
110,583.5353315215948
111,583.5353315215948
112,583.5353315215948
113,583.5353315215948
114,583.5353315215948
115,583.5353315215948
