epoch,fitness
0,1396098.4720957887
1,963.561746113001
2,506.2284852163193
3,482.0810417837317
4,392.36794665935196
5,357.0405153165133
6,357.0405153165133
7,356.6672727843925
8,356.6672727843925
9,356.06357066357947
10,356.06357066357947
11,355.10862140619207
12,355.10862140619207
13,355.10862140619207
14,355.10862140619207
15,355.10862140619207
16,355.10862140619207
17,355.10862140619207
18,355.10862140619207
19,355.10862140619207
20,355.10862140619207
21,355.10862140619207
22,355.10862140619207
23,355.10862140619207
24,355.10862140619207
25,355.10862140619207
26,355.10862140619207
27,355.10862140619207
28,355.10862140619207
29,355.10862140619207
30,355.10862140619207
31,355.10862140619207
32,354.86249310293675
33,354.86249310293675
34,354.86249310293675
35,354.86249310293675
36,354.86249310293675
37,354.86249310293675
38,354.86249310293675
39,354.8045092790664
40,354.8045092790664
41,354.8045092790664
42,354.8045092790664
43,354.8045092790664
44,354.8045092790664
45,354.8045092790664
46,354.8045092790664
47,354.8045092790664
48,354.8045092790664
49,354.8045092790664
50,354.8045092790664
51,354.8045092790664
52,354.8045092790664
53,354.8045092790664
54,354.8045092790664
55,354.8045092790664
56,354.64357174109836
57,354.64357174109836
58,354.64357174109836
59,354.64357174109836
60,354.64357174109836
61,354.64357174109836
62,354.64357174109836
63,354.64357174109836
64,354.64357174109836
65,354.64357174109836
66,354.63181503414575
67,354.63181503414575
68,354.63181503414575
69,354.63181503414575
70,354.63181503414575
71,354.63181503414575
72,354.63181503414575
73,354.63181503414575
74,354.63181503414575
75,354.63181503414575
76,354.63181503414575
77,354.63181503414575
78,354.63181503414575
79,354.63181503414575
80,354.63181503414575
81,354.63181503414575
82,354.62083423203296
83,354.62083423203296
84,354.39499846716575
85,354.39499846716575
86,354.39499846716575
87,354.39499846716575
88,354.39499846716575
89,354.39499846716575
90,354.39499846716575
91,354.39499846716575
92,354.39499846716575
93,354.39499846716575
94,354.39499846716575
95,354.39499846716575
96,354.39499846716575
97,354.39499846716575
98,354.39499846716575
99,354.39499846716575
100,354.39499846716575
101,354.35751023607486
102,354.35751023607486
103,354.35751023607486
104,354.35751023607486
105,354.35751023607486
106,354.35751023607486
107,354.27103655386975
108,354.27103655386975
