epoch,fitness
0,273.55035374100544
1,245.3211928769772
2,216.32026175946953
3,185.92816196018674
4,166.27070791889378
5,159.93276289701666
6,158.4069288396127
7,155.17452837818615
8,153.28909888205564
9,151.98001839371048
10,151.98001839371048
11,151.66674482810984
12,151.35796521387778
13,150.9407027305518
14,150.38059366698008
15,149.89382258368485
16,149.18231547781292
17,148.70941813932038
18,148.63495190110714
19,147.69250377991528
20,146.44987251113477
21,145.8487488014429
22,144.3499769473769
23,143.83817482020763
24,143.6951248961594
25,143.4964670176085
26,142.84187731915134
27,141.4695164341107
28,140.93699762341978
29,140.3119175303542
30,139.59889663438156
31,139.12526916729252
32,139.04030557405045
33,138.388639245546
34,137.8986330172002
35,137.71206429928267
36,137.03320076809413
37,135.91513910885976
38,135.91513910885976
39,135.91513910885976
40,135.91513910885976
41,135.6986388257676
42,135.6040942083635
43,135.30337129125863
44,134.95229312554397
45,134.95229312554397
46,134.95229312554397
47,134.16783812462066
48,134.16783812462066
49,133.6955836410272
50,133.6955836410272
51,133.6955836410272
52,133.6955836410272
53,133.6955836410272
54,133.6955836410272
55,132.57331651883547
56,132.57331651883547
57,132.26264462399308
58,132.26264462399308
59,132.26264462399308
60,132.26264462399308
61,132.26264462399308
62,132.14649374605037
63,132.14649374605037
64,131.36244492184565
