epoch,fitness
0,338.08805239331633
1,322.8995908924726
2,321.6161887142572
3,321.6161887142572
4,321.6161887142572
5,319.4302593046353
6,319.4302593046353
7,314.7628831449389
8,202.5877816529028
9,189.3465957026759
10,189.3465957026759
11,187.3135702942733
12,187.3135702942733
13,187.3135702942733
14,187.18527046445064
15,187.1395121242315
16,185.49623135972226
17,185.17701563764845
18,185.17701563764845
19,185.17701563764845
20,183.79390661314045
21,183.7679399972286
22,183.7654615847697
23,183.71089962235968
24,182.07267113855957
25,182.07267113855957
26,182.07267113855957
27,182.07267113855957
28,182.07267113855957
29,182.07267113855957
30,182.07267113855957
31,182.07267113855957
32,182.01723876135887
33,182.01723876135887
34,182.01723876135887
35,182.01723876135887
36,182.01723876135887
37,182.01155651790415
38,182.01155651790415
39,182.01155651790415
40,182.01155651790415
41,182.01155651790415
42,182.01155651790415
43,182.01155651790415
44,182.01155651790415
45,182.01155651790415
46,182.01155651790415
47,182.01155651790415
48,182.01155651790415
49,182.01155651790415
50,182.01155651790415
51,182.01155651790415
52,182.01155651790415
53,182.01155651790415
54,181.95278712710424
55,181.95278712710424
56,181.95278712710424
57,181.95278712710424
58,181.95278712710424
59,181.95278712710424
60,181.95278712710424
61,181.95278712710424
62,181.95278712710424
63,181.95278712710424
64,181.95278712710424
65,181.95278712710424
66,181.95278712710424
67,181.95278712710424
68,181.95278712710424
69,181.93476732494503
70,181.93476732494503
71,181.93476732494503
72,181.8723438795973
73,181.8723438795973
74,181.8723438795973
75,181.8723438795973
76,181.8723438795973
77,181.8723438795973
78,181.8723438795973
79,181.8723438795973
80,181.8620689406048
