epoch,fitness
0,322.1046457369168
1,311.8021549827636
2,198.49025134787925
3,196.32421590139398
4,191.40011763364456
5,187.36279226369612
6,185.22704456180787
7,183.4351330826
8,183.4351330826
9,183.4351330826
10,183.36901237132574
11,181.52187827815544
12,181.52187827815544
13,180.3791675910381
14,180.3791675910381
15,180.3791675910381
16,180.3791675910381
17,179.82188599882573
18,179.82188599882573
19,179.82188599882573
20,179.82188599882573
21,179.82188599882573
22,179.72560295811923
23,179.72560295811923
24,179.72560295811923
25,179.72560295811923
26,179.72560295811923
27,178.6021871591151
28,178.6021871591151
29,178.6021871591151
30,178.6021871591151
31,178.58293137499467
32,178.58293137499467
33,178.58293137499467
34,178.53644741096542
35,177.61914232957196
36,177.61914232957196
37,177.61914232957196
38,177.61914232957196
39,177.61914232957196
40,177.61914232957196
41,177.61914232957196
42,176.87651353685663
43,175.24629045351602
44,175.11090994641168
45,175.11090994641168
46,175.11090994641168
47,175.11090994641168
48,174.91444652340726
49,174.91444652340726
50,174.91444652340726
51,174.91444652340726
52,174.8941418266764
53,174.6817923680785
54,174.6817923680785
55,174.6817923680785
56,174.6817923680785
57,174.6817923680785
58,174.6817923680785
59,174.6817923680785
