epoch,fitness
0,1681.2123262781572
1,1519.3016992357025
2,835.9905218809809
3,762.1602960900127
4,744.1883346473829
5,744.1883346473829
6,744.1883346473829
7,674.5598245920517
8,666.615205212465
9,652.1552720872995
10,651.9375644231875
11,647.1938096970518
12,647.1938096970518
13,640.5673706771745
14,640.5673706771745
15,638.4568039704418
16,638.4568039704418
17,638.3608891683533
18,636.4198413888635
19,636.4198413888635
20,636.4198413888635
21,636.4198413888635
22,635.9453086139191
23,634.1320887036055
24,634.1320887036055
25,634.1320887036055
26,634.1320887036055
27,634.1320887036055
28,631.6777512932969
29,631.6777512932969
30,630.0588342021698
31,627.2371333561883
32,624.162590140919
33,624.162590140919
34,621.2109386972074
35,620.5007118984762
36,620.5007118984762
37,619.796341841927
38,619.796341841927
39,619.796341841927
40,619.796341841927
41,617.0344560363985
42,617.0344560363985
43,615.0757740942445
44,615.0757740942445
45,611.9746741327596
46,606.5581475909836
