epoch,fitness
0,1655.8602089655458
1,1032.537283320555
2,701.38256829858
3,594.9234858773484
4,594.9234858773484
5,591.9514200503087
6,591.9514200503087
7,590.861209824963
8,590.861209824963
9,590.861209824963
10,588.296905241612
11,588.296905241612
12,588.296905241612
13,588.296905241612
14,588.296905241612
15,586.5855121044065
16,586.3029611667812
17,586.3029611667812
18,584.9281410792846
19,575.6781414609566
20,575.6781414609566
21,575.6781414609566
22,575.6781414609566
23,575.3801565518505
24,575.3801565518505
25,573.9788727239112
26,572.7082013211041
27,572.7082013211041
28,572.7082013211041
29,572.5185800845866
30,572.5185800845866
31,570.3659020138648
32,570.3659020138648
33,570.3659020138648
34,570.3659020138648
35,570.3659020138648
36,570.3659020138648
37,570.3659020138648
38,570.3659020138648
39,570.3659020138648
40,570.3659020138648
41,570.0520319008555
42,570.0520319008555
43,570.0520319008555
44,570.0520319008555
45,570.0520319008555
46,570.0520319008555
47,569.7005715375838
48,567.7757183810565
49,565.7829093292052
50,565.3653602267693
51,562.2941742783978
52,562.1280053691273
53,560.3627808247751
54,556.4402347942889
55,556.4402347942889
56,556.4402347942889
57,556.4402347942889
58,556.4402347942889
59,556.4402347942889
60,556.4402347942889
61,554.9184918789568
62,554.9184918789568
63,554.9184918789568
64,554.9184918789568
65,554.9184918789568
