epoch,fitness
0,1550.9553882286887
1,1193.4726422837343
2,975.8954773943686
3,749.0517417806482
4,749.0517417806482
5,748.1147386139797
6,746.1317105936376
7,744.4147366224888
8,744.4147366224888
9,744.3790516436783
10,743.7985611213192
11,743.6454057761559
12,741.089808474003
13,741.089808474003
14,741.089808474003
15,740.4464523497762
16,737.600707030679
17,735.7179266018039
18,735.7179266018039
19,734.2013442470511
20,732.986437211038
21,732.6215888196238
22,731.384546254362
23,731.1318834369771
24,730.9281169877651
25,728.6439392947337
26,728.6439392947337
27,728.6439392947337
28,728.6439392947337
29,725.2616276119331
30,724.3539670978499
31,721.0230020058433
32,721.0230020058433
33,720.3013956035662
34,718.707746390067
35,718.707746390067
36,718.707746390067
37,718.707746390067
38,718.3026824178578
39,718.2816749840799
40,717.1577231306339
41,716.2333688320545
42,712.7934294225213
43,710.9056705670938
44,710.9056705670938
45,710.9056705670938
46,710.8444283542592
47,710.8444283542592
48,709.5092006928968
