epoch,fitness
0,876.8226549638867
1,753.9350067417107
2,714.2039027860465
3,392.75991624903804
4,349.5785076015876
5,349.5785076015876
6,344.4242593949132
7,342.8218220628582
8,342.45234549469683
9,342.45234549469683
10,342.45234549469683
11,338.55353659013446
12,338.55353659013446
13,338.55353659013446
14,338.55353659013446
15,338.55353659013446
16,336.97508324737464
17,336.97508324737464
18,336.1802972790758
19,336.1802972790758
20,336.1802972790758
21,334.41742310319285
22,334.41742310319285
23,334.0862869830127
24,334.0862869830127
25,331.82183622750097
26,331.82183622750097
27,331.82183622750097
28,331.82183622750097
29,331.578812407202
30,328.2082031420548
31,327.80324741267214
32,327.80324741267214
33,327.80324741267214
34,327.80324741267214
35,327.80324741267214
36,327.80324741267214
37,327.80324741267214
38,327.73505384019256
39,327.73505384019256
40,327.73505384019256
41,325.95745707259505
42,325.95745707259505
43,325.95745707259505
44,325.95745707259505
45,325.95745707259505
46,324.3400763132317
47,324.3400763132317
48,322.6716613932615
49,322.6716613932615
50,322.6716613932615
51,322.6716613932615
52,322.6716613932615
53,322.6716613932615
54,322.4876255800844
55,322.4876255800844
56,322.4876255800844
57,322.4876255800844
58,322.30982637438836
59,322.30982637438836
60,322.30982637438836
61,322.30982637438836
62,322.30982637438836
63,322.30982637438836
64,322.30982637438836
65,322.30982637438836
66,322.30982637438836
67,322.30982637438836
68,322.30982637438836
69,320.56109487334487
