epoch,fitness
0,1567.165769106627
1,1436.8909419846555
2,964.761901404321
3,743.5851405682886
4,740.6503182784713
5,740.6503182784713
6,740.6503182784713
7,738.9610238787877
8,738.8399143290851
9,738.6774296249088
10,738.6774296249088
11,738.6774296249088
12,738.6774296249088
13,736.4304351944988
14,736.0734597989493
15,736.0734597989493
16,736.0734597989493
17,736.0734597989493
18,736.0734597989493
19,736.0734597989493
20,735.66387467756
21,735.66387467756
