epoch,fitness
0,486.42146086606823
1,478.29913094813855
2,319.54084710181627
3,271.2156983080634
4,264.92086497413885
5,261.63810810141894
6,261.63810810141894
7,261.5236823949831
8,261.5236823949831
9,257.7293006643871
10,255.87852123372457
11,252.72882912198324
12,252.72882912198324
13,252.72882912198324
14,252.32250082252813
15,252.32250082252813
16,252.32250082252813
17,252.276767715548
18,251.03466480934048
19,249.47245044017725
20,249.47245044017725
21,249.20231241510385
22,249.20231241510385
23,249.20231241510385
24,248.88901013754642
25,247.90100850454942
26,247.35902293527573
27,246.50932674316041
28,245.96343431933124
29,244.458720093015
30,244.458720093015
31,243.08738235524396
32,243.08738235524396
33,242.80298694106142
34,242.80298694106142
35,242.80298694106142
36,242.80298694106142
37,242.70692879717402
38,242.70692879717402
39,242.70692879717402
40,242.70692879717402
41,242.62921569421903
42,242.62921569421903
43,242.62921569421903
44,242.62921569421903
45,241.70396201406376
46,241.70396201406376
47,241.70396201406376
48,241.70396201406376
49,241.70396201406376
50,241.70396201406376
51,239.81734032975163
52,239.81734032975163
53,239.81734032975163
54,239.81734032975163
55,239.81734032975163
56,239.81734032975163
57,237.87780690216192
58,237.87780690216192
59,237.87780690216192
