epoch,fitness
0,278.01059219783787
1,232.2810192743922
2,180.5424640825262
3,150.9196354515612
4,149.34967733706304
5,147.9149107329796
6,146.48873416010338
7,145.8796384716417
8,145.8796384716417
9,145.26927842572528
10,145.2073429737414
11,145.06918750047248
12,144.24976295937086
13,143.04269010048267
14,142.2955877682567
15,140.55035726934588
16,140.55035726934588
17,140.55035726934588
18,140.55035726934588
19,140.55035726934588
20,140.55035726934588
21,140.55035726934588
22,140.2280185331537
23,139.99708523895703
24,139.8694898816077
25,139.1997485640902
26,137.27055717536382
27,137.27055717536382
28,137.27055717536382
29,136.7826939148613
30,136.7826939148613
31,135.5104923466182
32,135.18546587078458
33,135.13777461285707
34,134.9542928782886
35,134.8359731839132
36,134.77047047540592
37,134.77047047540592
38,134.77047047540592
39,134.6967910047238
40,134.65869804860733
41,134.43278752777553
42,134.31804837442724
43,133.5095730214858
44,133.03918259575156
45,133.03918259575156
46,133.03918259575156
47,131.88170303608806
48,131.7136788833795
49,131.51584034961544
50,131.51584034961544
51,130.71372435775993
52,130.14698547275927
53,130.14698547275927
54,130.14698547275927
55,130.14698547275927
56,129.90865585922225
57,129.89631297249628
58,129.4024869103755
59,129.4024869103755
60,129.4024869103755
61,129.13578970635598
62,129.13578970635598
63,128.71612832853418
64,128.71612832853418
65,128.71612832853418
66,128.6490804479345
67,128.57778909372186
68,128.57778909372186
69,128.57778909372186
70,128.13762264038238
71,127.15828463692506
72,126.97330968912547
73,126.95099857963277
74,126.13597135887719
75,126.13597135887719
76,125.81057696124365
77,125.81057696124365
78,125.73928588061246
79,125.73928588061246
80,125.73928588061246
81,125.7351975826932
82,125.66301747156848
