epoch,fitness
0,1061.3241654735448
1,977.9286392501397
2,524.2953120994074
3,520.0747060921007
4,519.7498517035566
5,519.5546434270606
6,518.9273684523206
7,515.1049126497397
8,515.1049126497397
9,514.6072164321125
10,514.6072164321125
11,513.5358490492436
12,513.312567412646
13,513.312567412646
14,512.009261178781
15,512.009261178781
16,509.7968627621562
17,508.88216646385183
18,507.9479051007233
19,507.77171337556433
20,506.6913944532624
21,477.8228552471463
22,472.45910703246113
23,471.6551598786871
24,470.41367264946695
25,469.94193670388194
26,469.94193670388194
27,469.2631822716159
28,469.12024312081735
29,468.6265468516844
30,468.6265468516844
31,465.307106479479
32,465.307106479479
33,464.19684817510483
34,464.19684817510483
35,464.19684817510483
36,464.19684817510483
37,464.19684817510483
38,462.33435306905824
39,462.33435306905824
40,462.33435306905824
41,462.33435306905824
42,461.8894639635476
43,461.58528227112157
44,461.58528227112157
45,461.15044800349517
46,461.15044800349517
47,458.7405963513033
48,458.7405963513033
49,458.7405963513033
50,458.7405963513033
51,458.7405963513033
52,458.7405963513033
53,458.7405963513033
54,458.7405963513033
55,458.7405963513033
56,458.7405963513033
57,458.7405963513033
58,458.7405963513033
