epoch,fitness
0,1234.962461615778
1,1218.2739832047366
2,693.6890000675327
3,538.4360066643941
4,538.4360066643941
5,519.0186513368053
6,519.0186513368053
7,519.0186513368053
8,511.57875429894295
9,501.21994589722607
10,501.21994589722607
11,501.21994589722607
12,490.11381064403093
13,489.15912851441533
14,486.1721695446133
15,483.39746779096424
16,483.21872399447506
17,483.21872399447506
18,483.21872399447506
19,483.21872399447506
20,483.21872399447506
21,481.3735624338935
22,479.4174426180771
23,479.4174426180771
24,479.4174426180771
25,479.30812074040773
26,479.30812074040773
27,479.0604623692554
28,479.0604623692554
29,479.0604623692554
30,475.71266901327783
31,475.71266901327783
32,475.71266901327783
33,475.71266901327783
34,475.71266901327783
35,475.71266901327783
36,472.1691795588051
37,472.1691795588051
38,472.1691795588051
39,472.1691795588051
40,472.1691795588051
41,472.09377842309846
42,472.09377842309846
43,472.09377842309846
44,472.09377842309846
45,472.09377842309846
46,469.70230732805044
47,467.4878056952355
48,467.4878056952355
49,467.4878056952355
