epoch,fitness
0,1287.385826325096
1,894.4035509037651
2,447.86939031621665
3,447.86939031621665
4,442.6285630942767
5,442.6285630942767
6,442.6285630942767
7,442.6285630942767
8,442.6285630942767
9,442.6285630942767
10,442.21808311380767
11,442.21808311380767
12,440.41199625035256
13,440.41199625035256
14,440.41199625035256
15,440.41199625035256
16,440.41199625035256
17,440.41199625035256
18,440.41199625035256
19,440.41199625035256
20,440.41199625035256
21,440.41199625035256
22,440.41199625035256
23,440.41199625035256
24,440.41199625035256
25,440.41199625035256
26,440.41199625035256
27,440.41199625035256
28,440.41199625035256
29,440.3905856647278
30,440.3905856647278
31,438.9686075926922
32,438.9686075926922
33,438.9686075926922
34,436.6059145125408
35,436.6059145125408
36,431.9197179001813
37,431.9197179001813
38,431.9197179001813
39,431.9197179001813
40,431.9197179001813
41,431.9197179001813
42,431.9197179001813
43,431.9197179001813
44,431.9197179001813
45,431.9190880058586
46,431.9190880058586
47,431.9190880058586
48,431.9190880058586
49,431.9190880058586
50,431.9190880058586
51,431.9190880058586
52,431.9190880058586
53,431.9190880058586
54,431.9190880058586
55,431.9190880058586
56,431.9190880058586
57,431.9190880058586
58,431.9190880058586
59,431.9190880058586
60,431.9190880058586
61,431.9190880058586
62,431.9190880058586
63,431.9190880058586
64,431.9190880058586
