epoch,fitness
0,270.50418172766905
1,211.70710953741263
2,163.6529446051364
3,146.92284164327629
4,144.57079437446157
5,144.47437764309024
6,144.2042914544099
7,143.6038016416342
8,141.12350181560697
9,140.7291555700505
10,137.8133032778975
11,137.64592839678315
12,137.6226875339788
13,137.19014382628825
14,137.19014382628825
15,136.15831986172884
16,135.28373600743828
17,135.28373600743828
18,134.84429888602028
19,134.55138391051614
20,134.06821859418167
21,134.06821859418167
22,134.06821859418167
23,133.42425591001432
24,131.16845241823037
25,131.16845241823037
26,131.16845241823037
27,131.16845241823037
28,131.16845241823037
29,130.35105024560764
30,130.3018072769395
31,129.85456058550045
32,129.85456058550045
33,128.48825067913637
34,128.48825067913637
35,128.36977533128683
36,127.8999723178527
37,127.01399104553437
38,126.25774369247604
39,126.25774369247604
40,126.25774369247604
41,126.25774369247604
42,125.48714592257636
43,124.60916347243084
44,124.60916347243084
45,123.88367683698124
46,123.88367683698124
47,123.88367683698124
48,123.5772379301184
49,123.5772379301184
50,123.5772379301184
51,123.28647892870781
52,123.25452517725336
53,123.25452517725336
54,123.25452517725336
55,123.25452517725336
56,123.19540297087028
57,123.19540297087028
58,123.00969578932123
59,123.00969578932123
60,122.98502652396549
61,122.75439457123812
62,121.70851945909456
63,121.70851945909456
64,121.45712266999531
65,121.45712266999531
66,121.45712266999531
67,120.95081439397798
68,120.82609922795999
69,120.65303597551771
70,120.65303597551771
71,120.65303597551771
72,120.5986108936974
73,118.75148783122359
74,118.75148783122359
75,118.6207204447573
76,118.6207204447573
77,118.6207204447573
78,118.45939130325931
79,118.45939130325931
80,118.45939130325931
81,118.3156661811012
82,118.08386875454643
83,118.08386875454643
84,118.08386875454643
85,117.03876206209387
86,117.03876206209387
87,117.03876206209387
88,116.83357784876293
89,116.83357784876293
90,116.83357784876293
91,116.76610474258432
92,116.76610474258432
93,116.76610474258432
94,116.50242129141976
95,116.50242129141976
96,116.50242129141976
