epoch,fitness
0,286.91819251137036
1,264.13075512563285
2,221.32141556343808
3,208.74996245415977
4,159.43706726173914
5,147.2766119114448
6,144.43213995521145
7,144.10270349166234
8,144.10270349166234
9,142.92829627115603
10,142.7250636996427
11,140.90700213465223
12,139.75940351556218
13,139.6852503926626
14,138.28210737612258
15,138.00538054260863
16,138.00538054260863
17,137.63725813714115
18,137.42346369344378
19,137.2069763051568
20,136.077878058924
21,136.077878058924
22,136.077878058924
23,134.92612618003042
24,134.92612618003042
25,134.92612618003042
26,134.60404539937653
27,134.10397668734436
28,132.58066686389566
29,132.58066686389566
30,132.58066686389566
31,131.3906610685081
32,130.99195699615117
33,130.99195699615117
34,129.82625431464433
35,128.45132642923096
36,128.30993489777484
37,127.73656925774102
38,127.73656925774102
39,127.73656925774102
40,127.42127576061995
41,127.08721204705031
42,127.08721204705031
43,127.08721204705031
44,127.08721204705031
45,127.05246545360681
46,126.44777512841411
47,126.44777512841411
48,125.46454959214216
49,125.46454959214216
50,125.25452692306229
51,124.81284744829591
52,124.74223932668178
53,124.74223932668178
54,124.74223932668178
55,124.74223932668178
56,124.74223932668178
57,124.74223932668178
58,124.5519344434166
59,124.5519344434166
60,124.5519344434166
61,124.5519344434166
62,124.5519344434166
63,124.5519344434166
64,124.5519344434166
65,124.5519344434166
66,124.5519344434166
67,124.53813445719524
68,124.37463780771722
