epoch,fitness
0,838.8375992733141
1,780.2222869769802
2,629.4238343098776
3,463.6227320364899
4,463.6227320364899
5,457.3378378803315
6,434.098126624767
7,430.31154942736924
8,430.31154942736924
9,427.570134678956
10,427.570134678956
11,427.570134678956
12,427.570134678956
13,425.73471874484875
14,425.73471874484875
15,415.9812330087507
16,415.2747901705449
17,415.2747901705449
18,411.988906630627
19,411.988906630627
20,411.988906630627
21,411.988906630627
