epoch,fitness
0,1150.975675585114
1,862.9038555062045
2,710.4775224473352
3,605.5219535647908
4,605.5219535647908
5,605.5219535647908
6,605.5219535647908
7,604.9442821460608
8,602.7789053175972
9,601.7098551521882
10,601.524511927912
11,600.2941082455703
12,599.9146720841429
13,597.914308450248
14,597.914308450248
15,597.914308450248
16,597.914308450248
17,596.4900767979342
18,593.7480384418285
19,593.3566357013453
20,592.7442247552304
