epoch,fitness
0,1206.7750339325084
1,1068.6810948494494
2,762.9728273052862
3,582.3832494666424
4,581.7686821219323
5,580.0570940775611
6,579.6499883723799
7,574.7032470383095
8,574.7032470383095
9,574.7032470383095
10,574.0374284058357
11,573.7175286309686
12,571.9208163498404
13,571.9208163498404
14,571.9208163498404
15,571.770699204043
16,570.0221773954555
17,568.1937051177204
18,567.6647270122821
19,567.6647270122821
20,567.62626706071
21,565.3303724053851
22,565.3303724053851
23,565.3303724053851
24,565.3303724053851
25,562.8171263297538
26,562.1032083222266
27,562.1032083222266
28,562.1032083222266
29,562.1032083222266
30,562.1032083222266
31,562.0224045156579
32,561.4882704945453
33,560.857188978163
34,560.8407217766154
35,560.6044610797362
36,560.0196229876872
37,560.0196229876872
38,558.4022960851111
39,558.4022960851111
40,556.7965787010668
41,556.1279877487123
42,556.1279877487123
43,553.0945031517091
44,553.0945031517091
45,553.0945031517091
46,552.9951284500861
47,552.9951284500861
48,551.4784782419583
49,550.8070413188683
50,549.9645716924759
