epoch,fitness
0,730.455388541697
1,630.9625473833784
2,452.68332267768477
3,363.6944704839662
4,361.5971183100839
5,357.89327418101414
6,357.2525990340381
7,355.4080345274489
8,354.92903401606185
9,352.7326431391542
10,350.5046112390225
11,349.6982563018719
12,349.6982563018719
13,340.07093207535826
14,339.9853161377007
15,327.68954779778255
16,327.68954779778255
17,326.9145042277352
18,326.9145042277352
19,326.6747072122848
20,326.6747072122848
21,326.6747072122848
22,326.607908747362
23,326.607908747362
24,325.2981807405288
25,325.2981807405288
26,325.2981807405288
27,323.68800501056177
28,319.6432061845775
29,319.6432061845775
30,319.6432061845775
31,319.6432061845775
32,319.6432061845775
33,318.6512022401084
34,318.6512022401084
35,318.6512022401084
36,318.6512022401084
37,318.6512022401084
38,318.6512022401084
39,318.6512022401084
40,318.6512022401084
41,318.630561809185
42,317.8394222972497
43,317.8394222972497
44,317.6159637580834
45,317.6159637580834
46,317.6159637580834
47,317.6159637580834
48,317.6159637580834
49,317.6159637580834
50,317.6159637580834
51,317.6159637580834
52,317.6159637580834
53,317.6159637580834
54,317.6159637580834
55,317.3020283471071
56,316.7618958909002
57,316.7618958909002
