epoch,fitness
0,558.4961971258779
1,443.7166255271509
2,323.25910570834515
3,279.03551146172816
4,278.49186936820666
5,277.60174866936285
6,272.57890222867974
7,271.7949230187229
8,271.43898238414664
9,270.0723267131266
10,270.0723267131266
11,270.0723267131266
12,269.80253685356706
13,269.80253685356706
14,269.00468878744425
15,268.57863044270687
16,268.4598312003995
17,268.4598312003995
18,268.2248590903809
19,268.2248590903809
20,267.82001992836865
21,264.75275535663366
22,264.72206493696547
23,264.35300703054526
24,262.48090771845165
25,262.48090771845165
26,262.48090771845165
27,262.48090771845165
28,262.48090771845165
29,262.3753179591648
30,262.3753179591648
31,262.3753179591648
32,261.8538323219827
33,261.0250141884629
34,261.0250141884629
35,260.7754103416542
36,258.90187400962134
37,257.8918259734694
38,257.83581409781186
39,257.3156626875486
40,256.9061983450657
41,256.9061983450657
42,256.9061983450657
43,256.9061983450657
44,256.0419695498376
45,255.84031952867306
46,255.84031952867306
47,255.62457885375215
48,255.3723404925487
49,255.08800750878993
50,255.08800750878993
51,254.08747889322913
52,254.08747889322913
53,254.08747889322913
54,254.02914388296978
55,253.98755805304228
56,253.31079309246127
57,253.31079309246127
58,253.31079309246127
59,253.31079309246127
60,253.31079309246127
