epoch,fitness
0,1310.0717972178147
1,943.371759637262
2,431.85674245982125
3,431.85674245982125
4,428.12575728547364
5,427.95628453782837
6,423.61878128913844
7,423.61878128913844
8,421.32580712708807
9,418.96815367746996
10,418.96815367746996
11,418.96815367746996
12,418.96815367746996
13,418.96815367746996
14,417.3378588907788
15,417.3378588907788
16,417.3378588907788
17,417.3378588907788
18,417.3378588907788
19,417.3378588907788
20,417.3378588907788
21,417.30369851003246
22,417.30369851003246
23,417.30369851003246
24,417.30369851003246
25,417.30369851003246
26,417.30369851003246
27,417.30369851003246
28,417.30369851003246
29,417.30369851003246
30,417.30369851003246
31,417.30369851003246
32,417.30369851003246
33,415.97368863659534
34,415.97368863659534
35,415.97368863659534
36,415.97368863659534
37,415.97368863659534
38,415.97368863659534
39,415.97368863659534
40,415.7435863612452
41,415.7435863612452
42,415.7435863612452
43,415.7435863612452
44,415.7435863612452
45,415.7435863612452
46,415.7435863612452
47,414.5137521037263
48,414.5137521037263
49,414.5137521037263
50,414.45343357026945
51,414.45343357026945
52,414.45343357026945
53,414.44602729541475
54,414.44602729541475
55,414.44602729541475
56,414.44602729541475
57,414.44602729541475
58,414.44602729541475
59,414.44602729541475
60,414.44602729541475
61,414.44602729541475
62,414.44602729541475
63,414.44602729541475
64,414.44602729541475
65,414.44602729541475
66,414.44602729541475
