epoch,fitness
0,1595.073063254845
1,1042.4811706160888
2,599.3376950337857
3,582.7359739646257
4,558.8466019792871
5,558.8466019792871
6,558.8466019792871
7,555.93547194496
8,555.93547194496
9,554.0423930835708
10,552.4046836545868
11,548.9263004824239
12,548.9263004824239
13,548.9066683657429
14,548.9066683657429
15,546.244829585977
16,540.3800014376575
17,540.3800014376575
18,540.3800014376575
19,533.4427877379513
20,530.8602621931437
21,529.5592580022239
22,529.5592580022239
23,529.5592580022239
24,529.5592580022239
25,529.5592580022239
26,528.9475048126561
27,527.6792631290326
28,527.4397638131353
29,527.4397638131353
30,527.4397638131353
31,527.4397638131353
32,525.4510985173977
33,525.4510985173977
34,525.4510985173977
35,525.4510985173977
36,525.4510985173977
37,525.2046153224402
38,525.2046153224402
39,525.2046153224402
40,525.2046153224402
41,525.2046153224402
42,525.2046153224402
43,525.2046153224402
44,525.2046153224402
45,525.2046153224402
46,525.2046153224402
47,525.2046153224402
48,525.2046153224402
49,525.2046153224402
50,525.2046153224402
51,518.3996899849324
52,518.3996899849324
53,518.3996899849324
