epoch,fitness
0,278.54016747133096
1,275.92478878027936
2,186.0862307073482
3,150.05166214139652
4,147.91471150127074
5,147.91471150127074
6,145.7526031733754
7,144.38616076066074
8,144.38616076066074
9,144.38616076066074
10,143.22204207358735
11,142.16481658647038
12,141.02760610253674
13,141.02760610253674
14,141.02760610253674
15,140.2527955680841
16,139.3749442552672
17,139.3749442552672
18,139.18282246277977
19,137.97413475144901
20,137.9680220148474
21,137.9680220148474
22,137.78550643915392
23,137.78550643915392
24,137.08984638936678
25,136.26397375260603
26,135.84733269285596
27,135.84733269285596
28,135.6178754511784
29,135.48295834879698
30,135.40290736767068
31,135.179414064115
32,135.179414064115
33,133.77992451656453
34,133.77992451656453
35,133.77992451656453
36,133.42095890762334
37,133.42095890762334
38,131.61459934387256
39,131.61459934387256
40,130.98257896058885
41,130.36211756290606
42,130.19683718745256
43,129.89378588108966
44,129.89378588108966
45,129.5266762483319
46,129.5266762483319
47,129.5266762483319
48,129.5266762483319
49,129.5266762483319
50,129.5266762483319
51,129.18218899907305
52,128.7514839727235
53,128.7514839727235
54,128.7514839727235
55,128.62239906135017
56,128.46892713260954
57,128.27791183872355
58,128.27791183872355
59,128.22681726087856
60,128.1369854235485
61,128.1369854235485
62,127.63197673486812
63,127.398273140118
64,127.398273140118
65,127.19695485455198
66,125.7225173379846
67,125.58970585515253
68,124.83459887958634
