epoch,fitness
0,1525.3424910440044
1,925.36930864206
2,757.4622039159684
3,743.8791365997686
4,737.7801416799286
5,737.7801416799286
6,737.5476507568166
7,737.5476507568166
8,737.3885799410978
9,735.5732947214603
10,732.9502326561349
11,732.9502326561349
12,732.1407973753558
13,731.3524352541643
14,729.033636049788
15,728.2334157242826
16,728.1521634646919
17,725.7678501523443
18,725.7674235910873
19,725.1459928983973
20,724.7747949617075
21,723.2045808578737
22,723.0952043899256
23,723.0952043899256
24,714.1326431055696
25,714.1326431055696
26,710.4598980163594
27,710.4598980163594
28,645.3222993795767
29,645.3222993795767
30,645.3222993795767
31,645.3222993795767
32,645.3222993795767
33,645.3222993795767
34,645.3222993795767
35,645.3007443335798
36,645.3007443335798
37,645.3007443335798
38,645.3007443335798
39,645.3007443335798
40,644.436622315771
41,643.1129666988376
42,643.1129666988376
43,640.568728115516
44,639.7100259610086
45,639.609411877289
